:020000040802F0
:100000000000022089700208016D0208136D0208C9
:10001000216D02082F6D02083D6D020800000000EE
:10002000000000000000000000000000610803085C
:100030004B6D020800000000B10A03086DFE0208C3
:10004000FD700208596D0208FD700208FD7002087B
:10005000656D0208716D0208FD700208FD700208EE
:10006000FD700208FD700208FD700208FD700208B4
:10007000FD700208FD700208FD700208FD700208A4
:10008000FD700208FD700208FD700208816D020813
:10009000956D0208A96D0208BD6D0208FD70020889
:1000A000FD700208D16D0208FD700208FD700208A3
:1000B000FD700208E56D0208FD700208FD7002087F
:1000C000FD700208F96D02080D6E0208FD7002084D
:1000D000FD700208FD700208FD700208FD70020844
:1000E000FD700208FD700208FD700208FD70020834
:1000F000FD700208FD700208FD700208FD70020824
:10010000FD700208FD700208FD700208FD70020813
:10011000FD700208FD700208FD700208FD70020803
:10012000FD700208FD700208FD700208FD700208F3
:10013000FD700208FD700208FD700208FD700208E3
:10014000FD700208FD700208FD700208FD700208D3
:10015000FD700208FD700208216E0208FD700208A1
:10016000FD700208FD700208FD700208FD700208B3
:10017000FD700208FD700208356E020800000000E4
:08018000FD700208496E02083F
:1001900010B5054C237833B9044B13B10448AFF3C1
:1001A00000800123237010BD6C00002000000000BF
:1001B0000439030808B5034B1BB103490348AFF3E7
:1001C000008008BD00000000700000200439030812
:1001D00001F0FF01102A2BDB10F0070F08D010F8F8
:1001E000013B013A8B422DD010F0070F42B3F6D1FC
:1001F000F0B441EA012141EA014122F007047FF015
:1002000000070023F0E80256083C85EA010586EA6B
:10021000010685FA47F5A3FA87F586FA47F6A5FAA7
:1002200087F68EB9EED1F0BC01F0FF0102F00702B3
:1002300032B110F8013B013A83EA010313B1F8D15E
:100240000020704701387047002D06BF354603383F
:10025000073815F0010F07D1013015F4807F02BF78
:10026000013015F4C03F0130F0BC0138704700BFC9
:1002700053B94AB9002908BF00281CBF4FF0FF310D
:100280004FF0FF3000F088B9ADF1080C6DE904CEF5
:1002900000F006F8DDF804E0DDE9022304B0704761
:1002A0002DE9F047089D8E4604468846002B4AD12A
:1002B0008A42174662D9B2FA82F64EB1C6F12003DD
:1002C00001FA06F820FA03F3B74043EA0808B440FD
:1002D0004FEA174E1FFA87FCB8FBFEF1230C0EFB0A
:1002E000118843EA084301FB0CF29A4209D9FB1832
:1002F00001F1FF3080F0EA809A4240F2E780023953
:100300003B449A1AA3B2B2FBFEF00EFB102243EA62
:10031000024300FB0CFC9C4509D9FB1800F1FF329D
:1003200080F0D6809C4540F2D3803B44023840EABE
:100330000140A3EB0C0300211DB1F3400022C5E9ED
:100340000032BDE8F0878B4205D90DB1C5E9000147
:1003500000210846F5E7B3FA83F1002946D1734539
:1003600002D3824200F20581841A6EEB030201205F
:100370009046002DE5D0C5E90048E2E7002A00F0EC
:100380009080B2FA82F6002E40F0A4808A1A030C04
:100390004FEA174E80B2BCB20121B2FBFEFC0EFB4D
:1003A0001C2243EA024304FB0CF29A4207D9FB18D1
:1003B0000CF1FF3802D29A4200F2E080C4469B1A48
:1003C000B3FBFEF20EFB123340EA034302FB04F4DC
:1003D0009C4207D9FB1802F1FF3002D29C4200F286
:1003E000CA8002461B1B42EA0C40A5E7C1F1200669
:1003F0008B4022FA06F71F430EFA01F420FA06F3A7
:100400002EFA06FE4FEA1749234300FA01F81FFAB5
:1004100087FCBEFBF9F01C0C09FB10EE44EA0E440D
:1004200000FB0CFEA64502FA01F209D93C1900F1C5
:10043000FF3A80F09C80A64540F2998002383C4407
:10044000A4EB0E041FFA83FEB4FBF9F309FB13447B
:100450004EEA044403FB0CFCA44508D93C1903F103
:10046000FF3E80F08280A4457FD9023B3C4443EAB2
:100470000040A4EB0C04A0FB02EC64457346E1468B
:1004800062D35FD05DB1B8EB030264EB090404FAF8
:1004900006F622FA01F31E43CC40C5E900640021B0
:1004A0004FE7B1FBF2FC010C41EA0E4180B240EA99
:1004B00001423B4638463C46B846BE462026B1FB84
:1004C000F7F1A2EB080241EA0C4166E7014618E7A2
:1004D00010462CE7C6F120022EFA02F3B740B140D5
:1004E00020FA02F24FEA174E0A43B3FBFEF8BCB201
:1004F0000EFB1833110C41EA034108FB04F9B0402C
:1005000089454FEA104380B23ED9791808F1FF3C83
:1005100001D289451FD8A1EB0901B1FBFEF909FB06
:1005200004F80EFB191192B242EA0142424529D267
:10053000BA1809F1FF31C4D24245C2D2A9F1020171
:100540003A44BEE7F0459DD2BEEB02036CEB070CCC
:100550000138E14696E7A7EB09094944A8F1020CE6
:10056000B1FBFEF909FB04F8DBE773467FE7504671
:1005700066E70846FDE63B44023A33E7ACF1020C7D
:100580003B441CE749469CE7A1EB0901C446B1FB8B
:10059000FEF909FB04F8C4E7704700BF80B400AF60
:1005A0004F4B1B68002B11D14E4B1B6807EE903A46
:1005B000F8EE677A4C4BC3ED007A4C4B1B6807EEA4
:1005C000903AF8EE677A4A4BC3ED007A494B1B78B4
:1005D000032B02D1434B00221A60464B1B78022B9F
:1005E00073D1454B1B68002B6FD0444B1B680A33FB
:1005F000424A1360424B1B6807EE903AB8EE677AA6
:10060000DFED406AC7EE267A3F4BC3ED007A3F4BE1
:1006100093ED007A3C4BD3ED007A77EE277A3B4B93
:10062000C3ED007A3A4B93ED007A374BD3ED007A65
:1006300077EE277A364BC3ED007A304B1A68354B8C
:10064000A3FB02135B09642101FB03F3D31A002B04
:100650003BD12A4B1B68002B37D02C4BD3ED007AB3
:10066000DFED2D6A87EEA67A1F4BD3ED007A77EE89
:10067000277A1D4BC3ED007A254BD3ED007ADFEDD1
:10068000266A87EEA67A1A4BD3ED007A77EE277AA0
:10069000174BC3ED007A144BD3ED007AFCEEE77AEA
:1006A00017EE902A0F4B1A60114BD3ED007AFCEE37
:1006B000E77A17EE902A0D4B1A60144B4FF00002A8
:1006C0001A60134B4FF000021A60054B1B68013390
:1006D000034A136000BFBD465DF8047B704700BF4E
:1006E0000800001018000010240000101400001072
:1006F000280000100400001000000010100000107E
:10070000D0030010000061450C0000101C00001018
:10071000200000101F85EB510000C84280B582B058
:1007200002AF6E4BB4221A806D4BB4221A806D4B0F
:10073000B4221A806C4BB4221A806C4BB4221A80FB
:100740006B4B63221A706B4B63221A706A4B6322E5
:100750001A706A4B64221A70694B05221A70694B31
:10076000B4221A70684B40F24B121A80674B42F267
:1007700010721A80664B00221A60664B00221A70B3
:10078000654B00221A70654B00221A70644B4FF4BF
:10079000AA721A60634B42F210721A60624B6322B3
:1007A0001A70624B63221A70614B63221A70614B9C
:1007B00063221A70604B00221A70604B00221A707C
:1007C0005F4B00221A805F4B4FF6FF721A805E4B20
:1007D00000221A705D4B00221A605D4B00221A60E5
:1007E0005C4B00221A605C4B00221A705B4B0022AB
:1007F0001A705B4B4FF0FF321A605A4B4FF0FF32CA
:100800001A60594B63221A70584B63221A70584B66
:1008100063221A70574B63221A70574B63221A7067
:10082000564B63221A70564B09221A70554B63229D
:100830001A70554B00221A70544B00221A70544BF8
:1008400000221A70534B63221A7005F06FF80346AA
:100850001A46514B1A7062B600BF0A2006F01AFD04
:1008600072B600BF4C4B1B78002B30D1092004F02E
:10087000B9FF05F011F903469AB2484B1A800A20D5
:1008800004F0B0FF05F008F90346DAB2444B1A70E1
:10089000424B1B889C2B15D1414B1B78B42B11D19B
:1008A000404B01221A70404B1B6842F20F721A64CF
:1008B00000230093F0234FF4A0720021002004F0E5
:1008C000EDFF08E00121112003F0E8FE03E0012123
:1008D000112003F0E3FE00BFBD4680BDB40300104D
:1008E000B6030010B8030010BA030010BC030010D8
:1008F000BE030010BF030010C0030010C1030010AE
:10090000C2030010C3030010C4030010C60300108C
:10091000C8030010CC030010CD030010CE0300105C
:10092000D0030010D4030010D8030010D903001026
:10093000DA030010DB0300107403001075030010CD
:1009400076030010780300107A030010A80300104B
:10095000AC030010B0030010DC030010DD03001036
:10096000E0030010E4030010E9030010EA030010A4
:10097000EB030010EC030010ED030010EE03001079
:10098000EF03001064030010F4030010F5030010DF
:10099000F6030010F7030010590300106E03001057
:1009A0005703001058030010E803002080B500AF83
:1009B000084B1B78002B0AD1074B1B78012B06D064
:1009C000064B1B680133054A1360FFF7A7FE00BF03
:1009D00080BD00BF580300107B030010800300108F
:1009E00090B585B002AF7860A14B1A68A14B1B6827
:1009F0009A4200F039819F4B1B689D4A13609D4BC2
:100A00001B68092B2FD87B68B3F8F0007B68B3F81C
:100A1000F2107B68B3F8F4207B68B3F8F63000245A
:100A2000009404F03BFF7B68B3F8F8007B68B3F8F0
:100A3000FA10904B1A68002300934DF2B15304F062
:100A40009FFE7B68B3F80031553B98B27B68B3F8E2
:100A500002117B68D3F80421002300934DF2B153B7
:100A600004F068FE00E1834B1B68632B2FD87B6882
:100A7000B3F8F0007B68B3F8F2107B68B3F8F420A9
:100A80007B68B3F8F6300024009404F007FF7B681D
:100A9000B3F8F8007B68B3F8FA10764B1A680023B5
:100AA00000934DF2B15304F06BFE7B68B3F8003154
:100AB000443B98B27B68B3F802117B68D3F80421F9
:100AC000002300934DF2B15304F034FECCE0694BA7
:100AD0001B68B3F57A7F2FD27B68B3F8F0007B6890
:100AE000B3F8F2107B68B3F8F4207B68B3F8F63003
:100AF0000024009404F0D2FE7B68B3F8F8007B6811
:100B0000B3F8FA105B4B1A68002300934DF2B1530F
:100B100004F036FE7B68B3F80031333B98B27B6853
:100B2000B3F802117B68D3F80421002300934DF23F
:100B3000B15304F0FFFD97E04E4B1B6842F20F7279
:100B400093422FD87B68B3F8F0007B68B3F8F210BB
:100B50007B68B3F8F4207B68B3F8F6300024009487
:100B600004F09CFE7B68B3F8F8007B68B3F8FA10D9
:100B7000404B1A68002300934DF2B15304F000FE7D
:100B80007B68B3F80031223B98B27B68B3F802115E
:100B90007B68D3F80421002300934DF2B15304F095
:100BA000C9FD61E0334B1B68334A93422FD87B6801
:100BB000B3F8F0007B68B3F8F2107B68B3F8F42068
:100BC0007B68B3F8F6300024009404F067FE7B687D
:100BD000B3F8F8007B68B3F8FA10264B1A680023C4
:100BE00000934DF2B15304F0CBFD7B68B3F80031B4
:100BF000113B98B27B68B3F802117B68D3F80421EB
:100C0000002300934DF2B15304F094FD2CE07B6877
:100C1000B3F8F0007B68B3F8F2107B68B3F8F42007
:100C20007B68B3F8F6300024009404F037FE7B684C
:100C3000B3F8F8007B68B3F8FA100E4B1A6800237B
:100C400000934DF2B15304F09BFD7B68B3F80001B3
:100C50007B68B3F802117B68D3F80421002300936A
:100C60004DF2B15304F066FD00BF0C37BD4690BD98
:100C7000E0030010140000109F86010090B587B0BB
:100C800002AF7860444B1B680133434A1360002273
:100C9000424943480DF01EFD0022424940480DF0F4
:100CA000FBFD3E4B1A78404B1A703C4B5A783F4B39
:100CB0001A703A4B9A783E4B1A703A4B9A783D4BE1
:100CC0001A70384B5A783C4B1A70364BDA783B4BDB
:100CD0001A70344B1A783A4B1A702F4B1A68394BEA
:100CE000A3FB02131B09322101FB03F3D31A002BD0
:100CF0004DD1294B1B68002B49D02B4B1A78324B16
:100D00001A702A4B1A78314B1A70274B1B781A46E7
:100D100007F10C032E49184612F0A6F9234B1B7855
:100D20001A4607F108032A49184612F09DF97B6814
:100D300018887B6859887B689A887B68DB880024E0
:100D4000009404F0ABFD7B6818897B68598907F132
:100D50000C02002300934DF2B15304F0EBFC7B68CE
:100D6000188A7B68598A7B685A69002300934DF280
:100D7000B15304F0DFFC7B68188B7B68598B07F15B
:100D80000802002300934DF2B15304F0D3FC00BFDE
:100D90001437BD4690BD00BF8800002090030010AE
:100DA000F0020020A4030010660300106703001087
:100DB00068030010690300106A0300106B03001041
:100DC0006C0300101F85EB51BE030010BF03001021
:100DD0008439030890B585B002AF786072B600BF61
:100DE000684B1A78684B1A70684B1A78684B1A70FF
:100DF000684B1A78684B1A70684B1A78684B1A70EF
:100E0000674B1B78032B0ED8664B1B78022B0AD935
:100E1000654B1B78002B06D1614B1A78614B1A7019
:100E2000614B0A221A70584B1B78002B0ED05F4B77
:100E30001B78002B0AD15C4B1B78002B06D1524B40
:100E40001A785A4B1A70584B0C221A70504B1B7858
:100E5000002B0ED0564B1B78002B0AD1524B1B781F
:100E6000002B06D14A4B1A78514B1A704E4B052273
:100E70001A70494B1B78002B0ED04E4B1B78002B61
:100E80000AD1494B1B78002B06D1434B1A78494BAA
:100E90001A70454B0B221A70434B1B78002B67D0FE
:100EA000454B1B68B3F5167F44D2434B1B68132B8D
:100EB00003D8424B01221A7006E0414B1B78022BEB
:100EC00002D03E4B00221A703B4B1B6801333A4A5A
:100ED00013603C4B1B78002B4DD13A4B01221A700A
:100EE0007B68B3F840007B68B3F842107B68B3F8C6
:100EF00044207B68B3F846300024009404F0CEFC14
:100F0000294B1B781A4613469B001344DB002E4ADC
:100F10001A447B68DA647B68B3F848007B68B3F8EE
:100F20004A107B68DA6C002300934FF6FF7304F0DD
:100F300001FC20E01C4B1A78244B1A701A4B00223B
:100F40001A701D4B00221A601E4B00221A707B681B
:100F5000B3F840007B68B3F842107B68B3F84420D4
:100F60007B68B3F846300024009404F097FC02E05C
:100F7000114B00221A6062B600BF00BF0C37BD469D
:100F800090BD00BF3C060010F0030010E505001006
:100F9000F1030010E4050010F203001065030010D7
:100FA000F3030010F703001063030010F4030010B4
:100FB000F5030010F6030010A80300108C030010C6
:100FC00061030010CE0300102C0000106403001019
:100FD00090B587B002AF78604F4B1B6801334E4A23
:100FE00013607B68B3F8C830FB817B68B3F8CA3004
:100FF000BB817B68B3F8CC307B817B68B3F8CE30A3
:101000003B81464B1B78012B2BD1434B1B68642B38
:1010100010D17B895B089AB2FB89134498B27B8913
:101020005B089AB23B89B9894FF4FC64009404F0E0
:1010300035FC6DE0384B1B68C82B69D17B895B0898
:101040009AB2FB89134498B27B895B089AB23B89B8
:10105000B9890024009404F021FC2F4B00221A606F
:1010600056E02E4B1B78022B21D12B4B1B68642B97
:101070000BD17B895B089AB23B89B989F8894FF417
:10108000FC64009404F00AFC42E0234B1B68C82B6C
:101090003ED17B895B089AB23B89B989F8890024E3
:1010A000009404F0FBFB1C4B00221A6030E01B4B49
:1010B0001B78032B1DD1184B1B68642B09D13B896E
:1010C0007A89B989F8894FF4FC64009404F0E6FB4E
:1010D0001EE0114B1B68C82B1AD13B897A89B9894C
:1010E000F8890024009404F0D9FB0B4B00221A600D
:1010F0000EE0094B1B68002B0AD03B897A89B9891D
:10110000F8890024009404F0C9FB034B00221A6004
:1011100000BF1437BD4690BDAC0300105F03001044
:1011200090B585B002AF78604E4B1B78012B2AD169
:101130004D4B1B78002B40F091804B4B01221A70D5
:101140004A4B00221A707B68B3F850007B68B3F8F2
:1011500052107B68B3F854207B68B3F856304FF4D4
:101160007844009404F09AFB7B68B3F858007B68DD
:10117000B3F85A107B68DA6D002300934FF6FF73C3
:1011800004F0D8FA6AE0374B1B78022B49D1384B70
:101190001B680133364A1360344B00221A70344BFB
:1011A0001B684B2B22D17B68B3F850007B68B3F8E7
:1011B00052107B68B3F854207B68B3F856304FF474
:1011C0007844009404F06AFB7B68B3F858007B68AD
:1011D000B3F85A107B68DA6D002300934FF6FF7363
:1011E00004F0A8FA234B01221A7037E0204B1B6849
:1011F000962B33D17B68B3F850007B68B3F852105C
:101200007B68B3F854207B68B3F856300024009410
:1012100004F044FB174B00221A70154B00221A6091
:101220001CE0124B1B78002B12D1104B01221A70BC
:101230007B68B3F850007B68B3F852107B68B3F852
:1012400054207B68B3F856300024009404F026FB49
:10125000074B00221A60044B00221A7000BF0C37A3
:10126000BD4690BD61030010CC030010CD030010FB
:10127000B00300108C03001090B585B002AF786009
:10128000AA4B1A78AA4B1B789A4222D0A84B1A78FC
:10129000A64B1A707B68B3F878007B68B3F87A10B5
:1012A000002300931123332204F0F8FAA04B1B789B
:1012B000012B0ED17B68B3F880007B68B3F88210F5
:1012C0007B68D3F88420002300934FF4FC6304F080
:1012D00031FA984B1A78984B1B789A4224D0964B47
:1012E0001A78944B1A707B68B3F878303C3398B214
:1012F0007B68B3F87A10002300931123332204F0A3
:10130000CDFA8D4B1B78012B0ED17B68B3F888008A
:101310007B68B3F88A107B68D3F88C200023009395
:101320004FF6E07304F006FA844B1A78844B1B786E
:101330009A4224D0824B1A78804B1A707B68B3F89B
:101340007830783398B27B68B3F87A100023009332
:101350001123332204F0A2FA794B1B78012B0ED112
:101360007B68B3F890007B68B3F892107B68D3F881
:101370009420002300934FF4FC6304F0DBF9714BDD
:101380001A78714B1B789A4224D06F4B1A786D4BA8
:101390001A707B68B3F87830B43398B27B68B3F8CE
:1013A0007A10002300931123112204F077FA664B80
:1013B0001B78022B0ED17B68B3F898007B68B3F8DA
:1013C0009A107B68D3F89C20002300934FF620539B
:1013D00004F0B0F95D4B1A785D4B1B789A4224D02B
:1013E0005B4B1A78594B1A707B68B3F878007B68AE
:1013F000B3F87A301E3399B20023009311234422AC
:1014000004F04CFA524B1B78012B0ED17B68B3F8D9
:10141000B0007B68B3F8B2107B68D3F8B420002327
:1014200000934FF6205304F085F94A4B1A784A4B43
:101430001B789A4230D0484B1A78464B1A707B681A
:10144000B3F878007B68B3F87A303C3399B2002364
:1014500000931123332204F021FA7B68B3F8A8002B
:101460007B68B3F8AA103C4B1B7810331A46002354
:1014700000934FF6205304F083F97B68B3F8A00083
:101480007B68B3F8A2107B68D3F8A42000230093F4
:101490004FF6205304F04EF9304B1A78304B1B783E
:1014A0009A4231D02E4B1A782C4B1A707B68B3F8C5
:1014B0007830503398B27B68B3F87A301E3399B2E3
:1014C000002300931123332204F0E8F97B68B3F87A
:1014D000C0007B68B3F8C210214B1B781A4600236A
:1014E00000934FF6205304F04BF97B68B3F8B80033
:1014F0007B68B3F8BA107B68D3F8BC200023009354
:101500004FF6205304F016F9164B1A78164B1B7839
:101510009A4265D0144B1A78124B1A70124B1B78F2
:10152000632B23D9104B63221A701FE0E9030010CC
:1015300084030010EA03001085030010EB03001081
:1015400086030010EC03001087030010EE03001068
:1015500089030010ED03001088030010EF03001052
:101560008A030010C1030010650300107B68188C0B
:101570007B68598C7B689A8C7B68DB8C0024009498
:1015800004F08CF9684B1B78092B0FD87B681B8DF6
:10159000113398B27B68598D634B1B781A46002330
:1015A00000934DF2B15304F0EBF80CE07B68188D1A
:1015B0007B68598D5C4B1B781A46002300934DF2D3
:1015C000B15304F0DDF87B681B8D223398B27B6841
:1015D000598D002300934DF2B153544A04F0AAF8F8
:1015E000534B1A78534B1B789A4205D1524B1A78B9
:1015F000524B1B789A425CD04E4B1A784C4B1A7067
:101600004E4B1A784C4B1A707B68B3F860007B68BD
:10161000B3F862107B68B3F864207B68B3F8663077
:101620000024009403F0B4FF424B1B78032B3FD8F7
:1016300001A252F823F000BF4916020863160208FF
:10164000971602087D1602087B68188F7B68598FF1
:101650007B68B3F81A3100220092394A04F06AF824
:1016600027E07B68188F7B68598F7B68B3F81A3145
:1016700000220092334A04F05DF81AE07B68188F6C
:101680007B68598F7B68B3F81A31002200922E4A8A
:1016900004F050F80DE07B68188F7B68598F7B68E9
:1016A000B3F81A3100220092284A04F043F800E00F
:1016B00000BF274B1B78012B17D1264B1A78244BE0
:1016C0001B789A4211D0224B1A78224B1A707B68F1
:1016D000B3F868007B68B3F86A107B68DA6E0023A1
:1016E00000931F2304F026F819E0194B1B78002BF8
:1016F00015D1184B1A78164B1B789A420FD0144B01
:101700001A78144B1A707B68B3F868007B68B3F8DA
:101710006A10002300931F230F4A04F00BF800BF48
:101720000C37BD4690BD00BF65030010503903085B
:10173000C20300105B030010C3030010600300101D
:101740008C39030890390308943903089839030841
:101750005C030010C00300109C39030890B585B0ED
:1017600002AF7860974B1B781A46974B1B889A42BA
:1017700006D1964B1A78964B1B789A4200F09980C6
:10178000934B1A78914B1A708E4B1B781A468E4BDE
:101790001A808C4B1B781A468E4B1A608D4B1B6837
:1017A000092B2BD87B68B3F8D210002300931423A5
:1017B0006622002004F072F87B68B3F8D0007B68E2
:1017C000B3F8D2107B68D3F8D4207B68B3F81A3111
:1017D0000024009403F0AEFF7B68B3F8D030183BD0
:1017E00098B27B68B3F8D2107A4B1A687B68B3F86A
:1017F0001A310024009403F0C3FF5AE0754B1B68B4
:10180000632B2BD87B68B3F8D210002300931423EA
:101810006622002004F042F87B68B3F8D0007B68B1
:10182000B3F8D2107B68D3F8D4207B68B3F81A31B0
:101830000024009403F07EFF7B68B3F8D030283B8F
:1018400098B27B68B3F8D210624B1A687B68B3F821
:101850001A310024009403F093FF2AE07B68B3F868
:10186000D2100023009314236622002004F016F8FF
:101870007B68B3F8D0007B68B3F8D2107B68D3F8EC
:10188000D4207B68B3F81A310024009403F052FF8F
:101890007B68B3F8D0303C3B98B27B68B3F8D21089
:1018A0004C4B1A687B68B3F81A310024009403F09B
:1018B00067FF494B1B781A46484B1B889A4206D152
:1018C000474B1A78424B1B789A4200F0EB80424B10
:1018D0001B781A46414B1A803F4B1B781A46414BE6
:1018E0001A60404B1B6841F6583202FB03F33E4A34
:1018F000A2FB0323DB093B4A1360354B1A78384BB4
:101900001A70384B1B68092B2BD87B68B3F8DA1098
:10191000002300931423BE22BE2003F0BFFF7B6888
:10192000B3F8D8007B68B3F8DA107B68D3F8DC2012
:101930007B68B3F81A310024009403F0FBFE7B6847
:10194000B3F8D830183B98B27B68B3F8DA10254B5F
:101950001A687B68B3F81A310024009403F010FF72
:10196000A0E0204B1B68632B40D87B68B3F8DA10EB
:10197000002300931423BE22BE2003F08FFF7B6858
:10198000B3F8D8007B68B3F8DA107B68D3F8DC20B2
:101990007B68B3F81A310024009403F0CBFE7B6817
:1019A000B3F8D830283B98B27B68B3F8DA100D4B07
:1019B0001A687B68B3F81A310024009403F0E0FE43
:1019C00070E000BF5D030010C4030010D8030010D6
:1019D00060030010D00300105E030010C603001067
:1019E000D9030010D4030010818080802F4B1B6826
:1019F000B3F57A7F2BD27B68B3F8DA10002300931B
:101A00001423BE22BE2003F049FF7B68B3F8D80040
:101A10007B68B3F8DA107B68D3F8DC207B68B3F816
:101A20001A310024009403F085FE7B68B3F8D830A7
:101A30003C3B98B27B68B3F8DA101C4B1A687B68A1
:101A4000B3F81A310024009403F09AFE2AE07B6870
:101A5000B3F8DA10002300931423BE22BE2003F053
:101A60001DFF7B68B3F8D8007B68B3F8DA107B6899
:101A7000D3F8DC207B68B3F81A310024009403F01B
:101A800059FE7B68B3F8D8304D3B98B27B68B3F809
:101A9000DA10064B1A687B68B3F81A3100240094F8
:101AA00003F06EFE00BF0C37BD4690BDD40300109E
:101AB00090B585B002AF78605E4B1B781A465E4BDE
:101AC0001B8802FB03F35D4A82FB03121A44D21106
:101AD000DB17D31A9AB25A4B1A805A4B1B781A4604
:101AE000554B1B8802FB03F3544A82FB03121A4432
:101AF000D211DB17D31A9AB2534B1A80534B1A8860
:101B00004F4B1B889A4205D1514B1A78514B1B7889
:101B10009A423FD04F4B1A784D4B1A70484B1A8857
:101B20004A4B1A807B68B3F8E0007B68B3F8E62084
:101B3000414B1B88D31A99B27B68B3F8E4207B68C9
:101B4000B3F8E030D31A9CB23B4B1A883C4B1B884D
:101B5000D31A9BB200220092224603F09FFE7B68BC
:101B6000B3F8E0007B68B3F8E620354B1B88D31A46
:101B700099B27B68B3F8E4207B68B3F8E030D31AFD
:101B80009AB22F4B1C887B68B3F81E310093234612
:101B900003F084FE304B1A882B4B1B889A4205D1E8
:101BA0002E4B1A782B4B1B789A423FD0294B1A7830
:101BB0002A4B1A70244B1A88274B1A807B68B3F87B
:101BC000E8007B68B3F8EE201B4B1B88D31A99B250
:101BD0007B68B3F8EC207B68B3F8E830D31A9CB28A
:101BE000154B1A88184B1B88D31A9BB200220092FF
:101BF000224603F053FE7B68B3F8E8007B68B3F835
:101C0000EE20114B1B88D31A99B27B68B3F8EC20F5
:101C10007B68B3F8E830D31A9AB20B4B1C887B6808
:101C2000B3F81C310093234603F038FE00BF0C3795
:101C3000BD4690BD5D030010BC0300108180808014
:101C4000B40300105E030010B6030010B8030010C8
:101C5000DA03001060030010BA030010DB03001069
:101C600080B400AF134B1B78012B0FD1124B1B68B4
:101C70001B6C40F6C312934217D90F4B1B681A6CAA
:101C80000D4B1B68A2F5FA721A640EE00A4B1B6832
:101C90001B6C42F20E72934207D8074B1B681A6CFA
:101CA000054B1B6802F5FA721A6400BFBD465DF869
:101CB000047B704786030010E803002080B500AF66
:101CC0000648FFF74BFD0548FFF7F2FE0348FFF714
:101CD000D3FA0248FEF784FE00BF80BD3402001034
:101CE00080B582B002AF0D4B01221A700023009321
:101CF000F0234FF4A0720021002003F0CFFD084B29
:101D00001B6800221A6400220121064809F07EFAAD
:101D1000282003F067FD00BFBD4680BD54030010BE
:101D2000E80300200008024080B582B002AF284BD3
:101D30001B78002B0BD1264B01221A700023009335
:101D4000F0234FF4A0720021002003F0A7FD214BE7
:101D50001B78052B26D81F4B1B780133DAB21D4B9D
:101D60001A701D4B1B884DF20652934207D81A4B2E
:101D70001B8803F52B5338339AB2174B1A80164B36
:101D80001B8800220092154A6421642003F0D2FCD3
:101D9000114B1B8800220092114A7D217D2003F007
:101DA000C9FC12E00023009314238C2264216420D8
:101DB00003F074FD00230093142350227D217D2025
:101DC00003F06CFD074B01221A7000BFBD4680BDB9
:101DD000DD0300107403001076030010A03903081F
:101DE000AC3903085503001080B582B002AF674BD1
:101DF00000221A70664B1B78002B40F09D80644BCC
:101E000001221A7000230093F0234FF4A0720021E6
:101E1000002003F043FD5F4BB4221A805E4BB422D6
:101E20001A805E4BB4221A805D4BB4221A805D4B3F
:101E3000B4221A805C4BB4221A705C4BB4221A7024
:101E40005B4BB4221A705B4B64221A705A4B05220A
:101E50001A705A4BB4221A70594B40F24B121A8026
:101E6000584B42F210721A80574B00221A60574B9F
:101E700000221A70564B00221A70564B00221A701C
:101E8000554B40F24B121A60544B42F210721A60DA
:101E9000534BB4221A70534BB4221A70524BB422D3
:101EA0001A70524BB4221A70514B00221A70514BC7
:101EB00000221A70504B00221A80504B4FF6FF72CE
:101EC0001A804F4B00221A604E4B00221A604E4B74
:101ED00000221A604D4B00221A704D4B4FF0FF321A
:101EE0001A604C4B4FF0FF321A604B4B63221A7052
:101EF0004A4B63221A704A4B63221A70464B632284
:101F00001A70484B63221A70474B63221A70474B72
:101F100063221A70464B09221A70464B00221A702F
:101F2000454B00221A70454B00221A70444B002288
:101F30001A70444B63221A702E4B1B78052B1DD848
:101F40002C4B1B780133DAB22A4B1A702B4B1B88AF
:101F500042F6F822934207D9284B1B88A3F52B534E
:101F6000383B9AB2254B1A80244B1B8800220092E2
:101F7000354A6421642003F0DDFB04E0334B022288
:101F80001A70FFF7ADFE00BFBD4680BD55030010BF
:101F9000DC030010B4030010B6030010B8030010F7
:101FA000BA030010BC030010BE030010BF030010F2
:101FB000C0030010C1030010C2030010C3030010CF
:101FC000C4030010C6030010C8030010CC030010A7
:101FD000CD030010CE030010D0030010D403001076
:101FE000D8030010D9030010DA030010DB0300103F
:101FF00074030010750300107603001078030010BE
:10200000A8030010AC030010B0030010DD030010A3
:10201000E0030010E4030010E9030010EA030010DD
:10202000EB030010EC030010ED030010EE030010B2
:10203000EF03001064030010F4030010F503001018
:10204000F6030010F7030010B4390308560300101C
:1020500080B582B002AF2D4B1B68002B16D12C4BE4
:102060001B682A4A136000230093F0234FF4A072E8
:102070000021002003F012FC4FF478430093F0237A
:102080004FF4A0720021002003F008FC204B1A68D6
:102090001E4B1B68D31AC82B0AD14FF4FC63009364
:1020A000F0234FF4A0720021002003F0F7FB10E0B2
:1020B000174B1A68154B1B68D31AB3F5C87F08D1A4
:1020C0001F230093F0234FF4A0720021002003F09F
:1020D000E5FB0F4B1A680D4B1B68D31AB3F5167F3F
:1020E00010D900230093F0234FF4A07200210020A8
:1020F00003F0D4FB074B00221A70044B00221A6035
:1021000000F00AF800BFBD4680BD00BFC803001044
:10211000700300107C03001080B400AF444B002219
:102120001A60444B00221A60434B00221A60434B52
:10213000B4221A80424BB4221A80424BB4221A8035
:10214000414BB4221A80414BB4221A80404B632287
:102150001A70404B63221A703F4B63221A703F4B38
:1021600064221A703E4B05221A703E4B63221A708D
:102170003D4B40F24B121A803C4B42F210721A80D7
:102180003B4B00221A603B4B00221A703A4B002254
:102190001A703A4B00221A70394B4FF4AA721A6027
:1021A000384B42F210721A60374B63221A70374B69
:1021B00063221A70364B63221A70364B63221A70F0
:1021C000354B00221A70354B00221A70344B4FF0F9
:1021D000FF321A60334B4FF0FF321A60324B6322EA
:1021E0001A70324B63221A70314B63221A70314BD2
:1021F00063221A70304B63221A70304B63221A70BC
:102200002F4B63221A702F4B00221A702E4B002284
:102210001A702E4B00221A702D4B00221A702D4B73
:1022200063221A7000BFBD465DF8047B704700BF93
:10223000A8030010AC030010B0030010B40300109A
:10224000B6030010B8030010BA030010BC0300105E
:10225000BE030010BF030010C0030010C103001034
:10226000C2030010C3030010C4030010C603001013
:10227000C8030010CC030010CD030010CE030010E3
:10228000D0030010D4030010D8030010D9030010AD
:10229000DA030010DB030010DC030010DD03001084
:1022A000E0030010E4030010E9030010EA0300104B
:1022B000EB030010EC030010ED030010EE03001020
:1022C000EF03001064030010F4030010F503001086
:1022D000F6030010F703001080B582B002AF72B6AB
:1022E00000BF9E4B1B78002B0BD19D4B1B78022B04
:1022F00007D0002201219B4808F088FF9A4B00225A
:102300001A709A4B1B78012B40F01281984B1B7866
:10231000002B00F0E080964B1B78022B00F2DB8054
:10232000934B1A78934B1A70934B1B78012B1AD14D
:1023300000F036F9FFF794FC904B1B78002B0BD183
:102340008F48FEF745FE8E48FEF798FC8C48FEF756
:10235000E7FE8B48FEF73EFD834B1B781A460121B2
:10236000804808F053FF854B1B78002B40F09F807E
:10237000844B1A78814B1B789A420ED07F4B1A7887
:10238000804B1A70FFF7C8FE00230093F0234FF430
:10239000A0720021002003F081FA7B4B1B78012BF7
:1023A0000DD1794B00221A70734B00221A70774BB3
:1023B00001221A706D4B00221A70FEF7F7FA6E4B6D
:1023C0001B78002B17D1724B1A68724BA3FB0213B8
:1023D0001B09322101FB03F3D31A002B40F0B2801A
:1023E0006B4B1B68002B00F0AD80FFF79DFC674B2B
:1023F00001221A70A6E0684B1B78002B54D1674B62
:102400001A785F4B83F818215D4B93F81831002B35
:102410000FD15B4B4FF63672A3F81A21584B4BF293
:102420000412A3F81E21564B4EF65572A3F81C2138
:1024300027E0534B93F81831012B0FD1504B49F63D
:102440006662A3F81A214E4B4FF62052A3F81E21C4
:102450004B4B4FF47842A3F81C2112E0484B93F801
:102460001831022B0DD1464B1922A3F81A21444BE7
:1024700048F27D62A3F81E21414B40F2FF72A3F89F
:102480001C21434B1A68434BA3FB02131B09322147
:1024900001FB03F3D31A002B54D13D4B1B68002BD7
:1024A00050D0FFF70BFC4DE0FFF7D2FD4AE0354B73
:1024B0001A78324B1B789A4244D0304B1A78314B01
:1024C0001A7000230093F0234FF4A0720021002023
:1024D00003F0E4F936E0264B1B78002B33D1254B73
:1024E0001B78002B2FD0254B00221A70274B1B780E
:1024F000012B12D1264B1A68264BA3FB02131B0992
:10250000322101FB03F3D31A002B1CD1204B1B6893
:10251000002B18D0FFF768FC15E01C4B1B78022B32
:1025200011D1194B1B78002B0DD1FFF7D9FB0AE015
:10253000154B1B78002B02D1FFF7D2FB03E0FEF70F
:1025400035FA00E000BF124B1B680133104A1360DC
:1025500062B600BF00BFBD4680BD00BF6303001070
:1025600061030010000802408C03001058030010A3
:102570005A0300107A030010550300108B0300105B
:1025800034020010E803001054030010560300103A
:10259000700300101F85EB517C03001060030010D6
:1025A00080B500AF2E4B1B68002B05D102F00CFC50
:1025B00003461A462B4B1A702A4B1B78002B41D12D
:1025C000294B1B68002B3DD1284B1B68042B39D0AD
:1025D000274B1B78002B07D103F09EF90346254AB1
:1025E0001360234B01221A70234B1B78012B03D05D
:1025F000224B1B78022B1AD1214B1B78002B16D0B3
:10260000204B1B78002B1BD11F4B1B6801331E4A2C
:1026100013601D4B1B68C82B12D11A4B01221A7074
:10262000144B1B681946002002F098FC08E0154B7B
:1026300000221A70144B00221A6002F0BDFC07E061
:1026400000BF05E002F0C0FB03461A46054B1A70B6
:10265000034B1B680133024A136000BF80BD00BFFB
:10266000F803001008040010000400100404001017
:102670008C00002090000020FC0300105B03001081
:102680005A0300108B0300109400002080B582B024
:1026900000AF934805F012FD03461A46914B1A60AD
:1026A000914B1B68002B67D18D4805F03DF88F4B8F
:1026B00048F612721A608D4B1B681946884805F05F
:1026C000AEFA8B4B03221A708A4B01221A61894B96
:1026D00000229A60874B4FF400721A60864B1A787A
:1026E000864B1A70864B854A82497D4805F0A5F8CD
:1026F000804B08221A617F4B00229A607D4B40F28A
:1027000099221A607C4B1B780133DAB27A4B1A702B
:102710007C4B1B681B0EDAB2784B1A70794B1B6826
:102720001B0CDAB2754B5A70764B1B681B0ADAB277
:10273000724B9A70734B1B68DAB2704BDA70724B43
:102740001B681B0EDAB26D4B1A716F4B1B681B0CAA
:10275000DAB26A4B5A716C4B1B681B0ADAB2674BD0
:102760009A71694B1B68DAB2644BDA71644B634A45
:1027700060495B4805F061F85D4B1B78022B04D083
:102780005B4B1B78032B40F06181594B1B78042B6A
:1027900000F05C810023FB7107E0FB795B4A0021BC
:1027A00042F82310FB790133FB71FB79142BF4D928
:1027B000574B1B680133564A1360564B1B68013355
:1027C000544A1360544B1B680133534A1360534BF4
:1027D0001B680133514A1360514B1B680133504A47
:1027E00013604B4B1B68B3F5FA6F16D90121122009
:1027F00001F054FF4B4B00221A704B4B00221A7011
:102800004A4B00221A704A4B00221A70494B002290
:102810001A70494B00221A7003E00021122001F0C7
:102820003DFF3C4B1B68B3F5FA6F13D90121132010
:1028300001F034FF414B00221A70414B00221A7004
:10284000404B00221A70404B00221A703F4B00226E
:102850001A7003E00021132001F020FF2E4B1B68AB
:10286000B3F5FA6F07D90121152001F017FF384B96
:1028700000221A7003E00021152001F00FFF274B02
:102880001B68B3F5FA6F10D90121142001F006FF7F
:10289000304B00221A70304B00221A702F4B00224E
:1028A0001A702F4B00221A7003E00021142001F04F
:1028B000F5FE1A4B1B68B3F5FA6F53D901211420AA
:1028C00001F0ECFE234B00221A70234B00221A70F9
:1028D000224B00221A70224B00221A7046E000BFE1
:1028E000CC0000201C0400101804001098000020E8
:1028F000CC040010A004001018050010B80400104B
:10290000C004001014000010180000102004001073
:102910000805001004050010140500100C05001037
:1029200010050010DC040010DB040010D7040010B8
:10293000D3040010D6040010DF040010CE040010F1
:10294000CF040010D0040010D2040010D9040010ED
:10295000DA040010DD040010D4040010DE040010BE
:10296000D50400100021142001F098FE534B1A6882
:10297000534BA3FB02135B09CF2101FB03F3D31AD3
:10298000002B19D14F4B01221A614E4B00229A6045
:102990004C4B4FF400721A604B4B1B780133DAB288
:1029A000494B1A70484B1A78484B1A70484B474AA3
:1029B0004449484804F041FF404B1A68464BA3FB8A
:1029C00002139B09CD2101FB03F3D31A002B3DD148
:1029D0003C4B08221A613B4B00229A60394B40F273
:1029E00099221A603D4B1B681B0EDAB2374B1A70E6
:1029F0003A4B1B681B0CDAB2344B5A70374B1B68CE
:102A00001B0ADAB2314B9A70344B1B68DAB22F4B87
:102A1000DA70334B1B681B0EDAB22C4B1A71304B39
:102A20001B681B0CDAB2294B5A712D4B1B681B0A11
:102A3000DAB2264B9A712A4B1B68DAB2234BDA7151
:102A4000234B224A1F49234804F0F7FE254B1B68FD
:102A5000B3F57A7F02D3244B01221A70224B1B78E4
:102A6000012B02D1214B01221A70204B1B78012B24
:102A700008D1184804F0C1FE0346002B02D11548C6
:102A800004F096FE174B1B680133164A13600B4B7C
:102A90001B680133094A13600023BB7106E0BB7950
:102AA0000A4A0021D154BB790133BB71BB79072B92
:102AB000F5D900BF00BF0837BD4680BD180400101F
:102AC000492B9327A004001018050010B80400102B
:102AD000C0040010CC000020FF04EC4F14000010D4
:102AE00018000010C8040010CC040010C40400102A
:102AF00080B582B000AF78607B685B6AB3F5001F79
:102B000000F03F81B3F5001F00F24281B3F5801F52
:102B100000F03081B3F5801F00F23A81B3F5002F49
:102B200000F02181B3F5002F00F23281B3F5802F40
:102B300000F01281B3F5802F00F22A81B3F5803FB7
:102B400000F00381B3F5803F00F22281B3F5004F1E
:102B500000F0F780B3F5004F00F21A81B3F5804F13
:102B600000F0E880B3F5804F00F21281B3F5005F0A
:102B700000F0D980B3F5005F00F20A81B3F5805F01
:102B800000F0CA80B3F5805F00F20281B3F5006FF8
:102B900000F0BB80B3F5006F00F2FA80B3F5806FF0
:102BA00000F0AC80B3F5806F00F2F280B3F5007FE7
:102BB00000F09D80B3F5007F00F2EA80B3F5807FDE
:102BC00000F08E80B3F5807F00F2E280802B00F071
:102BD0008080802B00F2DC80202B49D8002B00F075
:102BE000D780013B1F2B00F2D38001A252F823F0C3
:102BF000772C0208852C0208912D0208932C0208DC
:102C0000912D0208912D0208912D0208A12C020895
:102C1000912D0208912D0208912D0208912D020894
:102C2000912D0208912D0208912D0208A92C02086D
:102C3000912D0208912D0208912D0208912D020874
:102C4000912D0208912D0208912D0208912D020864
:102C5000912D0208912D0208912D0208912D020854
:102C6000912D0208912D0208912D0208B72C02081F
:102C7000402B27D08CE0494B01221A60786805F080
:102C800045FA86E0454B02225A60786805F03EFA24
:102C90007FE0424B03229A60786805F037FA78E0CB
:102CA000786805F033FA74E03C4B05221A617868C5
:102CB00005F02CFA6DE0394B06225A61786805F070
:102CC00025FA66E0354B07229A61786805F01EFA0E
:102CD0005FE0324B0822DA61786805F017FA58E0B5
:102CE0002E4B09221A62786805F010FA51E02B4B3E
:102CF0000A225A62786805F009FA4AE0274B0B224B
:102D00009A62786805F002FA43E0244B0C22DA62FA
:102D1000786805F0FBF93CE0204B0D221A637868D7
:102D200005F0F4F935E01D4B0E225A63786805F082
:102D3000EDF92EE0194B0F229A63786805F0E6F959
:102D400027E0164B11221A6423E0144B12225A6416
:102D5000786805F0DBF91CE0104B13229A64786860
:102D600005F0D4F915E00D4B1422DA64786805F00B
:102D7000CDF90EE0094B15221A65786805F0C6F901
:102D800007E0064B16225A65786805F0BFF900E0A7
:102D900000BF00BF0837BD4680BD00BF2004001043
:102DA00080B58AB000AF7860954B1B680133944AB8
:102DB0001360944B1B78012B18D1934B934A00213D
:102DC000934804F00AFE914B1B68B3F5A26F0AD139
:102DD0008D4B5A788F4B1A708B4B5B78112B02D12D
:102DE000002002F05FF90AF0DBFCCFE1844B1B68A6
:102DF0000133834A1360844B844A0021844804F0E1
:102E0000ECFD824B1B68B3F5A26F14D17E4B5A7850
:102E1000804B1A707C4B5B78112B0CD17E4B0022BF
:102E20001A707E4B1B78042B02D07C4B02221A7046
:102E30007B4B00221A60754B1B68972B16D1724B87
:102E40001A78784B1A70704B1A79774B1A706E4B50
:102E5000DA78764B1A706C4B5A78754B1A706A4B4D
:102E60009A78744B1A70744B00221A60674B1B6877
:102E7000982B1AD1644B1A78704B1A70624B5A789F
:102E80006F4B1A70604B9A786E4B1A705E4BDA7803
:102E90006D4B1A705C4B1A796C4B1A705A4B5A79FD
:102EA0006B4B1A706B4B00221A60584B1B68992BA6
:102EB00012D1554B1A78684B1A70534B5A78674B9E
:102EC0001A70514B9A78664B1A704F4BDA78654BF3
:102ED0001A70654B00221A604C4B1B6840F20B12B3
:102EE000934203D1484B1A78604B1A70474B1B68CA
:102EF00040F20F12934206D1434B1A785C4B1A7082
:102F00005C4B00221A60414B1B6840F20122934245
:102F100025D1594B00221A603B4B1B7887F8233090
:102F2000394B5B7887F82130374B9B7887F8223014
:102F300007F120030022194650480BF029FC324BC0
:102F4000DB783B73304B1B797B732F4B5B79BB7307
:102F500007F10C030022194648480BF021FB2B4BCC
:102F60001B6840F20272934230D1284B1B69444ADD
:102F70001361264B5B68424A5360244B9B69404A6D
:102F80009361224B9B683E4A9360204BDB683C4A2E
:102F9000D3601E4B1B683A4A13601C4B5B69384A6E
:102FA0005361002387F827300CE097F8272097F823
:102FB00027301549895C334AD15497F827300133BB
:102FC00087F8273097F82730072BEED90F4B0022D0
:102FD0001A610E4B00225A600C4B00229A610B4B77
:102FE00000229A60094B0022DA60084B00221A6026
:102FF000064B00225A61002387F826304EE000BFBE
:10300000740400103D060010980400107C040010A9
:10301000CC000020CD040010C4040010CC0400102B
:10302000C8040010CE040010CF040010D00400101B
:10303000D2040010D904001004050010DC040010B4
:10304000DB040010D7040010D3040010D6040010D5
:10305000DF04001008050010DD040010D404001087
:10306000DE040010D50400100C050010D804001078
:10307000DA0400101405001010050010F002002002
:10308000E8040010E004001097F82630414A0021BF
:10309000D15497F82630013387F8263097F8263038
:1030A000072BF1D93C4B1B781A463C4B1A603C4B22
:1030B0001A783C4B1A703C4B1A783C4B1A703C4BBC
:1030C0001A783C4B1A703C4B1A783C4B1A70324BB6
:1030D0001A783B4B1A703B4B1A783B4B1A703B4BA0
:1030E0001A783B4B1A703B4B1A783B4B1A703B4B90
:1030F0001A783B4B1A703B4B1B78002B07D03A4B8E
:103100001B78002B03D1374B1A78374B1A70374B8B
:103110001A78374B1A70374B1A78374B1A70374B6F
:103120001A78374B1A70374B1A78374B1A70374B5F
:103130001A78374B1A70374B1A78374B1A70374B4F
:103140001B78032B14D0032B19DC012B02D0022B8C
:1031500007D014E0324B01221A70324B00221A7051
:1031600014E02F4B00221A702E4B01221A700DE032
:103170002B4B01221A702B4B01221A7006E0284BB0
:1031800000221A70274B00221A7000BF00BF283798
:10319000BD4680BD98040010CF0400100000001050
:1031A000DA04001004000010CE0400105A030010CE
:1031B000D20400105B030010D70400105C03001061
:1031C0005D030010D00400105E030010D604001050
:1031D0005F030010D404001060030010D904001035
:1031E00061030010D804001063030010D304001022
:1031F00065030010DD0400108A030010DE040010D7
:1032000088030010DC04001087030010DF040010A6
:1032100089030010D504001086030010DB040010A1
:10322000840300108503001080B58AB000AF786079
:10323000964B1B680133954A1360954B1B78012B05
:1032400018D1944B944A0021944804F0C6FB924B49
:103250001B68B3F5A26F0AD18E4B5A78904B1A7047
:103260008C4B5B78112B02D1002001F01BFF0AF080
:1032700097FAD3E18B4B1B6801338A4A1360854B65
:10328000854A0021854804F0A8FB834B1B68B3F5F1
:10329000A26F14D17F4B5A78814B1A707D4B5B78AB
:1032A000112B0CD1804B00221A70804B1B78042B01
:1032B00002D07E4B02221A707D4B00221A60764BA0
:1032C0001B68972B16D1734B1A787A4B1A70714B77
:1032D0001A79794B1A706F4BDA78784B1A706D4BFC
:1032E0005A78774B1A706B4B9A78764B1A70764BEC
:1032F00000221A60684B1B68982B1AD1654B1A780C
:10330000724B1A70634B5A78714B1A70614B9A78F2
:10331000704B1A705F4BDA786F4B1A705D4B1A79ED
:103320006E4B1A705B4B5A796D4B1A706D4B0022C5
:103330001A60594B1B68992B12D1564B1A786A4B5D
:103340001A70544B5A78694B1A70524B9A78684BE2
:103350001A70504BDA78674B1A70674B00221A606C
:103360004D4B1B6840F20B12934203D1494B1A7824
:10337000624B1A70484B1B6840F20F12934206D101
:10338000444B1A785E4B1A705E4B00221A60424B17
:103390001B6840F20122934227D15B4B00221A6046
:1033A0003C4B1B78303BDBB287F82330394B5B78E2
:1033B00087F82130374B9B7887F8223007F12003BC
:1033C0000022194651480BF0E3F9324BDB783B738E
:1033D000304B1B797B732F4B5B79BB7307F10C036D
:1033E0000022194649480BF0DBF82B4B1B6840F2D2
:1033F0000272934230D1284B1B69454A1361264B18
:103400005B68434A5360244B9B69414A9361224B5A
:103410009B683F4A9360204BDB683D4AD3601E4B5C
:103420001B683B4A13601C4B5B69394A536100239C
:1034300087F827300CE097F8272097F827301549B0
:10344000895C344AD15497F82730013387F8273004
:1034500097F82730072BEED90F4B00221A610E4B3D
:1034600000225A600C4B00229A610B4B00229A609A
:10347000094B0022DA60084B00221A60064B00223A
:103480005A61002387F8263050E000BF780400100E
:103490003D060010980400107C040010CC000020B1
:1034A000CD04001074040010C4040010CC040010FB
:1034B000C8040010CE040010CF040010D004001087
:1034C000D2040010D904001004050010DC04001020
:1034D000DB040010D7040010D3040010D604001041
:1034E000DF04001008050010DD040010D4040010F3
:1034F000DE040010D50400100C050010D8040010E4
:10350000DA0400101405001010050010F00200206D
:10351000E8040010E004001097F82630414A00212A
:10352000D15497F82630013387F8263097F82630A3
:10353000072BF1D93C4B1B781A463C4B1A603C4B8D
:103540001A783C4B1A703C4B1A783C4B1A703C4B27
:103550001A783C4B1A703C4B1A783C4B1A70324B21
:103560001A783B4B1A703B4B1A783B4B1A703B4B0B
:103570001A783B4B1A703B4B1A783B4B1A703B4BFB
:103580001A783B4B1A703B4B1B78002B07D03A4BF9
:103590001B78002B03D0374B1A78374B1A70374BF8
:1035A0001A78374B1A70374B1A78374B1A70374BDB
:1035B0001A78374B1A70374B1A78374B1A70374BCB
:1035C0001A78374B1A70374B1A78374B1A70374BBB
:1035D0001B78032B14D0032B19DC012B02D0022BF8
:1035E00007D014E0324B01221A70324B00221A70BD
:1035F00014E02F4B00221A702E4B01221A700DE09E
:103600002B4B01221A702B4B01221A7006E0284B1B
:1036100000221A70274B00221A7000BF00BF283703
:10362000BD4680BD98040010CF04001000000010BB
:10363000DA04001004000010CE0400105A03001039
:10364000D20400105B030010D70400105C030010CC
:103650005D030010D00400105E030010D6040010BB
:103660005F030010D404001060030010D9040010A0
:1036700061030010D804001063030010D30400108D
:1036800065030010DD0400108A030010DE04001042
:1036900088030010DC04001087030010DF04001012
:1036A00089030010D504001086030010DB0400100D
:1036B000840300108503001080B582B000AF194864
:1036C00008F000FB03461A46174B1A60154808F02D
:1036D00007FB0346154A1360144B1B68042B0AD1E1
:1036E00002F0DEFF114B00221A60114B1B68013300
:1036F0000F4A13600DE00023FB7107E0FB790D4AD0
:10370000002142F82310FB790133FB71FB79072B71
:10371000F4D9094B1B680133074A136000BF08370F
:10372000BD4680BD6C02002020050010040400107E
:103730000C040010240500101C05001080B483B098
:1037400000AF78607B681B6CB3F5007F00F087806A
:10375000B3F5007F00F28980802B7AD0802B00F2B5
:103760008480202B48D8002B7FD0013B1F2B7CD896
:1037700001A252F823F000BFFF3702080B380208FD
:103780006B380208173802086B3802086B380208D9
:103790006B380208233802086B3802086B380208BD
:1037A0006B3802086B3802086B3802086B38020865
:1037B0006B3802082F3802086B3802086B38020891
:1037C0006B3802086B3802086B3802086B38020845
:1037D0006B3802086B3802086B3802086B38020835
:1037E0006B3802086B3802086B3802086B38020825
:1037F0006B3802083B380208402B24D035E01E4BC2
:103800001B6801331C4A136030E01B4B5B680133BB
:10381000194A53602AE0184B9B680133164A93609B
:1038200024E0154BDB680133134AD3601EE0124BD2
:103830001B690133104A136118E00F4B5B690133B8
:103840000D4A536112E00C4B9B6901330A4A9361A4
:103850000CE0094BDB690133074AD36106E0064BF4
:103860001B6A0133044A136200E000BF00BF0C373B
:10387000BD465DF8047B70472405001080B582B01A
:1038800000AF814B1B6805337F4A13607F4B1B6879
:10389000002B02D17E4B00221A707E4B5B783E2BB0
:1038A00001D100F0B9FB7B4B5B78282B01D100F0F4
:1038B000C7FD784B5B78852B01D100F0FFFD754B80
:1038C0005B78102B15D1734B9B78012B01D100F045
:1038D00053FA704B9B78032B01D100F091FA6D4B9A
:1038E0009B78022B05D16A4B1B78012B01D100F08C
:1038F000CBFA684BDB78862B09D1664B9B78F12B92
:1039000005D1644B5B78222B01D100F023FD614B84
:103910005B78112B05D15F4B9B78012B01D100F017
:10392000FFFA5C4B5B78112B05D15A4B9B78032B2C
:1039300001D100F033FB574B5B78142B01D100F021
:10394000BDFB544B5B78192B01D100F0F7FB504BBA
:103950001B78012B5AD14F4B5B78312B23D14D4B28
:103960001B79302B01D100F0E1F84A4B1B79312B48
:1039700001D100F099F8474B9B78012B13D1454BAF
:10398000DB783E2B05D1434B1B793E2B01D100F058
:10399000D3FD404BDB783F2B05D13E4B1B793F2BB2
:1039A00001D100F0FFFD3B4B5B782A2B16D1394B40
:1039B0009B78042B07D1374BDB780C3B364A52F807
:1039C000233098470AE0334B9B78042B06D0314BC9
:1039D000DB780C3B304A52F8233098472D4B5B780C
:1039E000222B13D12B4B9B78002B05D1294BDB7855
:1039F000052B01D100F0DCFC264B9B78F12B05D187
:103A0000244BDB78802B01D100F062FC234B002299
:103A10001A61224B00225A60204B00229A601F4BF1
:103A20000022DA601D4B00221A601D4B00221A6131
:103A30001B4B00225A601A4B00229A61184B00223D
:103A40009A60174B0022DA60154B00221A60144B63
:103A500000225A610023FB710AE0FB79114A002120
:103A6000D154FB790B4A0021D154FB790133FB710E
:103A7000FB79072BF1D9054B1B680133034A13600F
:103A800000BF0837BD4680BD04FC0010480500108B
:103A900000FC0010E0040010040000204C050010A1
:103AA000E80400106405001080B500AF194B072230
:103AB0001A61184B40F203721A60174B07221A70F2
:103AC000154B71225A70144B00229A70124B00222F
:103AD000DA70114B31221A710F4B00225A710E4BC2
:103AE00000229A710C4B0022DA710C4BDB791A041C
:103AF0000A4B9B791B021343084A527913431A4617
:103B0000074B1A60074B044A0249074803F095FE29
:103B100000BF80BD4C05001064050010E0040010DB
:103B2000140000106C050010CC00002080B500AF20
:103B3000464B08221A61454B40F203721A60444B0F
:103B400007221A70424B71225A70414B00229A7020
:103B50003F4B0022DA703E4B30221A713D4B1B68FE
:103B60001B0EDAB23A4B5A713A4B1B681B0CDAB295
:103B7000374B9A71374B1B681B0ADAB2344BDA7138
:103B8000354B334A3149354803F057FE052003F0E1
:103B900081FB2E4B08221A612C4B40F203721A60F3
:103BA0002B4B07221A702A4B71225A70284B002285
:103BB0009A70274B0022DA70254B30221A71254B60
:103BC0001B68DAB2224B5A71254B1B681B0EDAB206
:103BD0001F4B9A71224B1B681B0CDAB21C4BDA711B
:103BE0001D4B1B4A19491D4803F027FE052003F011
:103BF00051FB164B08221A61144B40F203721A60F3
:103C0000134B07221A70124B71225A70104B00226C
:103C10009A700F4B0022DA700D4B30221A71104B44
:103C20001B681B0ADAB20A4B5A710D4B1B68DAB2D9
:103C3000074B9A71064B0022DA71074B044A03497D
:103C4000064803F0FAFD00BF80BD00BF4C05001020
:103C500064050010140000106C050010CC0000205A
:103C60001800001080B500AF184B08221A61174BDE
:103C700040F203721A60164B07221A70154B5B78DC
:103C80004033DAB2124B5A70124B9A78104B9A703A
:103C9000104BDA780E4BDA700F4B1B68DAB20C4B14
:103CA0001A710E4B1B68DAB2094B5A710C4B1A7819
:103CB000074B9A710B4B1A78054BDA710A4B044A81
:103CC00002490A4803F0B9FD00BF80BD4C05001051
:103CD00064050010E004001000040010040400104B
:103CE00008040010FC0300106C050010CC0000203C
:103CF00080B500AF174B08221A61164B40F20372D1
:103D00001A60154B07221A70144B5B784033DAB2F5
:103D1000114B5A70114B9A780F4B9A700F4BDA78FF
:103D20000D4BDA700E4B1A780B4B1A710D4B1A783B
:103D3000094B5A710C4B1A78074B9A710B4B1A7836
:103D4000054BDA710A4B044A02490A4803F075FD33
:103D500000BF80BD4C05001064050010E004001099
:103D60007B0300107C030010580300105403001064
:103D70006C050010CC00002080B500AF194B1B690A
:103D8000194A1361184B40F203721A60154B1B69F4
:103D9000DBB2013BDAB2154B1A70154B5B7840333E
:103DA000DAB2124B5A70124B9A78104B9A700F4B32
:103DB0000022DA700D4B00221A710C4B00225A714E
:103DC0000A4B00229A71094B0022DA71094B00223A
:103DD0001A70094B054A0449084803F02EFD00BF3C
:103DE00080BD00BFE80400104C0500106405001001
:103DF000E004001000FC00106C050010CC00002056
:103E000080B500AF194B1B69194A1361174B1B682A
:103E10000133174A1360154B1B69DBB2013BDAB261
:103E2000144B1A70144B5B784033DAB2114B5A7052
:103E3000114B9A780F4B9A700E4B0022DA700D4B93
:103E400000221A710B4B00225A710A4B00229A7100
:103E5000084B0022DA71094B01221A70084B054AFF
:103E60000349084803F0E9FC00BF80BDE8040010E6
:103E70004C05001064050010E004001000FC001068
:103E80006C050010CC00002080B500AF1D4B1B69F5
:103E90001D4A13611B4B1B6801331B4A1360194BEE
:103EA0001B69DBB2013BDAB2184B1A70184B5B7816
:103EB0004033DAB2154B5A70154B9A78134B9A70FF
:103EC000124B0022DA70114B00221A710F4B0022A4
:103ED0005A710E4B00229A710C4B0022DA710D4B75
:103EE00002221A7000F07AFD0B4B084A06490B4873
:103EF00003F0A3FC052003F0CDF9002001F0D2F877
:103F000000BF80BDE80400104C05001064050010DF
:103F1000E004001000FC00106C050010CC00002034
:103F200080B500AF184B03221A61174B40F20372A1
:103F30001A60164B02221A70144B51225A70134BFE
:103F400001229A70114B0022DA70104B00221A7174
:103F50000E4B00225A710D4B00229A710B4B00221E
:103F6000DA710B4B05221A7000F038FD094B074A35
:103F70000549094803F061FC052003F08BF9002096
:103F800001F090F800BF80BD4C05001064050010E2
:103F900000FC00106C050010CC00002080B500AFC4
:103FA000184B03221A61174B40F203721A60164B2A
:103FB00002221A70144B51225A70134B03229A702A
:103FC000114B0022DA70104B00221A710E4B0022A6
:103FD0005A710D4B00229A710B4B0022DA710B4B78
:103FE00006221A7000F0FAFC094B074A05490948F5
:103FF00003F023FC052003F04DF9002001F052F8F6
:1040000000BF80BD4C0500106405001000FC0010CE
:104010006C050010CC00002080B500AF1E4B1B6962
:104020001E4A13611C4B1B6801331C4A13601A4B58
:104030001B69DBB2013BDAB2194B1A70194B5B7882
:104040004033DAB2164B5A70164B9A78144B9A706A
:10405000134B0022DA70124B00221A71104B00220F
:104060005A710F4B00229A710D4B0022DA710E4BE0
:1040700000221A700D4B1B78042B02D00B4B02222E
:104080001A700B4B00221A700A4B054A03490A4862
:1040900003F0D3FB00BF80BDE80400104C05001006
:1040A00064050010E0040010C4040010CC040010EB
:1040B000C80400106C050010CC00002080B500AFD3
:1040C000184B1B69184A1361164B1B680133164ABB
:1040D0001360144B1B69DBB2013BDAB2134B1A704D
:1040E000134B5B784033DAB2104B5A700F4B0022FF
:1040F0009A700E4B0022DA700C4B00221A710B4B97
:1041000000225A71094B00229A71084B0022DA7181
:1041100000F088FA074B054A0349074803F08DFB76
:1041200000BF80BDE80400104C05001064050010BD
:10413000E00400106C050010CC00002080B500AF3A
:104140005E4B08221A615D4B40F203721A605C4BB1
:1041500007221A705A4B59225A70594B0A229A70E8
:10416000584B1B68DAB2564BDA70564B5B68DAB2C2
:10417000534B1A71534B9B68DAB2514B5A71514BE6
:10418000DB68DAB24E4B9A714E4B1B69DAB24C4B7C
:10419000DA714D4B4A4A49494C4803F04EFB052021
:1041A00003F078F8454B08221A61444B40F2037241
:1041B0001A60434B07221A70414B59225A70404BE8
:1041C0000A229A703F4B5B69DAB23D4BDA703D4B85
:1041D0009B69DAB23A4B1A713A4BDB69DAB2384B67
:1041E0005A71384B1B6ADAB2354B9A71354B5B6AA0
:1041F000DAB2334BDA71344B314A3049334803F089
:104200001CFB052003F046F82C4B08221A612B4BAF
:1042100040F203721A602A4B07221A70284B592267
:104220005A70274B0A229A70264B9B6ADAB2244BAB
:10423000DA70244BDB6ADAB2214B1A71214B1B6B0B
:10424000DAB21F4B5A711F4B5B6BDAB21C4B9A717F
:104250001C4B9B6BDAB21A4BDA711B4B184A17498D
:104260001A4803F0EAFA052003F014F8134B06226B
:104270001A61124B40F203721A60114B05221A7038
:104280000F4B59225A700E4B0A229A700D4BDB6B62
:10429000DAB20B4BDA700B4B1B6CDAB2084B1A71AB
:1042A000084B5B6CDAB2064B5A71074B044A034960
:1042B000064803F0C2FA00BF80BD00BF4C050010E5
:1042C00064050010740500106C050010CC0000207F
:1042D00080B500AF184B08221A61184B1B680133D8
:1042E000154A1360164B07221A70164B5B78403341
:1042F000DAB2134B5A70134B9A78114B9A70114BD8
:10430000DA780F4BDA70104B5A780D4B1A710E4B4E
:104310001A780B4B5A710C4B9A78094B9A710A4BCD
:10432000DA78074BDA71094B054A0349084803F06C
:1043300084FA00BF80BD00BF4C050010E8040010E7
:1043400064050010E0040010000000206C0500105F
:10435000CC00002080B500AF0F4B05221A610F4B37
:104360001B6801330C4A13600D4B04221A700C4B6E
:1043700062225A700A4BF1229A70094B8622DA7037
:10438000084B1A78064B1A71074B054A0249074831
:1043900003F053FA00BF80BD4C050010E804001084
:1043A0006405001000FC00106C050010CC0000201B
:1043B00080B500AF1B4B08221A611B4B1B680133F1
:1043C000184A1360194B07221A70194B5B78403357
:1043D000DAB2164B5A70164B9A78144B9A70144BEB
:1043E000DA78124BDA70134B1B681B0EDAB20F4BE4
:1043F0001A71104B1B681B0CDAB20C4B5A710D4B27
:104400001B681B0ADAB2094B9A710A4B1B68DAB2B5
:10441000064BDA71084B054A0249084803F00DFAC9
:1044200000BF80BD4C050010E804001064050010BA
:10443000E004001004FC00106C050010CC0000200B
:1044400080B500AF164B1B69164A1361144B1B68ED
:104450000133144A1360144B02221A70134B5B7819
:104460004033DAB2104B5A70104B9A780E4B9A7058
:104470000E4B9B78012B03D10D4B02221A7006E0E4
:104480000A4B9B78002B02D1094B04221A70094B6E
:10449000054A0449084803F0D0F900BF80BD00BFB9
:1044A000E80400104C05001064050010E004001042
:1044B000CC0400106C050010CC00002080B500AFCB
:1044C000164B1B69164A1361144B1B680133144ABF
:1044D0001360144B1A78144B1A70124B5B784033EC
:1044E000DAB2114B5A700F4B9A780F4B9A700D4BF2
:1044F0009B78012B03D10D4B01221A7006E0094B6A
:104500009B78022B02D1094B00221A70084B064AF5
:104510000349084803F091F900BF80BDE80400108A
:104520004C050010E004001064050010BC050010EC
:104530006C050010CC00002080B500AF144B0522A4
:104540001A61134B40F203721A60124B04221A7064
:10455000104B71225A700F4B01229A700D4B3E2264
:10456000DA700C4B3E221A710A4B00225A71094B29
:1045700000229A71074B0022DA71074B01221A7050
:10458000064B044A0249064803F057F900BF80BDB4
:104590004C050010640500107C0300106C05001031
:1045A000CC00002080B500AF174B05221A61164BD6
:1045B00040F203721A60154B04221A70134B7122D9
:1045C0005A70124B01229A70104B3F22DA700F4B37
:1045D0003F221A710D4B00225A710C4B00229A7126
:1045E0000A4B0022DA710A4B5A790A4B1A70084BAF
:1045F0005A79094B1A70094B044A0349084803F0D9
:104600001CF900BF80BD00BF4C0500106405001000
:10461000E0040010FC030010620300106C050010A1
:10462000CC00002080B582B000AF0023FB711FE0FA
:10463000FB79154A002142F82310FB79062B04D898
:10464000FB79124A002142F82310FB79032B04D88E
:10465000FB790F4A002142F82310FB79082B04D87C
:10466000FB790C4A002142F82310FB790133FB71DE
:10467000FB79142BDCD94822002107480EF016FDE7
:1046800000BF0837BD4680BD20040010180600108A
:1046900004060010240500107405001080B483B0D7
:1046A00000AF03460A46FB711346BB71254B1B78CE
:1046B000002B40D1BB79012B23D1FB79013B5B005F
:1046C0000133214A52F82330012B08D0FB79013BFA
:1046D0005B0001331C4A52F82330002B2BD1FB79AD
:1046E000013B5B00FA79184941F82320BB795A1C39
:1046F000FB79013B5B0001331146134A42F823105A
:1047000019E0FB79013B5B0001330F4A52F823307B
:10471000012B10D1FB79013B5B00FA790A4941F882
:104720002320BB795A1CFB79013B5B000133114606
:10473000054A42F8231000BF0C37BD465DF8047BE4
:10474000704700BFBC0500107405001080B582B032
:1047500000AF794B1B68002B21D10023FB711BE0BC
:10476000FB79002B07D0FB79012B04D1FB79734A2D
:10477000002142F82310FB7903F00103DBB2002B88
:1047800007D0FB79022B04D9FB796C4A002142F84F
:104790002310FB790133FB71FB79112BE0D9002346
:1047A000BB71BCE0BB79664A52F82330002B04D0C1
:1047B00001210F20FFF772FF03E000210F20FFF718
:1047C0006DFFBB79062B53D8BB795E4A52F8233074
:1047D000002B13D15C4B1B680A2B0FD85B4B1B685B
:1047E000002B0BD15A4B1B680A2B07D8594B1B784F
:1047F000002B0BD0574B1B78FF2B07D0012110202B
:10480000FFF74CFF544B01221A7006E000211020E4
:10481000FFF744FF504B00221A70504B1B68042BCB
:1048200017D04F4B1B680A2B13D84E4B1B78002B0D
:1048300003D04C4B1B78FF2B0BD14B4B1B680A2B27
:1048400007D84A4B1B889C2B03D1494B1B78B42BB0
:1048500007D001211120FFF721FF464B01221A70DA
:1048600006E000211120FFF719FF424B00221A70C9
:10487000BB79032B28D8BB793F4A52F82330002B51
:1048800013D1314B1B680A2B0FD8304B1B68002B00
:104890000BD12F4B1B680A2B07D82E4B1B78002BF4
:1048A0000BD02C4B1B78FF2B07D02B4B01221A70FF
:1048B00001211020FFF7F2FE06E0274B00221A70BC
:1048C00000211020FFF7EAFEBB79082B24D8BB7922
:1048D0002A4A52F82330002B0FD11D4B1B680A2B9C
:1048E0000BD81C4B1B78002B03D01A4B1B78FF2BCB
:1048F00003D1234B1B680A2B07D9174B01221A70CF
:1049000001211020FFF7CAFE06E0134B00221A70A7
:1049100000211020FFF7C2FEBB790133BB71BB79C8
:10492000142B7FF63FAF044B1B680133024A136020
:1049300000BF0837BD4680BD70050010740500102B
:1049400020040010180600101004001000040010CD
:104950001404001008040010E505001044060010BF
:104960004806001059030010800300106E03001069
:1049700057030010E4050010040600102405001081
:104980000C04001080B500AF12220E490E4800F052
:10499000C1F80C4B1B68FE2B04D9482200210948A2
:1049A0000EF084FB02220949094800F0B3F8074BD6
:1049B0001B68084A1360054B5B68074A136000BF19
:1049C00080BD00BF7405001000C00008F005001095
:1049D00000800008140000101800001080B500AF1F
:1049E0000A4B1B680A4A13600A4B1B68084A53604B
:1049F000022302220649084800F036F80323122257
:104A00000649074800F030F800BF80BD14000010D0
:104A1000F005001018000010008000087405001058
:104A200000C0000880B500AF0C4B1B78012B05D1EE
:104A3000FFF7A8FF094B02221A7008E0084B1B7809
:104A4000012B04D1FFF7CAFF054B02221A70054B58
:104A50001B680133034A136000BF80BDED050010E1
:104A6000EC050010E8050010B0B588B000AFF860A4
:104A7000B9603B601346FB800023FB613B68BB6170
:104A80003B687B6105F09AFE214B00221A60204BA7
:104A900002221A611E4ABB6993607A69BB69D31A04
:104AA00001331B4AD36007F110031946184805F07B
:104AB000F3FF0346002B1FD005F0B2FE034622E0B1
:104AC000FB699B00BA6813441B6800221C4615460C
:104AD00022462B46F968022005F06CFD0346002BA8
:104AE00006D1FB680433FB60FB690133FB6103E023
:104AF00005F096FE034606E0FB88FA699A42DFD38A
:104B000005F07EFE002318462037BD46B0BD00BF2D
:104B10009C00002080B487B000AFF860B9601346F5
:104B2000FB800023FB820EE0FB8A9B001A46FB6899
:104B300013441946FB8A9B00BA6813440A681A603A
:104B4000FB8A0133FB82FA8AFB889A42ECD300BFCE
:104B500000BF1C37BD465DF8047B704780B582B04E
:104B600000AF6D4803F0E8FD03461A466B4B1A6030
:104B70006B4804F0A9FA03461A466A4B1A60674B61
:104B80001B68042B03D1674B1B68042B11D0664BA9
:104B900000221A600023FB7107E0FB79634A0021C1
:104BA00042F82310FB790133FB71FB79032BF4D915
:104BB00009E001F0D9F85E4B1B6801335C4A1360D1
:104BC000594B00221A60564B5B6DB3F5807F7DD048
:104BD000B3F5807F00F28480202B47D8002B7FD054
:104BE000013B1F2B7CD801A252F823F0734C020822
:104BF000854C0208E14C0208974C0208E14C02087F
:104C0000E14C0208E14C0208E14C0208E14C0208C8
:104C1000E14C0208E14C0208E14C0208E14C0208B8
:104C2000E14C0208E14C0208E14C0208E14C0208A8
:104C3000E14C0208E14C0208E14C0208E14C020898
:104C4000E14C0208E14C0208E14C0208E14C020888
:104C5000E14C0208E14C0208E14C0208E14C020878
:104C6000E14C0208E14C0208A94C0208402B24D078
:104C700036E0304B1B6801332E4A13602A4B012269
:104C80001A603FE02B4B5B6801332A4A5360264B86
:104C900002221A6036E0274B9B680133254A936055
:104CA000214B04221A602DE0224BDB680133214A9C
:104CB000D3601D4B20221A6024E01E4B1B69013378
:104CC0001C4A1361184B40221A601BE0194B9B6968
:104CD0000133184A9361144B4FF480721A6011E04B
:104CE000114B00221A600023BB7107E0BB79114A07
:104CF000002142F82310BB790133BB71BB79052B2E
:104D0000F4D900BF0C4B1B6801330B4A136000BF82
:104D10000837BD4680BD00BF3001002000060010EE
:104D20008801002014060010000400100406001082
:104D30001004001018060010FC05001080B483B0A9
:104D400000AF78607B68DB6B402B25D0402B2CD8E4
:104D5000202B18D0202B28D8012B02D0022B09D0D1
:104D600023E0174B1B680133154A1360154B0122D2
:104D70001A601EE0124B5B680133114A5360114BFD
:104D800002221A6015E00E4B9B6801330C4A9360B7
:104D90000C4B20221A600CE0094BDB680133084AF7
:104DA000D360084B40221A6003E0064B00221A60D1
:104DB00000BF00BF0C37BD465DF8047B704700BFE5
:104DC000040600100004001080B500AF064A074931
:104DD000074800F011F803461A46064B1A70054BB7
:104DE0001B78184680BD00BF6C020020880100209F
:104DF00030010020C800002080B584B000AFF8600A
:104E0000B9607A6062B600BF2F4AFB6813602F4A10
:104E1000BB6813602E4A7B6813602E4B00221A6019
:104E200000224FF480512C4806F0F0F900224FF494
:104E30000061294806F0EAF901224FF40061264892
:104E400006F0E4F962B600BF012002F023FA72B660
:104E500000BF8021122000F0EDF803461A461F4BD8
:104E60001A7062B600BF012002F014FA72B600BFD9
:104E70008021122000F0DEF803461A46174B1A7004
:104E8000174B1B680133164A1360144B1B78002B19
:104E900003D0134B1B68092BE3D962B600BF012076
:104EA00002F0F8F972B600BF72B600BF002000F041
:104EB00019F803461A46094B1A70084B1B78184616
:104EC0001037BD4680BD00BFB0000020B4000020F8
:104ED000F8050010B8000020000C0240C9000020B6
:104EE0001404001080B584B000AF78600023FB602C
:104EF00022E0174AFB6812F813201549FB685B0093
:104F00000B445B781946104600F094F803461A46A5
:104F1000104B1A700F4B1B78002B0AD00E4B1B68DE
:104F2000092B06D80023FB600B4B1B6801330A4A90
:104F30001360FB680133FB60054AFB6812F813300D
:104F4000FF2BD6D1034B1B7818461037BD4680BDCA
:104F5000503A0308CA0000201404001080B582B043
:104F600000AF7860396000F027F87B68002B0BD128
:104F70000F4A3B6813600F4B186847F230533A688A
:104F8000002103F049FA0DE07B68012B0AD1084BA0
:104F900000221A60074B186847F230533A68022122
:104FA00003F03AFA002318460837BD4680BD00BF1B
:104FB000B8000020B000002080B500AF034B1B6894
:104FC000184603F0C9FA0023184680BDB00000203F
:104FD00080B582B000AF7860124B1B68002B05D003
:104FE000104B1B68104A1268104698470F4B1B68FD
:104FF000002B0BD07B68986B7B681B6828331946A5
:105000000A4B1A6847F2305303F0EAFD064B1B685F
:105010000133054A1360064B00221A6000BF0837AF
:10502000BD4680BDC4000020C0000020B8000020A4
:10503000BC00002080B588B004AF03460A46FB716F
:105040001346BB710123FB730A4B1868FB799AB2B4
:105050000123029301230193BB1D009301234221ED
:1050600006F0C0FA0346FB73FB7B18461037BD46BB
:1050700080BD00BFF805001080B400AFBFF34F8FB4
:1050800000BF064BDB6803F4E0620449044B1343A2
:10509000CB60BFF34F8F00BF00BFFDE700ED00E026
:1050A0000400FA0580B582B000AF0346FB7172B60A
:1050B00000BFFB79002B18D0FB79104A52F823204F
:1050C00001320E4941F82320FB790D4A012142F8B3
:1050D00023100C4B1B780133DAB20A4B1A700A4BBF
:1050E0005B6F094A43F080735367074B5B6F064A57
:1050F00043F080735367FFF7BFFF00BF08FC001049
:105100003CFC001070FC00100038024080B582B0FA
:1051100000AF364B1B68002B1FD10023FB7119E039
:10512000FB79334A52F82330002B0CD001210E209A
:10513000FFF7B4FAFB792E4A002142F823102D4BD9
:1051400001221A7003E000210E20FFF7A7FAFB7975
:105150000133FB71FB790C2BE2D9274B1B78002B19
:1051600003D1254B01221A7037E0234B1B78022B09
:1051700033D11E4B1B68B3F5FA6F03D21F4B0122CC
:105180001A702AE01E4B1B78012B12D11B4B0222F6
:105190001A701C4B1B6800221A641B4B1B78002BD7
:1051A0000AD1194B1B78022B06D0174B01221A701B
:1051B00002E0124B01221A70104B1B78022B06D111
:1051C000114B1B78022B02D10C4B03221A700B4B94
:1051D0001B78032B01D100F015F9044B1B68013338
:1051E000024A136000BF0837BD4680BD3806001074
:1051F0003CFC00103C060010ED05001034060010C9
:10520000C4040010E8030020EC05001080B500AFD6
:1052100000220121754805F0F9FF00224FF4C0512A
:10522000734805F0F3FF0421724805F0F3FE0821EE
:10523000704805F0EFFE10216E4805F0EBFE2021CE
:105240006C4805F0E7FE40216A4805F0E3FE0121C5
:10525000684805F0DFFE0221664805F0DBFE4FF4EA
:105260000051624805F0D6FE4FF480415F4805F0DA
:10527000D1FE4FF400415D4805F0CCFE02215B48B1
:1052800005F0C8FE0421594805F0C4FE082157481E
:1052900005F0C0FE1021554805F0BCFE2021534802
:1052A00005F0B8FE4FF48061504805F0B3FE4FF4AE
:1052B00080514E4805F0AEFE01214C4805F0AAFE93
:1052C00002214D4805F0A6FE04214B4805F0A2FE40
:1052D0000821494805F09EFE2021474805F09AFE26
:1052E0008021454805F096FE4FF40071424805F0D4
:1052F00091FE4FF48061404805F08CFE4FF4004170
:105300003D4805F087FE04213C4805F083FE4FF43C
:1053100080513A4805F07EFE4FF40051374805F0C1
:1053200079FE4FF48041354805F074FE4FF400419A
:10533000324805F06FFE4FF400612D4805F06AFE1B
:105340004FF480512A4805F065FE4FF480712A48D9
:1053500005F060FE0121264805F05CFE022124488C
:1053600005F058FE0421224805F054FE082120488B
:1053700005F050FE10211E4805F04CFE20211C486F
:1053800005F048FE40211A4805F044FE80211848E7
:1053900005F040FE4FF48071154805F03BFE4FF4D8
:1053A0000071134805F036FE4FF48061104805F097
:1053B00031FE4FF400610E4805F02CFE4FF4805191
:1053C0000B4805F027FE4FF40061094805F022FE66
:1053D0000B4B1B6B0A4A23F004031363084B1B6B34
:1053E000074A23F08003136300BF80BD000802401A
:1053F000000C024000100240000002400004024085
:105400000038024080B582B000AF012001F042FFB9
:1054100001F064FC1D4803F09FF81D4809F05EFD93
:105420001C4809F067FC1C4806F08AF8174802F08F
:10543000D1FF0023FB7107E097F90730184602F00F
:10544000BBFFFB790133FB71FB79512BF4D9FFF7DB
:10545000DDFE124B1B6B114A23F480031363104BC8
:105460001B680F4A23F0050313600E4B01221A70CC
:1054700062B600BF0121012008F058F90020FFF7B3
:1054800011FE00BF0837BD4680BD00BF30010020BF
:10549000E8030020300300206C02002000380240A6
:1054A00010E000E03D06001080B500AF0F4809F0A5
:1054B000ADFB03461A460E4B1A600D4B1B68042BBE
:1054C0000AD10C4B01221A700B4B1B6801330A4A9C
:1054D000136000F037FF02E0064B00221A70074B02
:1054E0001B680133054A136000BF80BD080200201D
:1054F000440600107B030010480600104006001010
:1055000090B585B000AF0446084611461A462346BA
:10551000FB800346BB800B467B8013463B80002309
:10552000FB8108E03A88B988FB88184600F066F8E5
:10553000FB890133FB81FA897B889A42F2D300BF51
:1055400000BF1437BD4690BD90B585B000AF04468E
:10555000084611461A462346FB800346BB800B468D
:105560007B8013463B800023FB8108E03A88B988A2
:10557000FB88184600F042F8FB890133FB81FA8969
:105580007B889A42F2D300BF00BF1437BD4690BD5E
:1055900090B583B000AF0446084611461A4623462C
:1055A000FB800346BB800B467B8013463B803B8BD6
:1055B0007A88B988F888FFF7A3FFBA883B88134434
:1055C0009BB2013B99B23B8B7A88F888FFF798FF32
:1055D0003B8B3A88B988F888FFF7B6FFFA887B8852
:1055E00013449BB2013B98B23B8B3A88B988FFF7D2
:1055F000ABFF00BF0C37BD4690BD000080B582B048
:1056000000AF0346FB800B46BB8013467B80FB88C4
:1056100001339AB2BB8801339BB2B988F88800F095
:10562000F0F8034A7B88138000BF0837BD4680BD71
:105630000000086090B585B000AF044608461146EA
:105640001A462346FB800346BB800B46FB7013467D
:105650003B800323BB720023FB730023BB735EE01C
:1056600000233B7352E0FB78203BBA7A03FB02F243
:1056700013465B001344DB001946BB7BBA7A02FB7E
:1056800003F3CA183B7B1344294AD35C7B73002382
:10569000FB7232E097F90D30002B12DAFB7A9AB2E6
:1056A000FB8813449AB2FB7B9BB2134498B2BB7B3A
:1056B0009AB2BB8813449BB23A881946FFF79EFF03
:1056C00015E03A8C3B889A4211D0FB7A9AB2FB885B
:1056D00013449AB2FB7B9BB2134498B2BB7B9AB241
:1056E000BB8813449BB23A8C1946FFF787FF7B7B3C
:1056F0005B007B73FB7A0133FB72FB7A072BC9D902
:10570000FB7B0833FB733B7B01333B733A7BBB7AF8
:105710009A42A8D30023FB73BB7B0133BB73BB7BD3
:10572000172B9DD900BF00BF1437BD4690BD00BFE9
:10573000AC3A030890B587B002AFBA601A46034688
:10574000FB810B46BB811346FB800FE0BB681A78D8
:10575000FC88B989F8893B8C00932346FFF76AFFE0
:10576000FB891133FB81BB680133BB60BB681B78CD
:10577000002BEBD100BF00BF1437BD4690BD000029
:1057800090B58BB002AFBA601A460346FB810B4658
:10579000BB811346FB8007F11403BA680849184619
:1057A0000DF062FCFC8807F11402B989F8893B8E80
:1057B00000932346FFF7BEFF00BF2437BD4690BDD0
:1057C000C039030880B483B000AF0346FB80044AAD
:1057D000FB88138000BF0C37BD465DF8047B704723
:1057E0000000086080B483B000AF0346FB804FF038
:1057F000C042FB88138000BF0C37BD465DF8047BB8
:10580000704790B583B000AF0446084611461A466B
:105810002346FB800346BB800B467B8013463B80C0
:105820002A20FFF7DFFFFB881B0A9BB21846FFF711
:10583000C9FFFB88DBB29BB21846FFF7C3FF7B882A
:105840001B0A9BB21846FFF7BDFF7B88DBB29BB2F9
:105850001846FFF7B7FF2B20FFF7C4FFBB881B0AD2
:105860009BB21846FFF7AEFFBB88DBB29BB218466F
:10587000FFF7A8FF3B881B0A9BB21846FFF7A2FF61
:105880003B88DBB29BB21846FFF79CFF2C20FFF74A
:10589000A9FF00BF0C37BD4690BD000090B585B094
:1058A00000AF0446084611461A462346FB800346CD
:1058B000BB800B467B8013463B80FA887B88134471
:1058C0009BB2013B9CB2BA883B8813449BB2013B1C
:1058D0009BB2B988F8882246FFF793FF0023FB812B
:1058E0000FE00023BB8105E00A4A3B8C1380BB8993
:1058F0000133BB81BA897B889A42F5D3FB89013396
:10590000FB81FA893B889A42EBD300BF00BF143772
:10591000BD4690BD0000086080B400AF024B184641
:10592000BD465DF8047B70470000086080B582B01A
:1059300002AF0120FFF756FF1120FFF753FFB620FB
:10594000FFF750FF0A20FFF73DFFC220FFF73AFFA5
:105950003620FFF747FF6820FFF734FF3A20FFF7B4
:1059600041FF5520FFF72EFFE020FFF73BFF1020FF
:10597000FFF728FF1020FFF725FF1020FFF722FF79
:105980000820FFF71FFF0E20FFF71CFF0620FFF780
:1059900019FF4220FFF716FF2820FFF713FF3620DC
:1059A000FFF710FF0320FFF70DFF0E20FFF70AFFA0
:1059B0000420FFF707FF1320FFF704FF0E20FFF777
:1059C00001FF0C20FFF7FEFEE120FFF70BFF0C208C
:1059D000FFF7F8FE2320FFF7F5FE2620FFF7F2FE83
:1059E0000420FFF7EFFE0C20FFF7ECFE0420FFF78A
:1059F000E9FE3920FFF7E6FE2420FFF7E3FE4B2007
:105A0000FFF7E0FE0320FFF7DDFE0B20FFF7DAFED5
:105A10000B20FFF7D7FE3320FFF7D4FE3720FFF728
:105A2000D1FE0F20FFF7CEFE2A20FFF7DBFE00207D
:105A3000FFF7C8FE0020FFF7C5FE0020FFF7C2FEFB
:105A4000EF20FFF7BFFE2B20FFF7CCFE0020FFF773
:105A5000B9FE0020FFF7B6FE0120FFF7B3FE3F209E
:105A6000FFF7B0FE2920FFF7BDFE2C20FFF7BAFE9E
:105A700000230093F0234FF4A07200210020FFF7D1
:105A800087FDEF2340F23F1200210020FFF7B9FE0F
:105A900000231846BD4680BD80B400AF034B1B8871
:105AA0009BB21846BD465DF8047B70470000086055
:105AB00080B58AB000AF7D4B7D4A1A607B4B0422D3
:105AC0005A607A4B00229A60784B0022DA60774B5A
:105AD0004FF470221A61754B4FF440125A61734BA8
:105AE00001221A76714B01225A76704B01229A7666
:105AF0006E4B0122DA766D4B01221A776B4B012235
:105B00005A776A4801F0EAFB0346002B01D000F007
:105B100085FF06237B610023BB610123FB6100231A
:105B20003B6101233B624FF499533B6000237B6050
:105B30004FF6E073BB600023FB603B4619465B48B1
:105B400001F012FD07237B610023BB610123FB6190
:105B500000233B6101233B624FF497533B600023DA
:105B60007B604FF6E073BB600023FB603B46194649
:105B70004E4801F0F9FC08237B610023BB6101233F
:105B8000FB6100233B6101233B624FF498533B6070
:105B900000237B604FF6E073BB600023FB603B4655
:105BA0001946424801F0E0FC09237B610023BB61F8
:105BB0000123FB6100233B6101233B6242F260133E
:105BC0003B6000237B604FF6E073BB600023FB600B
:105BD0003B461946354801F0C7FC0A237B61002388
:105BE000BB610123FB6100233B6101233B6242F265
:105BF000E0133B6000237B604FF6E073BB60002343
:105C0000FB603B461946294801F0AEFC0B237B6143
:105C10000023BB610123FB6100233B6101233B6245
:105C20004FF422433B6000237B604FF6E073BB6080
:105C30000023FB603B4619461C4801F095FC0C23F1
:105C40007B610023BB610123FB6100233B610123D6
:105C50003B624EF240033B6000237B604FF6E073F3
:105C6000BB600023FB603B461946104801F07CFCFA
:105C70000D237B610023BB610123FB6100233B619A
:105C800001233B6244F220033B6000237B604FF61C
:105C9000E073BB600023FB603B461946034801F0FC
:105CA00063FC00BF2837BD4680BD00BFCC0000208C
:105CB0000064004080B58AB000AF786007F114033B
:105CC00000221A605A609A60DA601A617B681B6869
:105CD000224A93423DD100233B61214B1B6C204A59
:105CE00043F0007313641E4B1B6C03F000733B61A5
:105CF0003B690023FB601A4B1B6B194A43F00103FD
:105D00001363174B1B6B03F00103FB60FB684FF43D
:105D100000637B610223BB610023FB6103233B62C1
:105D200009237B6207F1140319460E4804F0D6FFDD
:105D30004FF480537B610223BB610123FB6103238A
:105D40003B6209237B6207F114031946054804F0FE
:105D5000C5FF00BF2837BD4680BD00BF00640040BE
:105D6000003802400000024080B500AF104B114ADD
:105D70001A600F4B00225A600D4B20229A600C4B88
:105D80008022DA600A4B00221A61094B00225A6114
:105D9000074B00229A61064B00221A62044802F067
:105DA00087FD0346002B01D000F038FE00BF80BD08
:105DB000300100200000055080B58CB000AF786045
:105DC00007F11C0300221A605A609A60DA601A61B7
:105DD0007B681B68514A934240F09C800023BB6162
:105DE0004F4B5B6B4E4A43F0010353634C4B5B6B71
:105DF00003F00103BB61BB6900237B61484B1B6B54
:105E0000474A43F001031363454B1B6B03F0010347
:105E10007B617B6900233B61414B1B6B404A43F034
:105E2000040313633E4B1B6B03F004033B613B69AC
:105E30000023FB603A4B1B6B394A43F002031363A8
:105E4000374B1B6B03F00203FB60FB685023FB61C5
:105E500002233B6202237B620323BB620D23FB62AE
:105E600007F11C0319462F4804F038FF4FF43C6338
:105E7000FB6102233B6202237B620323BB620D238F
:105E8000FB6207F11C031946274804F027FF4FF473
:105E90007073FB6102233B6202237B620323BB62BC
:105EA0000D23FB6207F11C031946204804F016FF7E
:105EB0001F4B204A1A601E4B4FF000725A601C4B59
:105EC00000229A601A4B0022DA60194B4FF480626C
:105ED0001A61174B4FF480525A61154B4FF48042B0
:105EE0009A61134B4FF48072DA61114B4FF44032D8
:105EF0001A620F4B00225A620D4802F065FD0346FC
:105F0000002B01D000F08AFD7B68094A9A63084A99
:105F10007B68936300BF3037BD4680BD00000550ED
:105F20000038024000000240000802400004024025
:105F300088010020B864024080B582B000AF78606C
:105F40007B681B68114A93421BD1114B5B6B104A53
:105F500023F00103536350210E4805F05BF84FF422
:105F60003C610D4805F056F84FF470710B4805F090
:105F700051F87B689B6B184602F0D4FD4E2002F06E
:105F80000DFA00BF0837BD4680BD00BF00000550B8
:105F900000380240000002400008024000040240B5
:105FA00080B483B000AF00237B60094B1B6B084AB1
:105FB00043F480031363064B1B6B03F480037B6085
:105FC0007B6800BF0C37BD465DF8047B704700BF9F
:105FD0000038024080B400AF064BD3E90023501CC8
:105FE00043F10001034BC3E9000100BFBD465DF86A
:105FF000047B70475806001080B400AF064BD3E90D
:106000000023501C43F10001034BC3E9000100BF12
:10601000BD465DF8047B70475006001080B582B025
:1060200000AF786039600C20FFF73CF800BF0837FC
:10603000BD4680BD80B500AF0B20FFF733F800BF31
:1060400080BD000080B500AF2E4B002201212E48FC
:106050000AF018F803462D4A13602D4B0022012147
:106060002C480AF00FF803462B4A13602B4B0022F2
:1060700001212B480AF006F803462A4A13602A4BEE
:1060800000220121294809F0FDFF0346284A136038
:10609000284A0021284809F04DFF0346274A13608B
:1060A000274A0021274809F045FF0346264A136086
:1060B000264A0021264809F03DFF0346254A136081
:1060C000254A0021254809F035FF0346244A13607C
:1060D000174B1B680A2118460AF050F80E4B1B6834
:1060E000052118460AF04AF80E4B1B680A2118468B
:1060F0000AF044F8054B1B68052118460AF03EF8E3
:1061000000BF80BDF455030875620208F801002045
:10611000045603089D620208FC010020145603087F
:10612000F562020800020020245603081D630208DD
:10613000040200206455030865610208E80100209C
:1061400088550308C1610208EC010020AC55030822
:1061500019620208F0010020D055030841620208CC
:10616000F401002080B582B000AF7860104B1B783E
:10617000012B0CD10F4B1B78012B05D10E4B1B783B
:10618000022B01D1FCF7A8F8094B00221A700B4B27
:106190001B78012B08D1084B1B78022B04D1FAF78E
:1061A000FDF9064B00221A7000200BF00FFCDDE712
:1061B0006106001034060010ED05001064060010A2
:1061C00080B582B000AF7860104B1B78012B06D1F0
:1061D000FEF79CFFFCF75AFA0C4B00221A700C4B8E
:1061E0001B78012B0ED1FDF767FAFEF7B7FCFFF71E
:1061F0005BF9084B1B78012B01D1FEF7A7FA044B82
:1062000000221A7000200BF0E1FBDDE762060010AF
:10621000650600103406001080B582B000AF7860CB
:10622000064B1B78012B04D1FEF7FCFB034B00222D
:106230001A7000200BF0CAFBF2E700BF60060010E6
:1062400080B582B000AF7860084B1B78012B08D175
:10625000074B1B78012B01D1FDF710FB034B0022EC
:106260001A7000200BF0B2FBEEE700BF63060010CF
:106270003406001080B582B000AF7860054B1B6813
:1062800018460BF04BFC044B01221A7000BF083774
:10629000BD4680BDE80100206106001080B582B0D7
:1062A00000AF78600D4B01221A700D4B01221A705D
:1062B0000C4B01221A700C4B1B6818460BF02EFC7D
:1062C0000A4B1B6818460BF029FC094B1B68184643
:1062D0000BF024FC00BF0837BD4680BD62060010ED
:1062E0006306001060060010EC010020F40100209D
:1062F000F001002080B582B000AF7860054B01222C
:106300001A70054B1B6818460BF008FC00BF0837D5
:10631000BD4680BD64060010E801002080B582B053
:1063200000AF7860054B01221A70054B1B681846B8
:106330000BF0F4FB00BF0837BD4680BD65060010BA
:10634000EC01002080B588B000AF3B1D00221A6030
:106350005A609A60DA601A615A619A61274B4FF06D
:1063600020421A60254B264A5A60244B00229A602C
:10637000224B0022DA60214B00221A611F4B1022AF
:106380005A611E4B00229A611C4B0022DA611B4BA2
:1063900000221A62194B00225A62184B4FF48052A5
:1063A0009A62164B0022DA62144B00221A63134BD6
:1063B00000225A63114B00229A63104B00225A6448
:1063C00001237B600F23BB600523FB6000233B613F
:1063D00010237B611123BB610023FB613B1D002265
:1063E0001946064808F0A2FB0346002B01D000F036
:1063F00015FB00BF2037BD4680BD00BF080200204E
:10640000040100A080B586B000AF3B1D00221A60D9
:106410005A609A60DA601A61244B1B68002B40D1E5
:10642000224B01221A6000233B60214B9B6B204AC8
:1064300043F0010393631E4B9B6B03F001033B602E
:106440003B684FF680737B600223BB600023FB60D8
:1064500003233B610C237B613B1D1946154804F067
:106460003DFC4EF203737B600223BB600023FB60A4
:1064700003233B610C237B613B1D19460E4804F04E
:106480002DFCB0237B600223BB600123FB60032350
:106490003B610C237B613B1D1946074804F01EFC41
:1064A00000E000BF1837BD4680BD00BF6802002075
:1064B0000038024000100240000C024080B582B05B
:1064C00000AF7860FFF79EFF00BF0837BD4680BD74
:1064D00080B58CB000AF07F11C0300221A605A602F
:1064E0009A60DA601A610023BB61674B1B6B664AD6
:1064F00043F010031363644B1B6B03F01003BB6189
:10650000BB6900237B61604B1B6B5F4A43F0040354
:1065100013635D4B1B6B03F004037B617B690023FA
:106520003B61594B1B6B584A43F080031363564B36
:106530001B6B03F080033B613B690023FB60524B04
:106540001B6B514A43F0010313634F4B1B6B03F06A
:106550000103FB60FB680023BB604B4B1B6B4A4A8B
:1065600043F002031363484B1B6B03F00203BB6051
:10657000BB6800237B60444B1B6B434A43F008031A
:106580001363414B1B6B03F008037B607B680022A5
:1065900001213E4804F03AFE00224FF4C0513C482D
:1065A00004F034FE7F23FB6103233B6200237B6204
:1065B00007F11C031946374804F090FB4FF23E43A5
:1065C000FB6103233B6200237B6207F11C03194636
:1065D0002E4804F083FB0123FB6101233B6202236D
:1065E0007B620323BB6207F11C031946274804F0B2
:1065F00075FB48F2AF63FB6103233B6200237B62C0
:1066000007F11C031946244804F068FB4FF23D03D0
:10661000FB6103233B6200237B6207F11C031946E5
:106620001E4804F05BFB4FF4C053FB6101233B6247
:1066300000237B620023BB6207F11C031946144848
:1066400004F04CFB4FF48073FB6102233B62002398
:106650007B620323BB620023FB6207F11C03194624
:106660000D4804F03BFB4C23FB6103233B620023FA
:106670007B6207F11C031946054804F02FFB00BF9D
:106680003037BD4680BD00BF0038024000080240E0
:10669000000C0240001002400000024000040240D2
:1066A00080B500AF124B134A1A60114B124A5A6060
:1066B0000F4B00229A600E4B0022DA600C4B4FF415
:1066C00080421A610A4B00225A61094B00229A61EA
:1066D000074B0022DA61064B00221A62044804F0DC
:1066E000AFFD0346002B01D000F098F900BF80BD3C
:1066F0006C02002000580040801A060080B58AB065
:1067000000AF786007F1140300221A605A609A60A3
:10671000DA601A617B681B68194A93422CD1002306
:106720003B61184B1B6B174A43F002031363154B75
:106730001B6B03F002033B613B694FF440637B61D9
:106740001223BB610123FB6103233B6204237B62B1
:1067500007F1140319460C4804F0C0FA0023FB604B
:10676000084B1B6C074A43F480031364054B1B6CF6
:1067700003F48003FB60FB6800BF2837BD4680BD83
:1067800000580040003802400004024080B582B04A
:1067900000AF78607B681B680E4A934215D10E4BA0
:1067A0001B6C0D4A23F4800313644FF480610B4883
:1067B00004F030FC4FF40061084804F02BFC212069
:1067C00001F0ECFD222001F0E9FD00BF0837BD46D5
:1067D00080BD00BF00580040003802400004024065
:1067E00080B500AF00F014FD00F026F806F08AFF37
:1067F000FFF7D6FBFFF76CFEFFF75AF9FFF7B4FA85
:10680000FFF7A0FD00F012F9FFF74AFF00F06CFB64
:1068100000F086F80C21074808F0BEFB09F040FBA9
:10682000FFF710FC09F060FB0420FEF73BFC00BF03
:10683000FDE700BFE803002080B594B000AF07F18A
:1068400020033022002118460CF030FC07F10C0325
:1068500000221A605A609A60DA601A610023BB60F5
:106860002D4B1B6C2C4A43F0805313642A4B1B6C3A
:1068700003F08053BB60BB6800237B60274B1B6821
:10688000264A43F480431360244B1B6803F480437F
:106890007B607B6809233B624FF480337B6201237A
:1068A0007B630223BB634FF48003FB6304233B64DD
:1068B000A8237B640223BB640423FB6407F1200349
:1068C000184606F07DFF0346002B01D000F0A6F825
:1068D0000F23FB6002233B6100237B614FF4A05335
:1068E000BB614FF48053FB6107F10C03052118468F
:1068F00007F0DEF90346002B01D000F08FF84FF0CF
:10690000E0624FF4C001002007F0B8FA07F01EFB68
:1069100000BF5037BD4680BD0038024000700040C7
:1069200080B500AF00220321042001F00DFD0420FA
:1069300001F026FD00220F21512001F005FD51201C
:1069400001F01EFD00220F21012001F0FDFC0120BD
:1069500001F016FD002207214E2001F0F5FC4E202B
:1069600001F00EFD00220821142001F0EDFC14209E
:1069700001F006FD00220921152001F0E5FC15209B
:1069800001F0FEFC00220A21132001F0DDFC13209F
:1069900001F0F6FC00220C21162001F0D5FC162097
:1069A00001F0EEFC00220121052001F0CDFC0520C4
:1069B00001F0E6FC00220121212001F0C5FC21208C
:1069C00001F0DEFC00220121222001F0BDFC22208A
:1069D00001F0D6FC00220121462001F0B5FC462042
:1069E00001F0CEFC002201211D2001F0ADFC1D2094
:1069F00001F0C6FC00BF80BD80B582B000AF7860FA
:106A00007B681B68044A934201D100F023FC00BF5D
:106A10000837BD4680BD00BF0000014080B500AF13
:106A20000320FEF73FFB00BF80BD000080B586B0AD
:106A300000AF3B1D00221A605A609A60DA601A614A
:106A400000233B60244B254A1A60234B00225A60E6
:106A5000214B7F229A60204BFF22DA601E4B0022DE
:106A60001A611D4B00225A611B4B00229A611A4881
:106A700007F0E2FC0346002B01D0FFF7CFFF122303
:106A80003B7100237B710023BB7100233B614FF4FA
:106A900080237B613B1D012219460F4807F080FDD2
:106AA0000346002B01D0FFF7B9FF01233B700923F8
:106AB0007B701123BB700023FB703B4601221946FB
:106AC000054807F065FE0346002B01D0FFF7A6FF3F
:106AD00000BF1837BD4680BDF002002000280040EE
:106AE00080B586B000AF786007F1080300221A6015
:106AF0005A609A60DA607B681B680C4A934211D135
:106B00000223BB604FF400737B6107F10803184652
:106B100007F0B0FB0346002B01D0FFF77FFF044BCB
:106B200001221A6000BF1837BD4680BD0028004012
:106B30003C0E474280B483B000AF78607B681B682E
:106B4000054A934202D1054B00221A6000BF0C3760
:106B5000BD465DF8047B7047002800403C0E47426C
:106B600080B582B000AF00237B60214B5B6C204A74
:106B700043F4804353641E4B5B6C03F480437B609F
:106B80007B6800233B601A4B1B6C194A43F080530F
:106B90001364174B1B6C03F080533B603B6800226F
:106BA00001216FF00B0001F0CFFB002201216FF0FB
:106BB0000A0001F0C9FB002201216FF0090001F079
:106BC000C3FB002201216FF0040001F0BDFB002295
:106BD00001216FF0030001F0B7FB00220F216FF0DD
:106BE000010001F0B1FB00BF0837BD4680BD00BF0A
:106BF0000038024080B58CB000AF78600023BB62E3
:106C000000237B620023BB602F4B5B6C2E4A43F05A
:106C1000010353642C4B5B6C03F00103BB60BB6846
:106C200007F10C0207F110031146184607F0D4FAD9
:106C300007F0BEFA03465B00BB62BB6A234AA2FBB5
:106C400003239B0C013B7B62214B224A1A60204BA1
:106C500040F2E732DA601E4A7B6A53601C4B002226
:106C60001A611B4B00229A60194B00229A61184846
:106C700007F0DAFF034687F82F3097F82F30002B04
:106C80001BD1134808F05EF8034687F82F3097F8B9
:106C90002F30002B11D1192001F072FB7B680F2BD4
:106CA00008D800227968192001F04EFB0A4A7B6857
:106CB000136002E0012387F82F3097F82F30184631
:106CC0003037BD4680BD00BF0038024083DE1B4325
:106CD00030030020000001401000002080B400AF0D
:106CE000064B1B68DA68054B1B6822F00102DA606C
:106CF00000BFBD465DF8047B704700BF3003002035
:106D000080B500AF07F09AFA0520FEF7CBF900BF77
:106D1000FDE780B500AF0620FEF7C4F900BFFDE730
:106D200080B500AF0720FEF7BDF900BFFDE780B5D5
:106D300000AF0820FEF7B6F900BFFDE780B500AF51
:106D40000920FEF7AFF900BFFDE780B400AF00BF38
:106D5000BD465DF8047B704780B500AF06F006FDC8
:106D600000BF80BD80B500AF03F078FC00BF80BDE0
:106D700080B400AF00BFBD465DF8047B70470000E3
:106D800080B500AF024800F070FF00BF80BD00BFBB
:106D9000CC00002080B500AF024800F066FF00BFC5
:106DA00080BD00BFCC00002080B500AF024800F0DD
:106DB0005CFF00BF80BD00BFCC00002080B500AFED
:106DC000024800F052FF00BF80BD00BFCC00002091
:106DD00080B500AF024808F0A7F900BF80BD00BF32
:106DE0003003002080B500AF024808F09DF900BFD5
:106DF00080BD00BFE803002080B500AF024804F06A
:106E0000EBFC00BF80BD00BF6C02002080B500AF6E
:106E1000024804F052FE00BF80BD00BF6C0200209B
:106E200080B500AF024801F0C5FF00BF80BD00BFC4
:106E30008801002080B500AF024801F0E9FB00BFE7
:106E400080BD00BF3001002080B500AF0A20FEF7F2
:106E500029F900BF80BD000080B586B000AF786022
:106E6000144A154BD31A7B617B693B61134B1B683A
:106E7000002B02D1114B124A1A60104B1A687B6822
:106E800013443A699A4207D20CF086F903460C2261
:106E90001A604FF0FF3309E0084B1B68FB60074B9B
:106EA0001A687B681344054A1360FB681846183754
:106EB000BD4680BD0000022000020000E403002067
:106EC000784A002080B400AF064BD3F88830054ADA
:106ED00043F47003C2F8883000BFBD465DF8047B00
:106EE000704700BF00ED00E080B58AB000AF07F149
:106EF000200300221A605A603B1D00221A605A606B
:106F00009A60DA601A615A619A61224B224A1A60C9
:106F1000204BA7225A601F4B00229A601D4B42F261
:106F20000F72DA601B4B00221A611A4B00229A6121
:106F3000184807F077FF0346002B01D0FFF76EFDDE
:106F400000233B6200237B6207F1200319461148AE
:106F500008F0F0FD0346002B01D0FFF75FFD602332
:106F60007B600023BB600023FB6000237B613B1D33
:106F70000C221946074808F0E7F90346002B01D018
:106F8000FFF74CFD034800F02BF800BF2837BD4643
:106F900080BD00BFE80300200004004080B485B03D
:106FA00000AF78607B681B680B4A93420DD10023C9
:106FB000FB600A4B1B6C094A43F002031364074B46
:106FC0001B6C03F00203FB60FB6800BF1437BD4677
:106FD0005DF8047B704700BF0004004000380240A9
:106FE00080B588B000AF786007F10C0300221A600A
:106FF0005A609A60DA601A617B681B68124A934291
:107000001DD10023BB60114B1B6B104A43F00203E0
:1070100013630E4B1B6B03F00203BB60BB680223C0
:10702000FB6002233B6100237B610023BB610223E1
:10703000FB6107F10C031946054803F04FFE00BF42
:107040002037BD4680BD00BF00040040003802402C
:107050000004024080B582B000AF78607B681B6896
:10706000074A934208D1074B1B6C064A23F00203E0
:1070700013641D2001F092F900BF0837BD4680BDA2
:107080000004004000380240DFF84CD0FFF71AFF40
:1070900012481349134A002302E0D458C450043361
:1070A000C4188C42F9D310481049114A002302E059
:1070B000D458C4500433C4188C42F9D30D4A0E4C32
:1070C000002301E013600432A242FBD30CF06AF803
:1070D000FFF786FB70470000000002200000002040
:1070E0006C0000209856030800000010680600108D
:1070F000045703086C000020784A0020FEE780B5A2
:1071000084B000AF78607B68002B05D172B600BFF9
:10711000FFF784FC00BFFDE77B681B7A012B05D9D4
:1071200072B600BFFFF77AFC00BFFDE77B681B7AF1
:107130005A1CD1B27A6811721946EFF311824FF0DE
:10714000100383F31188BFF36F8FBFF34F8FFA6083
:10715000BB60FA687B6843F8212000BF1037BD464A
:1071600080BD80B584B000AF78607B68002B05D10E
:1071700072B600BFFFF752FC00BFFDE77B681B7AC9
:10718000013BDAB27B681A727B681B7A012B05D946
:1071900072B600BFFFF742FC00BFFDE77B681B7AB9
:1071A0001A467B6853F82230FB60FB6883F3118832
:1071B00000BF00BF1037BD4680BD80B582B000AFB4
:1071C00078607B68002B05D172B600BFFFF726FC04
:1071D00000BFFDE77B681846FFF791FF00BF083747
:1071E000BD4680BD80B582B000AF78607B68002B63
:1071F00005D172B600BFFFF711FC00BFFDE77B6849
:107200001846FFF7AEFF00BF0837BD4680BD00003F
:1072100080B500AF0E4B1B680D4A43F4007313603A
:107220000B4B1B680A4A43F480631360084B1B68CE
:10723000074A43F480731360032001F07AF80F20AB
:10724000FFF7D8FCFFF78CFC0023184680BD00BF79
:10725000003C024080B400AF064B1B781A46064B38
:107260001B681344044A136000BFBD465DF8047BED
:10727000704700BF14000020A804002080B400AFB5
:10728000034B1B681846BD465DF8047B704700BF82
:10729000A804002080B584B000AF7860FFF7EEFF4F
:1072A000B8607B68FB60FB68B3F1FF3F05D00A4B19
:1072B0001B781A46FB681344FB6000BFFFF7DEFF34
:1072C0000246BB68D31AFA689A42F7D800BF00BFDB
:1072D0001037BD4680BD00BF1400002080B584B0CB
:1072E00000AF78607B68002B01D101231CE17B6833
:1072F00093F82030DBB2002B31D17B688C4A1A64C2
:107300007B688C4A5A647B688B4A9A647B688B4A98
:10731000DA647B688A4A9A627B688A4ADA627B68A6
:10732000894A1A637B68894A5A637B68884A9A63E8
:107330007B68884ADA637B68874A1A657B68874A74
:107340005A657B68864A9A657B68DB6D002B02D1A3
:107350007B68844ADA657B68DB6D786898477B6870
:107360001B681A687B681B6842F001021A60FFF70D
:1073700085FFF86012E0FFF781FF0246FB68D31A31
:107380000A2B0BD97B685B6A43F400327B685A6234
:107390007B68052283F820200123C5E07B681B68F9
:1073A0005B6803F00103002BE5D07B681B681A685B
:1073B0007B681B6822F002021A60FFF75FFFF8602B
:1073C00012E0FFF75BFF0246FB68D31A0A2B0BD9CA
:1073D0007B685B6A43F400327B685A627B680522F3
:1073E00083F8202001239FE07B681B685B6803F023
:1073F0000203002BE5D17B681B7E012B08D17B6843
:107400001B681A687B681B6842F080021A6007E0FC
:107410007B681B681A687B681B6822F080021A6010
:107420007B685B7E012B08D17B681B681A687B68D0
:107430001B6842F040021A6007E07B681B681A680C
:107440007B681B6822F040021A607B689B7E012BE0
:1074500008D17B681B681A687B681B6842F02002B1
:107460001A6007E07B681B681A687B681B6822F05B
:1074700020021A607B68DB7E012B08D17B681B68C9
:107480001A687B681B6822F010021A6007E07B68AC
:107490001B681A687B681B6842F010021A607B68E0
:1074A0001B7F012B08D17B681B681A687B681B68EF
:1074B00042F008021A6007E07B681B681A687B6864
:1074C0001B6822F008021A607B685B7F012B08D1E1
:1074D0007B681B681A687B681B6842F004021A60AC
:1074E00007E07B681B681A687B681B6822F004024F
:1074F0001A607B689A687B68DB681A437B681B6943
:107500001A437B685B6942EA03017B685B685A1E29
:107510007B681B680A43DA617B6800225A627B68D9
:10752000012283F82020002318461037BD4680BD75
:10753000A12D0208293202086D800208818002080C
:10754000F57F0208098002081D80020831800208C8
:10755000458002085980020895800208A980020827
:10756000F12A0208B55C020880B487B000AF7860E9
:1075700039607B681B687B617B6893F82030FB7403
:10758000FB7C012B03D0FB7C022B40F0BE80654BC3
:107590007B617B69D3F8003243F001027B69C3F859
:1075A00000227B69D3F8003223F47C527B69C3F854
:1075B00000227B69D3F800223B685B6A1B021A43F6
:1075C0007B69C3F800223B685B6903F01F0301225B
:1075D00002FA03F3FB607B69D3F81C22FB68DB43F0
:1075E0001A407B69C3F81C223B68DB69002B23D15E
:1075F0007B69D3F80C22FB68DB431A407B69C3F834
:107600000C223B68DB6819043B685B689BB23A68F4
:10761000526919437B69483243F832103B689B68D2
:1076200019043B681B689AB23B685B690A43796935
:107630004833DB000B445A603B68DB69012B22D1E5
:107640007B69D3F80C22FB681A437B69C3F80C22D0
:107650003B681B6819043B685B689BB23A685269D7
:1076600019437B69483243F832103B689B68190420
:107670003B68DB689AB23B685B690A4379694833C7
:10768000DB000B445A603B689B69002B09D17B6986
:10769000D3F80422FB68DB431A407B69C3F8042259
:1076A00007E07B69D3F80422FB681A437B69C3F8BF
:1076B00004223B681B69002B09D17B69D3F8142293
:1076C000FB68DB431A407B69C3F8142207E07B693F
:1076D000D3F81422FB681A437B69C3F814223B6871
:1076E0001B6A012B07D17B69D3F81C22FB681A4364
:1076F0007B69C3F81C227B69D3F8003223F00102B6
:107700007B69C3F80022002306E07B685B6A43F4D0
:1077100080227B685A62012318461C37BD465DF8FB
:10772000047B70470064004080B584B000AF78608F
:107730007B6893F82030DBB2012B2ED17B680222CC
:1077400083F820207B681B681A687B681B6822F01E
:1077500001021A60FFF792FDF86012E0FFF78EFD5C
:107760000246FB68D31A0A2B0BD97B685B6A43F489
:1077700000327B685A627B68052283F8202001234F
:1077800012E07B681B685B6803F00103002BE5D106
:107790007B6800225A62002306E07B685B6A43F440
:1077A00000227B685A62012318461037BD4680BD0F
:1077B00080B485B000AF78607B6893F82030FB73AD
:1077C000FB7B012B02D0FB7B022B09D17B681B6862
:1077D0001A687B681B6842F002021A60002306E008
:1077E0007B685B6A43F480227B685A6201231846F7
:1077F0001437BD465DF8047B704780B485B000AF98
:1078000078600023FB607B6893F82030FB72FB7A82
:10781000012B02D0FB7A022B08D17B681B685B68C6
:1078200003F00203002B01D00123FB60FB68184624
:107830001437BD465DF8047B704780B489B000AF53
:10784000F860B9607A603B60FB6893F82030FB77A2
:10785000FB681B689B68BB61FB7F012B03D0FB7F30
:10786000022B40F0AD80BB6903F08063002B0AD18E
:10787000BB6903F00063002B05D1BB6903F08053A3
:10788000002B00F09580BB691B0E03F003037B61A6
:1078900001227B699A403B681A60BB689B68002B99
:1078A0000DD1BB681B685A05BB68DB68F9680968BD
:1078B0001A437B6918331B010B441A600FE0BB6845
:1078C0005B68DA00BB689B681A43BB68DB68F968D1
:1078D00009681A437B6918331B010B441A60FB6863
:1078E0001968BB681A697B6918331B010B440433A0
:1078F0001A60BB681B7D012B11D1FB681A687B697C
:1079000018331B01134404331B68FA68116843F4ED
:1079100080727B6918331B010B4404331A607B6847
:1079200007331B781A067B6806331B781B041A433F
:107930007B6805331B781B0213437A680432127884
:107940001046FA68116843EA00027B691B010B4488
:1079500003F5C6731A607B6803331B781A067B68CD
:1079600002331B781B041A437B6801331B781B020C
:1079700013437A6812781046FA68116843EA0002E5
:107980007B691B010B4403F5C4731A60FB681A681A
:107990007B6918331B0113441B68FA68116843F0B4
:1079A00001027B6918331B010B441A6000230EE0AF
:1079B000FB685B6A43F40012FB685A62012306E02D
:1079C000FB685B6A43F48022FB685A620123184615
:1079D0002437BD465DF8047B704780B487B000AFA4
:1079E000F860B9607A603B60FB6893F82030FB7503
:1079F000FB7D012B03D0FB7D022B40F00381BB6894
:107A0000002B0ED1FB681B68DB6803F00303002B1F
:107A100016D1FB685B6A43F40012FB685A620123CB
:107A2000F7E0FB681B681B6903F00303002B07D119
:107A3000FB685B6A43F40012FB685A620123E8E0CA
:107A4000FB681A68BB681B331B0113441B6803F0F7
:107A500004027B689A607B689B68002B0CD1FB68F2
:107A60001A68BB681B331B0113441B685B0DC3F30F
:107A70000A027B681A600BE0FB681A68BB681B335C
:107A80001B0113441B68DB0823F060427B685A60CB
:107A9000FB681A68BB681B331B0113441B6803F0A7
:107AA00002027B68DA60FB681A68BB681B331B0143
:107AB000134404331B6803F00803002B03D07B68D6
:107AC00008221A610BE0FB681A68BB681B331B01B4
:107AD000134404331B6803F00F027B681A61FB68D0
:107AE0001A68BB681B331B01134404331B681B0A51
:107AF000DAB27B689A61FB681A68BB681B331B01AA
:107B0000134404331B681B0C9AB27B685A61FB68F0
:107B10001A68BB681B01134403F5DC731B68DAB2F7
:107B20003B681A70FB681A68BB681B01134403F5B5
:107B3000DC731B681A0A3B680133D2B21A70FB6807
:107B40001A68BB681B01134403F5DC731B681A0C2D
:107B50003B680233D2B21A70FB681A68BB681B011B
:107B6000134403F5DC731B681A0E3B680333D2B26F
:107B70001A70FB681A68BB681B01134403F5DE73B7
:107B80001A683B680433D2B21A70FB681A68BB6883
:107B90001B01134403F5DE731B681A0A3B680533A7
:107BA000D2B21A70FB681A68BB681B01134403F554
:107BB000DE731B681A0C3B680633D2B21A70FB687E
:107BC0001A68BB681B01134403F5DE731B681A0EA9
:107BD0003B680733D2B21A70BB68002B08D1FB6830
:107BE0001B68DA68FB681B6842F02002DA6007E075
:107BF000FB681B681A69FB681B6842F020021A6167
:107C0000002306E0FB685B6A43F48022FB685A624B
:107C1000012318461C37BD465DF8047B704780B4CD
:107C200085B000AF786039607B6893F82030FB73D3
:107C3000FB7B012B02D0FB7B022B09D17B681B68ED
:107C400059697B681B683A680A435A61002306E059
:107C50007B685B6A43F480227B685A620123184682
:107C60001437BD465DF8047B704780B58AB000AF1D
:107C7000786000237B627B681B685B693B627B6882
:107C80001B685B68FB617B681B689B68BB617B68EA
:107C90001B68DB687B617B681B681B693B617B68D9
:107CA0001B689B69FB603B6A03F00103002B00F03B
:107CB0008380BB6903F00103002B25D07B681B6820
:107CC00001229A60BB6903F00203002B04D07B6899
:107CD0009B6A7868984717E0BB6903F00403002BA0
:107CE00004D07B6A43F400637B620DE0BB6903F060
:107CF0000803002B04D07B6A43F480537B6203E0CB
:107D00007B685B6B78689847BB6903F48073002BD2
:107D100026D07B681B684FF480729A60BB6903F4BD
:107D20000073002B04D07B68DB6A7868984717E003
:107D3000BB6903F48063002B04D07B6A43F40053D7
:107D40007B620DE0BB6903F40063002B04D07B6A07
:107D500043F480437B6203E07B689B6B78689847C1
:107D6000BB6903F48033002B26D07B681B684FF47B
:107D700080329A60BB6903F40033002B04D07B6827
:107D80001B6B7868984717E0BB6903F48023002BCE
:107D900004D07B6A43F400437B620DE0BB6903F4CB
:107DA0000023002B04D07B6A43F480337B6203E022
:107DB0007B68DB6B786898473B6A03F00803002B0D
:107DC0000CD07B6903F01003002B07D07B6A43F4CF
:107DD00000737B627B681B681022DA603B6A03F0E9
:107DE0000403002B0CD07B6903F00803002B07D0A1
:107DF0007B681B680822DA607B685B6C7868984750
:107E00003B6A03F00203002B0AD07B681B68DB6827
:107E100003F00303002B03D07B681B6C7868984742
:107E20003B6A03F04003002B0CD03B6903F01003C6
:107E3000002B07D07B6A43F480637B627B681B68FE
:107E400010221A613B6A03F02003002B0CD03B691F
:107E500003F00803002B07D07B681B6808221A6117
:107E60007B68DB6C786898473B6A03F01003002B53
:107E70000AD07B681B681B6903F00303002B03D047
:107E80007B689B6C786898473B6A03F40033002B4F
:107E90000CD0FB6903F01003002B07D07B681B6834
:107EA00010225A607B681B6D786898473B6A03F420
:107EB0008033002B0CD0FB6903F00803002B07D0A4
:107EC0007B681B6808225A607B685B6D78689847FE
:107ED0003B6A03F40043002B7BD0FB6903F00403EF
:107EE000002B72D03B6A03F48073002B08D0FB6830
:107EF00003F00103002B03D07B6A43F001037B6294
:107F00003B6A03F40073002B08D0FB6803F0020304
:107F1000002B03D07B6A43F002037B623B6A03F4CD
:107F20008063002B08D0FB6803F00403002B03D010
:107F30007B6A43F004037B623B6A03F40063002B1B
:107F400043D0FB6803F07003002B3ED0FB6803F0C6
:107F50007003602B2BD0602B2ED8502B22D0502BAF
:107F60002AD8402B19D0402B26D8302B10D0302BBC
:107F700022D8102B02D0202B05D01DE07B6A43F0C5
:107F800008037B6219E07B6A43F010037B6214E014
:107F90007B6A43F020037B620FE07B6A43F040037F
:107FA0007B620AE07B6A43F080037B6205E07B6AC8
:107FB00043F480737B6200E000BF7B681B689A69B2
:107FC0007B681B6822F070029A617B681B68042240
:107FD0005A607B6A002B09D07B685A6A7B6A1A4315
:107FE0007B685A627B689B6D7868984700BF28372A
:107FF000BD4680BD80B483B000AF786000BF0C3751
:10800000BD465DF8047B704780B483B000AF7860F4
:1080100000BF0C37BD465DF8047B704780B483B069
:1080200000AF786000BF0C37BD465DF8047B704739
:1080300080B483B000AF786000BF0C37BD465DF8F8
:10804000047B704780B483B000AF786000BF0C370A
:10805000BD465DF8047B704780B483B000AF7860A4
:1080600000BF0C37BD465DF8047B704780B483B019
:1080700000AF786000BF0C37BD465DF8047B7047E9
:1080800080B483B000AF786000BF0C37BD465DF8A8
:10809000047B704780B483B000AF786000BF0C37BA
:1080A000BD465DF8047B704780B483B000AF786054
:1080B00000BF0C37BD465DF8047B704780B485B0C7
:1080C00000AF78607B6893F82030FB73FB7B012B5B
:1080D00002D0FB7B022B12D17B681B685B6803F02C
:1080E0000203002B02D00423FB7308E07B681B68AB
:1080F0001B6803F00203002B01D00323FB73FB7BFF
:1081000018461437BD465DF8047B704780B485B0CF
:1081100000AF78600023FB737B6893F82030BB735B
:10812000BB7B012B02D0BB7B022B03D17B680022DF
:108130005A6207E07B685B6A43F480227B685A627C
:108140000123FB73FB7B18461437BD465DF8047BA7
:108150007047000080B485B000AF78607B6803F0A2
:108160000703FB600C4BDB68BB60BA684FF6FF038C
:108170001340BB60FB681A02BB68134343F0BF6344
:1081800043F40033BB60044ABB68D36000BF1437BC
:10819000BD465DF8047B704700ED00E080B400AFA1
:1081A000044BDB681B0A03F007031846BD465DF865
:1081B000047B704700ED00E080B483B000AF03465D
:1081C000FB7197F90730002B0BDBFB7903F01F02E3
:1081D000074997F907305B09012000FA02F241F8DC
:1081E000232000BF0C37BD465DF8047B704700BFFD
:1081F00000E100E080B483B000AF0346FB7197F963
:108200000730002B12DBFB7903F01F020A4997F9B4
:1082100007305B09012000FA02F2203341F82320E5
:10822000BFF34F8F00BFBFF36F8F00BF00BF0C378E
:10823000BD465DF8047B704700E100E080B483B088
:1082400000AF0346FB7197F90730002B0CDBFB797D
:1082500003F01F02074997F907305B09012000FA74
:1082600002F2603341F8232000BF0C37BD465DF8B1
:10827000047B704700E100E080B483B000AF0346A8
:108280003960FB7197F90730002B0ADB3B68DAB2E3
:108290000C4997F907301201D2B20B4483F800233E
:1082A0000AE03B68DAB20849FB7903F00F03043BAC
:1082B0001201D2B20B441A7600BF0C37BD465DF8EE
:1082C000047B704700E100E000ED00E080B489B07D
:1082D00000AFF860B9607A60FB6803F00703FB61E8
:1082E000FB69C3F10703042B28BF0423BB61FB69AF
:1082F0000433062B02D9FB69033B00E000237B61BA
:108300004FF0FF32BB6902FA03F3DA43BB681A404D
:108310007B699A404FF0FF317B6901FA03F3D9433F
:108320007B680B40134318462437BD465DF8047B39
:10833000704780B582B000AF78607868FFF70AFFB9
:1083400000BF0837BD4680BD80B586B000AF03468C
:10835000B9607A60FB7300237B61FFF71FFF7861D0
:108360007A68B9687869FFF7B1FF024697F90F306C
:1083700011461846FFF780FF00BF1837BD4680BD85
:1083800080B582B000AF0346FB7197F907301846FD
:10839000FFF712FF00BF0837BD4680BD80B582B031
:1083A00000AF0346FB7197F907301846FFF722FF2D
:1083B00000BF0837BD4680BD80B582B000AF034620
:1083C000FB7197F907301846FFF738FF00BF0837F1
:1083D000BD4680BD80B582B000AF78607B685B6DC4
:1083E000002B02D17B680B4A5A657B685B6D78680D
:1083F00098477B680022DA637B68002283F8252097
:108400007B68002283F82420002318460837BD46E5
:1084100080BD00BF395F020880B588B002AFF86048
:10842000B9607A603B6000237B61FB6893F824307D
:10843000012B01D1022386E0FB68012283F824206E
:10844000FB68022283F82520FB681B681A68FB681A
:108450001B6842F480421A60FB681B681A68FB685C
:108460001B6822F002021A60FB681B681968FB682F
:108470001B68BA680A431A60FB689B6B344ADA636C
:10848000FB689B6B334ADA64FB689B6B00221A65BE
:10849000FB6800229A62FB6800221A633B68B3F50E
:1084A000803F0AD2FB68986BFB681B68283319462B
:1084B0003B687A6800F094FB38E0FB689B6B244AC9
:1084C0005A64FB6801229A62FB683A68DA62FB68C8
:1084D0007A685A6309E0FB68DB6A5A08FB68DA626B
:1084E000FB689B6A5A00FB689A62FB68DB6AB3F51B
:1084F000803FF0D2FB689B6A9A1EFB689A62FB6819
:108500009A6AFB681A63FB68DB6A9B007A6813440B
:108510007B61FB68986BFB681B6828331946FB6816
:10852000DB6A00937B697A6800F0BCFEFB681B681D
:108530001A68FB681B6842F001021A60FB6800229F
:1085400083F82420002318461837BD4680BD00BF9D
:10855000558702087F88020880B584B000AF786034
:10856000294B1B685B08294AA2FB03239B08BB60BD
:108570000023FB737B6893F82430012B01D1022385
:108580003EE07B68012283F824207B68022283F886
:1085900025207B681B681A687B681B6822F0010233
:1085A0001A60BB685A1EBA60002B08D17B68DB6B6F
:1085B00043F020027B68DA630323FB7306E07B68E9
:1085C0001B681B6803F00103002BEAD17B681B6862
:1085D0001A687B681B6822F480421A607B689B6B78
:1085E000184600F055FB7B68DA6B7B68DA637B68C2
:1085F000012283F825207B68002283F82420FB7B5E
:1086000018461037BD4680BD0C00002093244992C7
:1086100080B584B000AF78607B681B681B69FB6025
:10862000FB6803F00403002B16D07B681B68042250
:108630005A617B68DB6B43F002027B68DA637B681C
:10864000042283F825207B689B6B304A1A657B687F
:108650009B6B184600F08CFBFB6803F00203002BB9
:1086600016D07B681B6802225A617B68DB6B43F083
:1086700001027B68DA637B68042283F825207B682B
:108680009B6B224A1A657B689B6B184600F070FB57
:10869000FB6803F01003002B07D07B681B681022D7
:1086A0005A617B689B6C78689847FB6803F0080305
:1086B000002B07D07B681B6808225A617B685B6CC3
:1086C00078689847FB6803F00103002B1AD07B6899
:1086D0001B681B6803F00203022B07D17B681B6831
:1086E000DA687B681B6822F01E02DA607B681B6810
:1086F000DA687B681B6822F00102DA607B681B6C19
:108700007868984700BF1037BD4680BD7F88020853
:1087100080B483B000AF786000BF0C37BD465DF811
:10872000047B704780B483B000AF786000BF0C3723
:10873000BD465DF8047B704780B483B000AF7860BD
:108740007B6893F82530DBB218460C37BD465DF8E0
:10875000047B704780B584B000AF78600023FB6075
:108760007B689B6BBB60BB689B6A002B43D0BB687C
:108770009B6B1B681B6803F40023FB60BB689B6A50
:1087800003F00103002B18D1FB68002B15D0BB6848
:108790009B6B1B68DB68FB60BB68986BBB68DB6A24
:1087A000DA00FB6813440022194601F0C3FEBB68DF
:1087B0009B6A5A1EBB689A6244E0BB689B6B1B684D
:1087C0001B6803F40023002B3CD1BB689B6B1B6828
:1087D0001B69FB60BB68986BBB68DB6ADA00FB68EF
:1087E00013440122194601F0A5FEBB689B6A5A1E7C
:1087F000BB689A6226E0BB689B6B1B681B6803F42E
:108800000023002B06D0BB689B6B1B68BA68526BB9
:10881000DA6017E0BB689B6B1B681B6803F40023DE
:10882000002B0FD1BB685B6BFB60BB68DB6A9900F8
:10883000BB689B6B1B68FA680A441A61BB681A6BB9
:10884000BB689A62BB689A6ABB681B6B9A4212D17A
:10885000BB681B68DA68BB681B6842F00102DA601B
:10886000BB681B681B6803F00203022B03D1BB68C3
:10887000012283F8252000BF1037BD4680BD80B59A
:1088800084B000AF78607B689B6BFB60FB689B6B80
:108890005B6D022B03D0FB68012283F82520FB6867
:1088A000DB6CF868984700BF1037BD4680BD0000FC
:1088B00080B582B000AF78607B68002B01D10123C6
:1088C00073E07B6893F82530DBB2002B1DD17B6809
:1088D000002283F824207B68364A1A647B68364A73
:1088E0005A647B68354A9A647B68354ADA647B68E7
:1088F0001B6D002B02D17B68324A1A657B681B6DA9
:10890000786898477868FDF757FA7B68022283F801
:1089100025207B681B681B687A68126823F47F63D4
:1089200023F0080313607B681B6819687B685A682A
:108930007B685B691A437B68DB681A437B681B6949
:108940001A437B689B681A437B689B691A437B6860
:108950001B6A1A437B681B680A431A607B685B6862
:10896000102B12D17B681B7F1A467B685B7F1B0232
:108970001A437B689B7F1B0442EA03017B68DB7F11
:108980001A067B681B680A439A617B681B68DA6871
:108990007B681B6842F01E02DA607B680022DA63A3
:1089A0007B68012283F82520002318460837BD463E
:1089B00080BD00BFD14F0208258702081187020839
:1089C0003D4D0208B95D020880B586B000AF786001
:1089D00000237B61FEF752FC38617B68002B01D1DC
:1089E000012399E07B68022283F835207B6800220E
:1089F00083F834207B681B681A687B681B6822F048
:108A000001021A600FE0FEF739FC02463B69D31AF7
:108A1000052B08D97B6820225A657B68032283F8DE
:108A20003520032378E07B681B681B6803F0010393
:108A3000002BE8D17B681B681B687B617A69384B27
:108A400013407B617B685A687B689B681A437B682C
:108A5000DB681A437B681B691A437B685B691A43AE
:108A60007B689B691A437B68DB691A437B681B6AD6
:108A700013437A6913437B617B685B6A042B07D1DC
:108A80007B68DA6A7B681B6B13437A6913437B61EB
:108A90007B681B687A691A607B681B685B697B610D
:108AA0007B6923F007037B617B685B6A7A69134308
:108AB0007B617B685B6A042B17D17B689B6A7A6950
:108AC00013437B617B68DB6A002B0ED0786800F073
:108AD0006DFB0346002B08D07B6840225A657B68FB
:108AE000012283F83520012316E07B681B687A6930
:108AF0005A61786800F024FB0346FB607B68DB6DFD
:108B00003F229A40FB689A607B6800225A657B6826
:108B1000012283F83520002318461837BD4680BD52
:108B20003F8010F080B584B000AF78607B68002B88
:108B300001D1012350E07B6893F83530DBB2022B82
:108B400001D1022348E07B681B681A687B681B68B8
:108B500022F001021A607B681B6800221A607B68A1
:108B60001B6800225A607B681B6800229A607B6841
:108B70001B680022DA607B681B6800221A617B6830
:108B80001B6821225A61786800F0DAFA0346FB601C
:108B90007B680022DA637B6800221A647B6800220B
:108BA0005A647B6800229A647B680022DA647B68DE
:108BB00000221A657B68DB6D3F229A40FB689A6051
:108BC0007B6800225A657B68002283F835207B6829
:108BD000002283F83420002318461037BD4680BD9C
:108BE00080B586B000AFF860B9607A603B60002362
:108BF000FB75FB689B6D3B61FB6893F83430012B80
:108C000001D1022340E0FB68012283F83420FB6895
:108C100093F83530DBB2012B2FD1FB68022283F8A9
:108C20003520FB6800225A653B687A68B968F868A5
:108C300000F058FAFB68DB6D3F229A403B699A606E
:108C4000FB681B681A68FB681B6842F016021A6012
:108C5000FB681B6C002B07D0FB681B681A68FB685D
:108C60001B6842F008021A60FB681B681A68FB6800
:108C70001B6842F001021A6005E0FB68002283F8DD
:108C800034200223FB75FB7D18461837BD4680BD96
:108C900080B584B000AF78607B689B6DFB60FEF7A9
:108CA000EDFAB8607B6893F83530DBB2022B08D060
:108CB0007B6880225A657B68002283F83420012378
:108CC00052E07B681B681A687B681B6822F01602FA
:108CD0001A607B681B685A697B681B6822F08002F7
:108CE0005A617B681B6C002B03D17B689B6C002B4B
:108CF00007D07B681B681A687B681B6822F0080233
:108D00001A607B681B681A687B681B6822F0010286
:108D10001A6013E0FEF7B2FA0246BB68D31A052BBD
:108D20000CD97B6820225A657B68032283F83520A2
:108D30007B68002283F83420032315E07B681B68DE
:108D40001B6803F00103002BE4D17B68DB6D3F223D
:108D50009A40FB689A607B68012283F835207B6823
:108D6000002283F83420002318461037BD4680BD0A
:108D700080B483B000AF78607B6893F83530DBB2A5
:108D8000022B04D07B6880225A6501230CE07B68AB
:108D9000052283F835207B681B681A687B681B688E
:108DA00022F001021A60002318460C37BD465DF818
:108DB000047B704780B586B000AF78600023BB604D
:108DC0008E4B1B688E4AA2FB03239B0A7B617B6848
:108DD0009B6D3B613B691B68FB607B68DB6D082218
:108DE0009A40FB681340002B1AD07B681B681B68F5
:108DF00003F00403002B13D07B681B681A687B68A0
:108E00001B6822F004021A607B68DB6D08229A401E
:108E10003B699A607B685B6D43F001027B685A6531
:108E20007B68DB6D01229A40FB681340002B12D057
:108E30007B681B685B6903F08003002B0BD07B68A9
:108E4000DB6D01229A403B699A607B685B6D43F061
:108E500002027B685A657B68DB6D04229A40FB68DE
:108E60001340002B12D07B681B681B6803F00203C1
:108E7000002B0BD07B68DB6D04229A403B699A6023
:108E80007B685B6D43F004027B685A657B68DB6D31
:108E900010229A40FB681340002B43D07B681B686C
:108EA0001B6803F00803002B3CD07B68DB6D1022AD
:108EB0009A403B699A607B681B681B6803F48023B7
:108EC000002B18D07B681B681B6803F40023002B61
:108ED00008D17B681B6C002B24D07B681B6C7868E6
:108EE00098471FE07B689B6C002B1BD07B689B6CBA
:108EF0007868984716E07B681B681B6803F48073EA
:108F0000002B07D17B681B681A687B681B6822F0FE
:108F100008021A607B681B6C002B03D07B681B6CFB
:108F2000786898477B68DB6D20229A40FB68134085
:108F3000002B00F08F807B681B681B6803F0100318
:108F4000002B00F087807B68DB6D20229A403B6914
:108F50009A607B6893F83530DBB2052B36D17B689D
:108F60001B681A687B681B6822F016021A607B680F
:108F70001B685A697B681B6822F080025A617B6813
:108F80001B6C002B03D17B689B6C002B07D07B688C
:108F90001B681A687B681B6822F008021A607B68ED
:108FA000DB6D3F229A403B699A607B68012283F81F
:108FB00035207B68002283F834207B681B6D002BF2
:108FC0007ED07B681B6D7868984779E07B681B686A
:108FD0001B6803F48023002B1DD07B681B681B6873
:108FE00003F40023002B0DD17B685B6C002B31D088
:108FF0007B685B6C786898472CE000BF0C00002011
:10900000B5814E1B7B68DB6B002B23D07B68DB6B51
:10901000786898471EE07B681B681B6803F48073C0
:10902000002B0FD17B681B681A687B681B6822F0D5
:1090300010021A607B68012283F835207B680022C9
:1090400083F834207B68DB6B002B03D07B68DB6B01
:10905000786898477B685B6D002B32D07B685B6DCE
:1090600003F00103002B22D07B68052283F8352012
:109070007B681B681A687B681B6822F001021A6013
:10908000BB680133BB607A699A4207D37B681B686F
:109090001B6803F00103002BF2D100E000BF7B68E6
:1090A000012283F835207B68002283F834207B6816
:1090B000DB6C002B05D07B68DB6C7868984700E0A0
:1090C00000BF1837BD4680BD80B483B000AF786064
:1090D0007B6893F83530DBB218460C37BD465DF837
:1090E000047B704780B485B000AFF860B9607A60E7
:1090F0003B60FB681B681A68FB681B6822F48022CF
:109100001A60FB681B683A685A60FB689B68402BD2
:1091100008D1FB681B687A689A60FB681B68BA68AC
:10912000DA6007E0FB681B68BA689A60FB681B6836
:109130007A68DA6000BF1437BD465DF8047B70477B
:1091400080B485B000AF78607B681B68DBB2103BF1
:10915000144AA2FB03231B09FB60134AFB68134458
:109160001B781A467B68DA65FB68032B09D97B6894
:109170001B6823F47F7323F003031A1D7B689A6531
:1091800007E07B681B6823F47F7323F003037A688E
:1091900093657B689B6D18461437BD465DF8047B6C
:1091A000704700BFABAAAAAA4C56030880B485B08A
:1091B00000AF78600023FB737B689B6ABB607B68B1
:1091C0009B69002B1FD1BB68032B56D801A252F814
:1091D00023F000BFE5910208F7910208E59102082B
:1091E0007B9202087B68DB6A03F08073002B46D019
:1091F0000123FB7343E07B68DB6AB3F1C07F40D19E
:109200000123FB733DE07B689B69B3F5005F21D1CF
:10921000BB68032B37D801A252F823F02D92020825
:10922000339202082D920208459202080123FB7333
:1092300030E07B68DB6A03F08073002B25D00123CC
:10924000FB7322E07B68DB6AB3F1C07F1FD101238F
:10925000FB731CE0BB68022B03D9BB68032B03D054
:1092600018E00123FB7315E07B68DB6A03F0807371
:10927000002B0ED00123FB730BE000BF0AE000BF00
:1092800008E000BF06E000BF04E000BF02E000BF4E
:1092900000E000BFFB7B18461437BD465DF8047B39
:1092A000704700BF80B586B000AFF860B9607A60E3
:1092B0003B600023FB75FB689B68802B06D1FB6835
:1092C0004FF480725A65012301F011B9FB68DB6B22
:1092D000002B07D0FB685B6C002B03D0FB68DB6CBA
:1092E000002B05D1FB6840225A65012301F0FFB82D
:1092F000FB6893F83430012B02D1022301F0F7B858
:10930000FB68012283F83420FB6893F83530DBB228
:10931000012B41F0E580FB68022283F83520FB68D1
:1093200000225A65FB681B681A68FB681B6842F4D8
:1093300080221A60FB681B683A681A613B6A7A6887
:10934000B968F86801F010F9FB681B681A468D4B84
:109350009A4260D9FB681B688B4A934257D0FB68DE
:109360001B688A4A934250D0FB681B68884A934224
:1093700049D0FB681B68874A934242D0FB681B6850
:10938000854A93423AD0FB681B68844A934232D0A4
:10939000FB681B68824A93422AD0FB681B68814A9B
:1093A000934222D0FB681B687F4A93421AD0FB6825
:1093B0001B687E4A934212D0FB681B687C4A93422A
:1093C0000AD0FB681B687B4A934202D14FF400131A
:1093D0001EE04FF000631BE04FF4001318E04FF461
:1093E000001315E04FF4001312E04FF400630FE098
:1093F0004FF400630CE04FF4006309E04FF40063A6
:1094000006E0202304E0202302E0202300E02023C4
:10941000694AD3604FE1FB681B681A46674B9A4262
:1094200060D9FB681B68584A934257D0FB681B6899
:10943000564A934250D0FB681B68554A934249D024
:10944000FB681B68534A934242D0FB681B68524A30
:1094500093423AD0FB681B68504A934232D0FB6873
:109460001B684F4A93422AD0FB681B684D4A9342BF
:1094700022D0FB681B684C4A93421AD0FB681B68D9
:109480004A4A934212D0FB681B68494A93420AD069
:10949000FB681B68474A934202D14FF400131EE059
:1094A0004FF000631BE04FF4001318E04FF400137B
:1094B00015E04FF4001312E04FF400630FE04FF497
:1094C00000630CE04FF4006309E04FF4006306E032
:1094D000202304E0202302E0202300E02023364A5A
:1094E0009360E8E0FB681B681A46354B9A4240F2ED
:1094F0008280FB681B68244A934278D0FB681B6813
:10950000224A934271D0FB681B68214A93426AD079
:10951000FB681B681F4A934263D0FB681B681E4AA6
:1095200093425BD0FB681B681C4A934253D0FB6894
:109530001B681B4A93424BD0FB681B68194A934235
:1095400043D0FB681B68184A93423BD0FB681B68FA
:10955000164A934212D0FB681B68154A93420AD000
:10956000FB681B68134A934202D14FF400133FE09B
:109570004FF000633CE04FF4001339E04FF4001368
:1095800036E000BF586402401060024010640240A0
:10959000706002407064024028600240286402400B
:1095A000886002408864024040600240406402409B
:1095B000A0600240A064024000640240B860024023
:1095C000586002404FF4001312E04FF400630FE0C4
:1095D0004FF400630CE04FF4006309E04FF40063C4
:1095E00006E0202304E0202302E0202300E02023E3
:1095F0008C4AD3605FE0FB681B688B4A934257D06C
:10960000FB681B68894A934250D0FB681B68884AF4
:10961000934249D0FB681B68864A934242D0FB685C
:109620001B68854A93423AD0FB681B68834A934281
:1096300032D0FB681B68824A93422AD0FB681B68C1
:10964000804A934222D0FB681B687F4A93421AD01B
:10965000FB681B687D4A934212D0FB681B687C4AFA
:1096600093420AD0FB681B687A4A934202D14FF4B6
:1096700000131EE04FF000631BE04FF4001318E0EE
:109680004FF4001315E04FF4001312E04FF40063A1
:109690000FE04FF400630CE04FF4006309E04FF477
:1096A000006306E0202304E0202302E0202300E002
:1096B00020235C4A9360FB681B681A46664B9A42FB
:1096C00060D9FB681B68584A934257D0FB681B68F7
:1096D000564A934250D0FB681B68554A934249D082
:1096E000FB681B68534A934242D0FB681B68524A8E
:1096F00093423AD0FB681B68504A934232D0FB68D1
:109700001B684F4A93422AD0FB681B684D4A93421C
:1097100022D0FB681B684C4A93421AD0FB681B6836
:109720004A4A934212D0FB681B68494A93420AD0C6
:10973000FB681B68474A934202D14FF480131EE036
:109740004FF080631BE04FF4801318E04FF4801358
:1097500015E04FF4801312E04FF480630FE04FF4F4
:1097600080630CE04FF4806309E04FF4806306E00F
:10977000102304E0102302E0102300E01023374AF6
:10978000D3604FE1FB681B681A46354B9A4240F2A2
:109790008280FB681B68244A934278D0FB681B6870
:1097A000224A934271D0FB681B68214A93426AD0D7
:1097B000FB681B681F4A934263D0FB681B681E4A04
:1097C00093425BD0FB681B681C4A934253D0FB68F2
:1097D0001B681B4A93424BD0FB681B68194A934293
:1097E00043D0FB681B68184A93423BD0FB681B6858
:1097F000164A934212D0FB681B68154A93420AD05E
:10980000FB681B68134A934202D14FF480133FE078
:109810004FF080633CE04FF4801339E04FF4801345
:1098200036E000BF00600240106002401064024059
:109830007060024070640240286002402864024068
:1098400088600240886402404060024040640240F8
:10985000A0600240A06402405864024000640240DC
:10986000B86002404FF4801312E04FF480630FE0C1
:109870004FF480630CE04FF4806309E04FF48063A1
:1098800006E0102304E0102302E0102300E0102380
:109890008C4A9360C6E0FB681B681A468A4B9A4262
:1098A00060D9FB681B68894A934257D0FB681B68E4
:1098B000874A934250D0FB681B68864A934249D03E
:1098C000FB681B68844A934242D0FB681B68834A4A
:1098D00093423AD0FB681B68814A934232D0FB68BE
:1098E0001B68804A93422AD0FB681B687E4A9342D9
:1098F00022D0FB681B687D4A93421AD0FB681B6824
:109900007B4A934212D0FB681B687A4A93420AD082
:10991000FB681B68784A934202D14FF480131EE023
:109920004FF080631BE04FF4801318E04FF4801376
:1099300015E04FF4801312E04FF480630FE04FF412
:1099400080630CE04FF4806309E04FF4806306E02D
:10995000102304E0102302E0102300E01023674AE4
:10996000D3605FE0FB681B68584A934257D0FB689E
:109970001B68574A934250D0FB681B68554A934274
:1099800049D0FB681B68544A934242D0FB681B686D
:10999000524A93423AD0FB681B68514A934232D0F4
:1099A000FB681B684F4A93422AD0FB681B684E4AEB
:1099B000934222D0FB681B684C4A93421AD0FB6842
:1099C0001B684B4A934212D0FB681B68494A93427A
:1099D0000AD0FB681B68484A934202D14FF48013B7
:1099E0001EE04FF080631BE04FF4801318E04FF44B
:1099F000801315E04FF4801312E04FF480630FE002
:109A00004FF480630CE04FF4806309E04FF480630F
:109A100006E0102304E0102302E0102300E01023EE
:109A2000364A9360FB681B681A46354B9A4240F2EF
:109A30008280FB681B68254A934278D0FB681B68CC
:109A4000234A934271D0FB681B68224A93426AD032
:109A5000FB681B68204A934263D0FB681B681F4A5F
:109A600093425BD0FB681B681D4A934253D0FB684E
:109A70001B681C4A93424BD0FB681B681A4A9342EE
:109A800043D0FB681B68194A93423BD0FB681B68B4
:109A9000174A934212D0FB681B68164A93420AD0B9
:109AA000FB681B68144A934202D14FF400233FE045
:109AB0004FF000733CE04FF4002339E04FF40023F3
:109AC00036E000BF0064024058600240106002406F
:109AD00010640240706002407064024028600240DE
:109AE000286402408860024088640240406002406E
:109AF00040640240A0600240A06402400060024056
:109B0000586402404FF4002312E04FF400730FE05A
:109B10004FF400730CE04FF4007309E04FF400734E
:109B200006E0082304E0082302E0082300E00823FD
:109B30008C4AD3604EE1FB681B681A468A4B9A42F6
:109B400060D9FB681B68894A934257D0FB681B6841
:109B5000874A934250D0FB681B68864A934249D09B
:109B6000FB681B68844A934242D0FB681B68834AA7
:109B700093423AD0FB681B68814A934232D0FB681B
:109B80001B68804A93422AD0FB681B687E4A934236
:109B900022D0FB681B687D4A93421AD0FB681B6881
:109BA0007B4A934212D0FB681B687A4A93420AD0E0
:109BB000FB681B68784A934202D14FF400231EE0F1
:109BC0004FF000731BE04FF4002318E04FF4002324
:109BD00015E04FF4002312E04FF400730FE04FF450
:109BE00000730CE04FF4007309E04FF4007306E0DB
:109BF000082304E0082302E0082300E00823594A70
:109C00009360E7E0FB681B681A46644B9A4260D990
:109C1000FB681B68554A934257D0FB681B68544A3F
:109C2000934250D0FB681B68524A934249D0FB686C
:109C30001B68514A934242D0FB681B684F4A9342CB
:109C40003AD0FB681B684E4A934232D0FB681B68CF
:109C50004C4A93422AD0FB681B684B4A934222D05D
:109C6000FB681B68494A93421AD0FB681B68484A44
:109C7000934212D0FB681B68464A93420AD0FB68A5
:109C80001B68454A934202D14FF400231EE04FF077
:109C900000731BE04FF4002318E04FF4002315E09D
:109CA0004FF4002312E04FF400730FE04FF4007301
:109CB0000CE04FF4007309E04FF4007306E0082352
:109CC00004E0082302E0082300E00823344AD360BC
:109CD00080E0FB681B68254A934278D0FB681B68CC
:109CE000234A934271D0FB681B68224A93426AD090
:109CF000FB681B68204A934263D0FB681B681F4ABD
:109D000093425BD0FB681B681D4A934253D0FB68AB
:109D10001B681C4A93424BD0FB681B681A4A93424B
:109D200043D0FB681B68194A93423BD0FB681B6811
:109D3000174A934212D0FB681B68164A93420AD016
:109D4000FB681B68144A934202D14FF400233FE0A2
:109D50004FF000733CE04FF4002339E04FF4002350
:109D600036E000BF00640240B8600240106002406C
:109D7000106402407060024070640240286002403B
:109D800028640240886002408864024040600240CB
:109D900040640240A0600240A0640240586002405B
:109DA000006002404FF4002312E04FF400730FE014
:109DB0004FF400730CE04FF4007309E04FF40073AC
:109DC00006E0082304E0082302E0082300E008235B
:109DD0008A4A9360FB681B681A46894B9A4260D98D
:109DE000FB681B68874A934257D0FB681B68864A0A
:109DF000934250D0FB681B68844A934249D0FB6869
:109E00001B68834A934242D0FB681B68814A934295
:109E10003AD0FB681B68804A934232D0FB681B68CB
:109E20007E4A93422AD0FB681B687D4A934222D027
:109E3000FB681B687B4A93421AD0FB681B687A4A0E
:109E4000934212D0FB681B68784A93420AD0FB68A1
:109E50001B68774A934202D14FF480231EE04FF0F3
:109E600080731BE04FF4802318E04FF4802315E04B
:109E70004FF4802312E04FF480730FE04FF48073AF
:109E80000CE04FF4807309E04FF4807306E0042384
:109E900004E0042302E0042300E00423654AD360C5
:109EA00050E1FB681B681A46634B9A4260D9FB6815
:109EB0001B68544A934257D0FB681B68524A93422E
:109EC00050D0FB681B68514A934249D0FB681B681D
:109ED0004F4A934242D0FB681B684E4A93423AD0A5
:109EE000FB681B684C4A934232D0FB681B684B4AA4
:109EF00093422AD0FB681B68494A934222D0FB68F0
:109F00001B68484A93421AD0FB681B68464A934232
:109F100012D0FB681B68454A93420AD0FB681B6855
:109F2000434A934202D14FF480231EE04FF08073E6
:109F30001BE04FF4802318E04FF4802315E04FF42A
:109F4000802312E04FF480730FE04FF480730CE035
:109F50004FF4807309E04FF4807306E0042304E0BB
:109F6000042302E0042300E00423324A9360E9E082
:109F7000FB681B681A46314B9A4240F28380FB68AB
:109F80001B68204A934279D0FB681B681E4A9342A3
:109F900072D0FB681B681D4A93426BD0FB681B683C
:109FA0001B4A934264D0FB681B681A4A93425CD0F8
:109FB000FB681B68184A934254D0FB681B68174A19
:109FC00093424CD0FB681B68154A934244D0FB680F
:109FD0001B68144A93423CD0FB681B68124A9342A8
:109FE00034D0FB681B68114A93422CD0FB681B6875
:109FF0000F4A934224D14FF4802340E00060024096
:10A0000058640240106002401064024070600240D8
:10A010007064024028600240286402408860024068
:10A02000886402404060024040640240A0600240F8
:10A03000A064024000640240B860024058600240E0
:10A040004FF080731BE04FF4802318E04FF480231F
:10A0500015E04FF4802312E04FF480730FE04FF4CB
:10A0600080730CE04FF4807309E04FF4807306E0D6
:10A07000042304E0042302E0042300E004238B4AC9
:10A08000D3605FE0FB681B68894A934257D0FB6846
:10A090001B68884A934250D0FB681B68864A9342EB
:10A0A00049D0FB681B68854A934242D0FB681B6815
:10A0B000834A93423AD0FB681B68824A934232D06B
:10A0C000FB681B68804A93422AD0FB681B687F4A62
:10A0D000934222D0FB681B687D4A93421AD0FB68EA
:10A0E0001B687C4A934212D0FB681B687A4A9342F1
:10A0F0000AD0FB681B68794A934202D14FF480234F
:10A100001EE04FF080731BE04FF4802318E04FF403
:10A11000802315E04FF4802312E04FF480730FE0AA
:10A120004FF480730CE04FF4807309E04FF48073B8
:10A1300006E0042304E0042302E0042300E00423F7
:10A140005A4A9360FB681B681A46654B9A425CD971
:10A15000FB681B68564A934253D0FB681B68554AFC
:10A1600093424CD0FB681B68534A934245D0FB682E
:10A170001B68524A93423ED0FB681B68504A934288
:10A1800037D0FB681B684F4A934230D0FB681B688E
:10A190004D4A934229D0FB681B684C4A934222D017
:10A1A000FB681B684A4A93421AD0FB681B68494AFD
:10A1B000934212D0FB681B68474A93420AD0FB685F
:10A1C0001B68464A934202D14FF480331AE04FF4A1
:10A1D000800317E04FF4803314E04FF4803311E034
:10A1E0004FF480330EE040230CE040230AE040238C
:10A1F00008E0402306E0012304E0012302E00123FC
:10A2000000E00123374AD36041E1FB681B681A462E
:10A21000354B9A427CD9FB681B68254A934273D020
:10A22000FB681B68234A93426CD0FB681B68224A78
:10A23000934265D0FB681B68204A93425ED0FB685E
:10A240001B681F4A934257D0FB681B681D4A934204
:10A2500050D0FB681B681C4A934249D0FB681B68BE
:10A260001A4A934242D0FB681B68194A93421AD09B
:10A27000FB681B68174A934212D0FB681B68164A9A
:10A2800093420AD0FB681B68144A934202D14FF4F0
:10A2900080333AE04FF4800337E04FF4803334E00A
:10A2A0004FF4803331E04FF480332EE00060024001
:10A2B000106002401064024070600240706402400E
:10A2C000286002402864024088600240886402409E
:10A2D0004060024040640240A0600240A06402402E
:10A2E0005864024000640240B860024040230CE021
:10A2F00040230AE0402308E0402306E0012304E075
:10A30000012302E0012300E001237B4A9360BEE0C9
:10A31000FB681B681A46794B9A425CD9FB681B683C
:10A32000774A934253D0FB681B68764A93424CD0DD
:10A33000FB681B68744A934245D0FB681B68734AEC
:10A3400093423ED0FB681B68714A934237D0FB684A
:10A350001B68704A934230D0FB681B686E4A934278
:10A3600029D0FB681B686D4A934222D0FB681B68AA
:10A370006B4A93421AD0FB681B686A4A934212D018
:10A38000FB681B68684A93420AD0FB681B68674AEF
:10A39000934202D14FF480331AE04FF4800317E068
:10A3A0004FF4803314E04FF4803311E04FF48033E6
:10A3B0000EE040230CE040230AE0402308E0402365
:10A3C00006E0012304E0012302E0012300E0012371
:10A3D000574AD3605BE0FB681B68494A934253D0FD
:10A3E000FB681B68474A93424CD0FB681B68464A8F
:10A3F000934245D0FB681B68444A93423ED0FB68B9
:10A400001B68434A934237D0FB681B68414A93421A
:10A4100030D0FB681B68404A934229D0FB681B6818
:10A420003E4A934222D0FB681B683D4A93421AD0B1
:10A43000FB681B683B4A934212D0FB681B683A4A90
:10A4400093420AD0FB681B68384A934202D14FF40A
:10A4500080331AE04FF4800317E04FF4803314E0A8
:10A460004FF4803311E04FF480330EE040230CE0D2
:10A4700040230AE0402308E0402306E0012304E0F3
:10A48000012302E0012300E00123294A9360FB68D5
:10A490001B681A68FB681B6842F016021A60FB68AA
:10A4A0001B685A69FB681B6842F080025A61FB68AE
:10A4B0001B6C002B03D1FB689B6C002B07D0FB6847
:10A4C0001B681A68FB681B6842F008021A60FB6888
:10A4D0001B681A68FB681B6842F001021A6005E0FD
:10A4E000FB68002283F834200223FB75FB7D1846AD
:10A4F0001837BD4680BD00BF00640240586002406E
:10A5000010600240106402407060024070640240BB
:10A51000286002402864024088600240886402404B
:10A520004060024040640240A0600240A0640240DB
:10A530000060024080B485B000AFF860B960134697
:10A54000FB71FB79002B04D1FB681B68BA68DA60E9
:10A5500003E0FB681B68BA681A61002318461437C9
:10A56000BD465DF8047B704780B485B000AFF860ED
:10A57000B9607A603B60FB681B683A685A60FB68A8
:10A580009B68402B08D1FB681B687A689A60FB685F
:10A590001B68BA68DA6007E0FB681B68BA689A60F3
:10A5A000FB681B687A68DA6000BF1437BD465DF847
:10A5B000047B704780B586B000AFF860B960C7E92A
:10A5C00000230123FB75234B1B7E012B01D10223AA
:10A5D0003BE0204B01221A764CF2503000F02CF96F
:10A5E0000346FB75FB7D002B2BD1FB68002B05D1AF
:10A5F0003B781946B86800F0D7F916E0FB68012BE4
:10A6000005D13B881946B86800F0AAF90DE0FB684F
:10A61000022B05D13B681946B86800F07FF904E0C9
:10A62000D7E90023B86800F047F94CF2503000F049
:10A6300003F90346FB75084B1B69074A23F0010326
:10A640001361044B00221A76FB7D18461837BD466D
:10A6500080BD00BFAC040020003C024080B582B049
:10A6600000AF00237B60494BDB6803F0F203002B53
:10A6700020D0474B1B78DBB2012B07D1444BDB6862
:10A680007B60434B4FF0FF32DA600BE0404B1B78AE
:10A69000DBB2022B03D13E4B1B697B6002E03C4BDB
:10A6A0005B697B6000F0A2F9786800F07DF8384BB8
:10A6B00000221A70354BDB6803F00103002B4AD0EF
:10A6C000324B0122DA60324B1B78DBB2012B2DD1E9
:10A6D0002F4B5B68013B2E4A53602D4B5B68002B70
:10A6E00015D02B4BDB687B60786800F053F8284B63
:10A6F000DB680133264AD360254BDB687B60244B43
:10A700001B7ADBB21946786800F05AFA23E04FF062
:10A71000FF337B601E4A7B68D3601D4B00221A709A
:10A7200000F096FA786800F035F814E0184B1B78C2
:10A73000DBB2022B07D100F08BFA154B1B691846D0
:10A7400000F028F804E0124B5B69184600F022F88C
:10A750000F4B00221A700E4B1B78DBB2002B11D16D
:10A760000A4B1B69094A23F0FF031361074B1B695E
:10A77000064A23F080731361044B1B69034A23F0DC
:10A780000073136100BF0837BD4680BD003C024026
:10A79000AC04002080B483B000AF786000BF0C37F9
:10A7A000BD465DF8047B704780B483B000AF78602D
:10A7B00000BF0C37BD465DF8047B704780B483B0A2
:10A7C00000AF0023FB710B4B1B69002B0BDA094B0D
:10A7D000094A5A60074B094A5A60064B1B69002B0D
:10A7E00001DA0123FB71FB7918460C37BD465DF891
:10A7F000047B7047003C024023016745AB89EFCDE5
:10A8000080B400AF054B1B69044A43F00043136159
:10A8100000231846BD465DF8047B7047003C0240AB
:10A8200080B400AF034BDB691846BD465DF8047B7E
:10A83000704700BFAC04002080B584B000AF7860E2
:10A840000023FB601A4B0022DA61FCF717FDF86069
:10A8500010E07B68B3F1FF3F0CD07B68002B07D082
:10A86000FCF70CFD0246FB68D31A7A689A4201D2C3
:10A87000032319E00F4BDB6803F48033002BE8D18E
:10A880000C4BDB6803F00103002B02D0094B0122C3
:10A89000DA60084BDB6803F0F203002B03D000F012
:10A8A000A5F8012300E0002318461037BD4680BDFF
:10A8B000AC040020003C024080B485B000AFF860DA
:10A8C000C7E90023144B1B69134A23F44073136137
:10A8D000114B1B69104A43F4407313610E4B1B6903
:10A8E0000D4A43F001031361FB683A681A60BFF335
:10A8F0006F8F00BFD7E900014FF000024FF0000357
:10A900000A000023F968043113460B6000BF1437B6
:10A91000BD465DF8047B7047003C024080B483B0C4
:10A9200000AF786039600D4B1B690C4A23F440730B
:10A9300013610A4B1B69094A43F400731361074B07
:10A940001B69064A43F0010313617B683A681A6089
:10A9500000BF0C37BD465DF8047B7047003C0240E9
:10A9600080B483B000AF78600B467B800D4B1B69D1
:10A970000C4A23F4407313610A4B1B69094A43F4E0
:10A9800080731361074B1B69064A43F0010313618F
:10A990007B687A881A8000BF0C37BD465DF8047B5F
:10A9A000704700BF003C024080B483B000AF7860C5
:10A9B0000B46FB700C4B1B690B4A23F4407313616D
:10A9C000094B094A1B691361074B1B69064A43F08F
:10A9D000010313617B68FA781A7000BF0C37BD461B
:10A9E0005DF8047B704700BF003C024080B400AFBC
:10A9F000274BDB6803F01003002B08D0254BDB69E5
:10AA000043F01003234AD361214B1022DA60204B1C
:10AA1000DB6803F02003002B08D01E4BDB6943F0FA
:10AA200008031C4AD3611A4B2022DA60184BDB68FA
:10AA300003F04003002B08D0164BDB6943F00403FE
:10AA4000144AD361124B4022DA60114BDB6803F0E9
:10AA50008003002B08D00F4BDB6943F002030D4A43
:10AA6000D3610B4B8022DA60094BDB6803F00203F1
:10AA7000002B08D0074BDB6943F02003054AD36164
:10AA8000034B0222DA6000BFBD465DF8047B7047CD
:10AA9000003C0240AC04002080B584B000AF786078
:10AAA00039600123FB730023BB60314B1B7E012BFC
:10AAB00001D1022358E02E4B01221A764CF250307D
:10AAC000FFF7BAFE0346FB73FB7B002B48D13B68C4
:10AAD0004FF0FF321A607B681B68012B15D17B6831
:10AAE0001B69DAB27B685B681946104600F044F8CF
:10AAF0004CF25030FFF7A0FE0346FB731D4B1B6961
:10AB00001C4A23F00403136128E07B689B68BB6048
:10AB10001CE07B681B69DBB21946B86800F050F88E
:10AB20004CF25030FFF788FE0346FB73114B1B6954
:10AB3000104A23F0FA031361FB7B002B03D03B6820
:10AB4000BA681A600AE0BB680133BB607B68DA68E8
:10AB50007B689B681344BA689A42DAD300F078F8AD
:10AB6000034B00221A76FB7B18461037BD4680BD8A
:10AB7000AC040020003C024080B483B000AF034628
:10AB80003960FB710D4B1B690C4A23F44073136150
:10AB90000A4B1B69094A43F004031361074B1A6906
:10ABA000FB791B021343054A43F48033136100BF52
:10ABB0000C37BD465DF8047B704700BF003C024087
:10ABC00080B485B000AF78600B46FB700023FB605B
:10ABD000FB78002B02D10023FB6010E0FB78012BF7
:10ABE00003D14FF48073FB6009E0FB78022B03D1A3
:10ABF0004FF40073FB6002E04FF44073FB60134BB3
:10AC00001B69124A23F440731361104B1A690F49F0
:10AC1000FB6813430B610D4B1B690C4A23F0F803CF
:10AC200013610A4B1A697B68DB001343074A43F040
:10AC300002031361054B1B69044A43F4803313611B
:10AC400000BF1437BD465DF8047B7047003C0240EE
:10AC500080B400AF204B1B6803F40073002B17D0A7
:10AC60001D4B1B681C4A23F4007313601A4B1B68AE
:10AC7000194A43F400631360174B1B68164A23F408
:10AC800000631360144B1B68134A43F40073136092
:10AC9000114B1B6803F48063002B17D00E4B1B680D
:10ACA0000D4A23F4806313600B4B1B680A4A43F47C
:10ACB00080531360084B1B68074A23F480531360CA
:10ACC000054B1B68044A43F48063136000BFBD4614
:10ACD0005DF8047B704700BF003C024080B489B03F
:10ACE00000AF7860396000237B6100233B61002363
:10ACF000BB610023FB616BE10122FB6902FA03F3F4
:10AD00007B613B681B687A6913403B613A697B69E8
:10AD10009A4240F05A813B685B6803F00303012BC1
:10AD200005D03B685B6803F00303022B30D17B68DE
:10AD30009B68BB61FB695B00032202FA03F3DB4300
:10AD4000BA691340BB613B68DA68FB695B0002FAD1
:10AD500003F3BA691343BB617B68BA699A607B6885
:10AD60005B68BB610122FB6902FA03F3DB43BA694A
:10AD70001340BB613B685B681B0903F00102FB6980
:10AD800002FA03F3BA691343BB617B68BA695A607C
:10AD90003B685B6803F00303032B17D07B68DB6819
:10ADA000BB61FB695B00032202FA03F3DB43BA6970
:10ADB0001340BB613B689A68FB695B0002FA03F3CE
:10ADC000BA691343BB617B68BA69DA603B685B6848
:10ADD00003F00303022B23D1FB69DA087B680832F6
:10ADE00053F82230BB61FB6903F007039B000F227D
:10ADF00002FA03F3DB43BA691340BB613B681A698B
:10AE0000FB6903F007039B0002FA03F3BA691343DB
:10AE1000BB61FB69DA087B680832B96943F8221024
:10AE20007B681B68BB61FB695B00032202FA03F3CA
:10AE3000DB43BA691340BB613B685B6803F0030204
:10AE4000FB695B0002FA03F3BA691343BB617B68D9
:10AE5000BA691A603B685B6803F44033002B00F06A
:10AE6000B4800023FB60604B5B6C5F4A43F480431B
:10AE700053645D4B5B6C03F48043FB60FB685B4A8F
:10AE8000FB699B08023352F82330BB61FB6903F076
:10AE900003039B000F2202FA03F3DB43BA6913405A
:10AEA000BB617B68524A93422BD07B68514A9342E4
:10AEB00025D07B68504A93421FD07B684F4A93420B
:10AEC00019D07B684E4A934213D07B684D4A934217
:10AED0000DD07B684C4A934207D07B684B4A934223
:10AEE00001D107230EE008230CE006230AE0052326
:10AEF00008E0042306E0032304E0022302E0012328
:10AF000000E00023FA6902F0030292009340BA695C
:10AF10001343BB613549FB699B080233BA6941F8A9
:10AF200023203B4B9B68BB613B69DB43BA69134001
:10AF3000BB613B685B6803F48013002B03D0BA69E4
:10AF40003B691343BB61324ABB699360304BDB689A
:10AF5000BB613B69DB43BA691340BB613B685B681B
:10AF600003F40013002B03D0BA693B691343BB61A0
:10AF7000274ABB69D360264B5B68BB613B69DB43F7
:10AF8000BA691340BB613B685B6803F40033002B74
:10AF900003D0BA693B691343BB611D4ABB69536067
:10AFA0001B4B1B68BB613B69DB43BA691340BB6148
:10AFB0003B685B6803F48033002B03D0BA693B69BC
:10AFC0001343BB61124ABB691360FB690133FB6128
:10AFD000FB690F2B7FF690AE00BF00BF2437BD4644
:10AFE0005DF8047B704700BF003802400038014024
:10AFF000000002400004024000080240000C024031
:10B00000001002400014024000180240001C0240E0
:10B01000003C014080B487B000AF78603960002305
:10B020003B610023FB600023BB6000237B61CDE01C
:10B0300001227B6902FA03F33B613A683B691340E2
:10B04000FB60FA683B699A4240F0BD80654A7B69C3
:10B050009B08023352F82330BB607B6903F0030383
:10B060009B000F2202FA03F3BA681340BB607B68AF
:10B070005D4A93422BD07B685C4A934225D07B6823
:10B080005B4A93421FD07B685A4A934219D07B682F
:10B09000594A934213D07B68584A93420DD07B683B
:10B0A000574A934207D07B68564A934201D10723FF
:10B0B0000EE008230CE006230AE0052308E0042341
:10B0C00006E0032304E0022302E0012300E0002362
:10B0D0007A6902F0030292009340BA689A4232D130
:10B0E000494B1A68FB68DB43474913400B60464BEA
:10B0F0005A68FB68DB43444913404B60424BDA68B3
:10B10000FB68DB4340491340CB603F4B9A68FB68C8
:10B11000DB433D4913408B607B6903F003039B00D5
:10B120000F2202FA03F3BB602E4A7B699B080233AD
:10B1300052F82310BB68DA432A487B699B080A400F
:10B14000023340F823207B681A687B695B00032187
:10B1500001FA03F3DB431A407B681A607B69DA0863
:10B160007B68083253F822107B6903F007039B00C9
:10B170000F2202FA03F3DB437A69D20819407B6895
:10B18000083243F822107B68DA687B695B00032190
:10B1900001FA03F3DB431A407B68DA607B685A6884
:10B1A00001217B6901FA03F3DB431A407B685A6093
:10B1B0007B689A687B695B00032101FA03F3DB4338
:10B1C0001A407B689A607B6901337B617B690F2B36
:10B1D0007FF62EAF00BF00BF1C37BD465DF8047B75
:10B1E000704700BF003801400000024000040240E8
:10B1F00000080240000C024000100240001402400F
:10B2000000180240001C0240003C014080B483B0A2
:10B2100000AF78600B467B8013467B707B78002BF9
:10B2200003D07A887B689A6103E07B881A047B6884
:10B230009A6100BF0C37BD465DF8047B7047000083
:10B2400080B584B000AF78607B68002B01D101230A
:10B2500071E17B6893F83D30DBB2002B2CD17B6829
:10B26000002283F83C207B68774A5A657B68774ADE
:10B270009A657B68764ADA657B68764A1A667B68E7
:10B28000754A5A667B68754A9A667B68744ADA66BC
:10B290007B68744A1A677B68734A5A677B68734A8B
:10B2A0009A677B68DB6F002B02D17B68704ADA6794
:10B2B0007B68DB6F786898477B68242283F83D20A1
:10B2C0007B681B681A687B681B6822F001021A60A1
:10B2D0007B681B681A687B681B6842F400421A602E
:10B2E0007B681B681A687B681B6822F400421A603E
:10B2F00002F04AFFF8607B685B685E4A934207D8B9
:10B30000FB685D4A934294BF01230023DBB206E051
:10B31000FB685A4A934294BF01230023DBB2002BFF
:10B3200001D0012307E1FB68554AA2FB03239B0CD4
:10B33000BB607B681B685B6823F03F017B681B6810
:10B34000BA680A435A607B681B681B6A23F03F0196
:10B350007B685B68474A934202D8BB68013309E0C7
:10B36000BB684FF4967202FB03F3464AA2FB032329
:10B370009B0901337A6812680B4313627B681B6870
:10B38000DB6923F44F4222F0FF027B685B68394996
:10B390008B4219D8FB68591E7B685B685B00B1FB68
:10B3A000F3F3591C40F6FC730B40002B0AD0FB68EA
:10B3B000591E7B685B685B00B1FBF3F30133C3F399
:10B3C0000B0371E004236FE07B689B68002B11D1B5
:10B3D000FB68581E7B6859680B465B000B44B0FB4A
:10B3E000F3F30133C3F30B03002B0CBF0123002342
:10B3F000DBB212E0FB68581E7B6859680B469B0065
:10B400000B4499000B44B0FBF3F30133C3F30B037C
:10B41000002B0CBF01230023DBB2002B01D0012342
:10B4200042E07B689B68002B2ED1FB68581E7B682E
:10B4300059680B465B000B44B0FBF3F30133C3F3D5
:10B440000B0343F400432FE009BC02081DBC0208B3
:10B4500031BC020845BC020875BC020889BC020860
:10B460009DBC02083D370208B1BC020859BC020865
:10B47000FD660208A08601007F841E00FF083D00D3
:10B4800083DE1B43D34D6210FB68581E7B685968EE
:10B490000B469B000B4499000B44B0FBF3F30133C4
:10B4A000C3F30B0343F44043796809681343CB614A
:10B4B0007B681B681B6823F0C0017B68DA697B68C6
:10B4C0001B6A1A437B681B680A431A607B681B6807
:10B4D0009B6823F4034323F0FF037A6811697A68B9
:10B4E000D26811437A6812680B4393607B681B68CB
:10B4F000DB6823F0FF017B685A697B689B691A430C
:10B500007B681B680A43DA607B681B681A687B6883
:10B510001B6842F001021A607B6800221A647B6893
:10B52000202283F83D207B6800221A637B6800227A
:10B5300083F83E20002318461037BD4680BD00BF6B
:10B5400080B582B000AF78607B68002B01D1012309
:10B550002CE07B68242283F83D207B681B681A68F6
:10B560007B681B6822F001021A607B68D3F8803088
:10B57000002B03D17B680F4AC3F880207B68D3F887
:10B580008030786898477B6800221A647B680022C4
:10B5900083F83D207B6800221A637B68002283F8D1
:10B5A0003E207B68002283F83C20002318460837A1
:10B5B000BD4680BD8D67020880B483B000AF78605F
:10B5C0007B681B685B6903F08003802B03D17B6879
:10B5D0001B6800221A6100BF0C37BD465DF8047B72
:10B5E0007047000080B588B002AFF8600846114689
:10B5F0001A4603467B810B463B811346FB80FBF7D3
:10B600003DFE7861FB6893F83D30DBB2202B40F0C3
:10B61000D9807B690093192301226D49F86801F0F4
:10B620004BFE0346002B01D00223CCE0FB6893F8CD
:10B630003C30012B01D10223C5E0FB68012283F8D5
:10B640003C20FB681B681B6803F00103012B07D03B
:10B65000FB681B681A68FB681B6842F001021A60ED
:10B66000FB681B681A68FB681B6822F400621A609A
:10B67000FB68212283F83D20FB68402283F83E20AE
:10B68000FB6800221A64FB683A6A5A62FB68BA8C4B
:10B690005A85FB685B8D9AB2FB681A85FB684D4A38
:10B6A000DA62F8883A8979897B690193BB6A0093E9
:10B6B0000346F86801F0C0FC0346002B52D001237A
:10B6C00081E07A69B96AF86801F010FF0346002B3F
:10B6D0000DD0FB681B6C042B07D1FB681B681A6834
:10B6E000FB681B6842F400721A6001236BE0FB6880
:10B6F0005B6A1A78FB681B681A61FB685B6A5A1CF4
:10B70000FB685A62FB681B8D013B9AB2FB681A8585
:10B71000FB685B8D9BB2013B9AB2FB685A85FB6864
:10B720001B685B6903F00403042B1BD1FB681B8DB2
:10B73000002B17D0FB685B6A1A78FB681B681A61DC
:10B74000FB685B6A5A1CFB685A62FB681B8D013BF5
:10B750009AB2FB681A85FB685B8D9BB2013B9AB27B
:10B76000FB685A85FB681B8D002BAAD17A69B96AE0
:10B77000F86801F003FF0346002B0DD0FB681B6C3B
:10B78000042B07D1FB681B681A68FB681B6842F42E
:10B7900000721A60012316E0FB681B681A68FB68D8
:10B7A0001B6842F400721A60FB68202283F83D2077
:10B7B000FB68002283F83E20FB68002283F83C20CF
:10B7C000002300E0022318461837BD4680BD00BFA5
:10B7D000020010000000FFFF80B588B000AF786065
:10B7E0000023BB617B681B685B687B617B68DB6AED
:10B7F0003B617B6893F83E30FB737B6893F83D3088
:10B80000BB73FB7B102B03D0FB7B402B40F0C18034
:10B810007B681B689B69BB617B681B685B69FB611C
:10B82000FB6903F00103002B0DD13B69B3F52A0F2F
:10B8300003D03B69B3F12A4F01D1012300E000237B
:10B84000012B00F03281FB6903F00103002B0CD0C7
:10B850007B695B0A03F00103002B06D0786801F0D6
:10B8600036FF786800F0BCFD92E0FB69DB0803F06E
:10B870000103002B09D07B695B0A03F00103002B55
:10B8800003D0786800F032FE82E0FB695B0803F0C9
:10B890000103002B09D07B695B0A03F00103002B35
:10B8A00003D0786800F04CFE72E0BB699B0803F09F
:10B8B0000103002B3BD07B681B685B6803F40063CB
:10B8C000B3F5006F00F0F380FB69DB0903F00103BF
:10B8D000002B0FD07B699B0A03F00103002B09D0DA
:10B8E000FB699B0803F00103002B03D1786800F08B
:10B8F00003FA4DE0FB699B0803F00103002B00F005
:10B90000D6807B695B0A03F00103002B00F0CF8037
:10B91000BB7B212B03D1786800F08DFAC7E0FB7B5D
:10B92000402B40F0C480786800F0FEFABFE07B68EE
:10B930001B685B6803F40063B3F5006F00F0B78029
:10B94000FB699B0903F00103002B0FD07B699B0A65
:10B9500003F00103002B09D0FB699B0803F00103EE
:10B96000002B03D1786800F078FB11E0FB699B089D
:10B9700003F00103002B00F09A807B695B0A03F05F
:10B980000103002B00F09380786800F032FC8EE019
:10B990008DE07B681B6C002B04D07B681B685B69A7
:10B9A000FB6107E07B681B689B69BB617B681B6868
:10B9B0005B69FB61FB695B0803F00103002B12D09C
:10B9C0007B695B0A03F00103002B0CD07B681B6CC6
:10B9D000002B03D07B681B689B69BB61B9697868E1
:10B9E00000F0FFFF66E0FB691B0903F00103002B79
:10B9F00009D07B695B0A03F00103002B03D0786850
:10BA000001F03AF856E0BB7B212B02D0BB7B292BFF
:10BA100025D1FB69DB0903F00103002B0FD07B6903
:10BA20009B0A03F00103002B09D0FB699B0803F07C
:10BA30000103002B03D1786800F013FF39E0FB69A4
:10BA40009B0803F00103002B33D07B695B0A03F0F2
:10BA50000103002B2DD0786800F041FF29E0FB693D
:10BA60009B0903F00103002B0FD07B699B0A03F0B5
:10BA70000103002B09D0FB699B0803F00103002B95
:10BA800003D1786800F04CFF14E0FB699B0803F0D9
:10BA90000103002B0ED07B695B0A03F00103002B2E
:10BAA00008D0786800F07BFF04E000BF02E000BF30
:10BAB00000E000BF2037BD4680BD80B58AB000AF32
:10BAC00078607B681B685B693B627B681B685B68AE
:10BAD000FB6100237B627B6893F83E30FB763B6A18
:10BAE0001B0A03F00103002B0ED0FB691B0A03F0B5
:10BAF0000103002B08D07B6A43F001037B627B6863
:10BB00001B686FF480725A613B6A5B0A03F00103A1
:10BB1000002B0ED0FB691B0A03F00103002B08D099
:10BB20007B6A43F002037B627B681B686FF40072E0
:10BB30005A613B6A9B0A03F00103002B3FD0FB696B
:10BB40001B0A03F00103002B39D0FB7EBB767B6818
:10BB50005B8D9BB27B617B6893F83D30FB747B68A7
:10BB60001B6BFB60BB7E202B12D17B69002B0FD19E
:10BB7000FB7C212B08D0FB7C292B05D0FB7C282BC0
:10BB800006D1FB68212B03D1786801F0A9F816E0F3
:10BB90007B681B686FF480625A617B6A43F0040320
:10BBA0007B62FB7E102B02D0FB7E402B07D17B6893
:10BBB0001B681A687B681B6842F400721A603B6A53
:10BBC000DB0A03F00103002B0ED0FB691B0A03F014
:10BBD0000103002B08D07B6A43F008037B627B687B
:10BBE0001B686FF400625A617B6A002B08D07B6887
:10BBF0001A6C7B6A1A437B681A64786801F0E6F86D
:10BC000000BF2837BD4680BD80B483B000AF7860E8
:10BC100000BF0C37BD465DF8047B704780B483B02D
:10BC200000AF786000BF0C37BD465DF8047B7047FD
:10BC300080B483B000AF786000BF0C37BD465DF8BC
:10BC4000047B704780B483B000AF786000BF0C37CE
:10BC5000BD465DF8047B704780B483B000AF786068
:10BC60000B46FB7013463B8000BF0C37BD465DF8AA
:10BC7000047B704780B483B000AF786000BF0C379E
:10BC8000BD465DF8047B704780B483B000AF786038
:10BC900000BF0C37BD465DF8047B704780B483B0AD
:10BCA00000AF786000BF0C37BD465DF8047B70477D
:10BCB00080B483B000AF786000BF0C37BD465DF83C
:10BCC000047B704780B483B000AF78607B6893F8E2
:10BCD0003D30DBB218460C37BD465DF8047B70473B
:10BCE00080B483B000AF78607B681B6C18460C375B
:10BCF000BD465DF8047B704780B584B000AF7860C6
:10BD00007B6893F83D30FB737B6893F83E30BB73E0
:10BD10007B68DB6ABB607B681B8D002B53D1FB7B90
:10BD2000212B50D1BB68082B1ED0BB68202B1BD009
:10BD3000BB6813F5803F17D07B681B685A687B6827
:10BD40001B6822F4E0625A607B6811221A637B68E8
:10BD5000002283F83E207B68202283F83D207B6808
:10BD60005B6D7868984762E07B681B685A687B68FF
:10BD70001B6822F4E0625A607B681B681A687B6863
:10BD80001B6842F400721A607B6800221A637B68A9
:10BD9000202283F83D207B6893F83E30DBB2402BB5
:10BDA00008D17B68002283F83E207B689B6E786810
:10BDB00098473CE07B68002283F83E207B685B6DFF
:10BDC0007868984733E0FB7B212B05D0BB7B402B69
:10BDD0002DD1FB7B222B2AD17B685B8D9BB2002B64
:10BDE00008D17B681B685A687B681B6822F48062F4
:10BDF0005A601CE07B6893F83E30DBB2402B03D1E5
:10BE0000786800F091F812E07B685B6A1A787B68CA
:10BE10001B681A617B685B6A5A1C7B685A627B6884
:10BE20005B8D9BB2013B9AB27B685A85FFE700BFEE
:10BE30001037BD4680BD80B584B000AF78607B68A8
:10BE4000DB6AFB607B6893F83D30DBB2212B67D166
:10BE50007B685B8D9BB2002B12D07B685B6A1A7883
:10BE60007B681B681A617B685B6A5A1C7B685A6234
:10BE70007B685B8D9BB2013B9AB27B685A854FE031
:10BE8000FB68082B1ED0FB68202B1BD0FB6813F52A
:10BE9000803F17D07B681B685A687B681B6822F458
:10BEA000E0625A607B6811221A637B68002283F883
:10BEB0003E207B68202283F83D207B685B6D78689C
:10BEC00098472DE07B681B685A687B681B6822F4E2
:10BED000E0625A607B681B681A687B681B6842F4E2
:10BEE00000721A607B6800221A637B68202283F844
:10BEF0003D207B6893F83E30DBB2402B08D17B6855
:10BF0000002283F83E207B689B6E7868984707E0A4
:10BF10007B68002283F83E207B685B6D78689847D9
:10BF200000BF1037BD4680BD80B584B000AF7860DB
:10BF30007B6893F83D30FB737B681B6D002B1DD134
:10BF40007B68DB6C012B0BD17B689B6CDAB27B6866
:10BF50001B681A617B681B6D9A1C7B681A6578E008
:10BF60007B689B6C9BB21B12DAB27B681B681A6100
:10BF70007B681B6D5A1C7B681A656AE07B681B6DC9
:10BF8000012B0BD17B689B6CDAB27B681B681A6152
:10BF90007B681B6D5A1C7B681A655AE07B681B6DB9
:10BFA000022B53D1FB7B222B0DD17B681B681A68B7
:10BFB0007B681B6842F480721A607B681B6D5A1C98
:10BFC0007B681A6545E07B685B8D9BB2002B15D0C2
:10BFD000FB7B212B12D17B685B6A1A787B681B681C
:10BFE0001A617B685B6A5A1C7B685A627B685B8D4E
:10BFF0009BB2013B9AB27B685A852AE07B685B8DD5
:10C000009BB2002B25D1FB7B212B22D17B681B68A7
:10C010005A687B681B6822F4E0625A607B681B6880
:10C020001A687B681B6842F400721A607B68002201
:10C030001A637B68202283F83D207B68002283F806
:10C040003E207B689B6E7868984702E07868FFF72F
:10C05000B3FA00BF1037BD4680BD80B584B000AFD5
:10C0600078607B6893F83D30DBB2222B40F0BD80D6
:10C070007B68DB6AFB607B685B8D9BB2BB60BB68E7
:10C08000032B21D97B681B681A697B685B6AD2B273
:10C090001A707B685B6A5A1C7B685A627B685B8D8E
:10C0A0009BB2013B9AB27B685A857B685B8D9BB2E1
:10C0B000032B40F09A807B681B685A687B681B687A
:10C0C00022F480625A6090E07B68DB6A022B00F009
:10C0D0008380BB68012B02D0BB68002B7CD17868C1
:10C0E00001F094FA0346002B4ED17B681B681A6856
:10C0F0007B681B6822F480621A607B681B685A6840
:10C100007B681B6822F4E0625A607B681B681A69CE
:10C110007B685B6AD2B21A707B685B6A5A1C7B6868
:10C120005A627B685B8D9BB2013B9AB27B685A85F1
:10C130007B68202283F83D207B6893F83E30DBB299
:10C14000402B0BD17B68002283F83E207B680022C5
:10C150001A637B68DB6E7868984746E07B6800224C
:10C1600083F83E20FB68082B02D0FB68202B03D10C
:10C170007B6800221A6302E07B6812221A637B68E4
:10C180009B6D7868984730E07B681B685A687B68CD
:10C190001B6822F4E0625A607B681B681A697B683E
:10C1A0005B6AD2B21A707B685B6A5A1C7B685A62FF
:10C1B0007B685B8D9BB2013B9AB27B685A857B683A
:10C1C000202283F83D207B68002283F83E207B6894
:10C1D0001B6F7868984708E07B681B685A687B6823
:10C1E0001B6822F480625A60FFE700BF1037BD462B
:10C1F00080BD80B584B000AF78607B68DB6AFB608F
:10C200007B685B8D9BB2042B1BD17B681B685A68D3
:10C210007B681B6822F480625A607B681B681A691D
:10C220007B685B6AD2B21A707B685B6A5A1C7B6857
:10C230005A627B685B8D9BB2013B9AB27B685A85E0
:10C24000CAE07B685B8D9BB2032B29D17B681B689E
:10C250005A687B681B6822F480625A60FB68042B72
:10C260000AD0FB68022B07D07B681B681A687B68C2
:10C270001B6822F480621A607B681B681A697B68FD
:10C280005B6AD2B21A707B685B6A5A1C7B685A621E
:10C290007B685B8D9BB2013B9AB27B685A859BE0C1
:10C2A0007B685B8D9BB2022B40F08380FB68012B87
:10C2B00002D0FB68102B08D17B681B681A687B686A
:10C2C0001B6822F480621A6019E0FB68042B02D01C
:10C2D000FB68022B08D17B681B681A687B681B68A7
:10C2E00042F480621A600AE0FB68102B07D07B687A
:10C2F0001B681A687B681B6842F400721A607B68CE
:10C300001B681A697B685B6AD2B21A707B685B6AC9
:10C310005A1C7B685A627B685B8D9BB2013B9AB268
:10C320007B685A857B681B681A697B685B6AD2B236
:10C330001A707B685B6A5A1C7B685A627B685B8DEB
:10C340009BB2013B9AB27B685A857B681B685A682E
:10C350007B681B6822F440725A607B68202283F855
:10C360003D207B6893F83E30DBB2402B0BD17B68DD
:10C37000002283F83E207B6800221A637B68DB6E14
:10C380007868984728E07B68002283F83E20FB68A5
:10C39000082B02D0FB68202B03D17B6800221A6394
:10C3A00002E07B6812221A637B689B6D786898476D
:10C3B00012E07B681B681A697B685B6AD2B21A70EC
:10C3C0007B685B6A5A1C7B685A627B685B8D9BB298
:10C3D000013B9AB27B685A8500BF1037BD4680BDCD
:10C3E00080B483B000AF78607B6893F83E30DBB2F6
:10C3F000402B17D17B681B6D002B09D17B685B6CD0
:10C40000DBB21A467B681B6802F0FE021A6167E025
:10C410007B685B6CDBB243F00103DAB27B681B68BC
:10C420001A615DE07B681B69B3F5804F33D17B688F
:10C4300093F83D30DBB2212B09D17B685B6CDBB21A
:10C440001A467B681B6802F0FE021A6108E07B68EE
:10C450005B6CDBB243F00103DAB27B681B681A61E4
:10C460007B685B6B002B04D07B685B6BDB6B002B0A
:10C4700008D17B689B6B002B32D07B689B6BDB6B9E
:10C48000002B2DD07B681B685A687B681B6842F4C0
:10C4900000625A6024E07B681B6D002B0ED17B6824
:10C4A0005B6C9BB2DB11DBB203F00603DBB263F023
:10C4B0000F03DAB27B681B681A6111E07B681B6DA1
:10C4C000012B0DD17B685B6C9BB2DB11DBB203F0FF
:10C4D0000603DBB263F00E03DAB27B681B681A61F5
:10C4E00000BF0C37BD465DF8047B704780B483B055
:10C4F00000AF78607B685B6CDAB27B681B681A619E
:10C500007B685B6B002B04D07B685B6BDB6B002B69
:10C5100008D17B689B6B002B0CD07B689B6BDB6B23
:10C52000002B07D07B681B685A687B681B6842F445
:10C5300000625A6000BF0C37BD465DF8047B70474F
:10C5400080B491B000AF78607B6893F83E3087F894
:10C550003F307B68DB6ABB637B681B6B7B637B68FC
:10C5600093F83D30DBB2222B40F069817B681B6D74
:10C57000002B0FD197F83F30402B0BD100233B63AA
:10C580007B681B685B693B637B681B689B693B63DB
:10C590003B6B60E17B681B6D002B1DD17B681B69C9
:10C5A000B3F5404F18D10023FB627B681B685B69C1
:10C5B000FB627B681B689B69FB62FB6A7B681B688C
:10C5C0001A687B681B6842F480721A607B681B6D76
:10C5D0005A1C7B681A653EE17B685B8D9BB2002B21
:10C5E00013D10023BB627B681B685B69BB627B68FD
:10C5F0001B689B69BB62BB6A7B681B681A687B68A7
:10C600001B6842F400721A6015E17B685B8D9BB277
:10C61000012B40F08A80BB6B13F5803F37D17B68DC
:10C620001B681A687B681B6822F480621A607B684A
:10C630001B685B6803F40063B3F5006F13D17B687C
:10C640001B681A687B681B6822F480621A600023EA
:10C650007B627B681B685B697B627B681B689B698C
:10C660007B627B6AE7E000233B627B681B685B6957
:10C670003B627B681B689B693B623B6A7B681B680B
:10C680001A687B681B6842F400721A60D3E0BB6BC7
:10C69000082B2ED0BB6B202B2BD07B6B122B02D107
:10C6A000BB6B012B25D1BB6B042B0ED0BB6B022BBC
:10C6B0000BD0BB6B102B08D07B681B681A687B689B
:10C6C0001B6822F480621A6007E07B681B681A68A6
:10C6D0007B681B6842F480621A600023FB617B6800
:10C6E0001B685B69FB617B681B689B69FB61FB697D
:10C6F000A1E07B681B681A687B681B6822F4806273
:10C700001A600023BB617B681B685B69BB617B6847
:10C710001B689B69BB61BB697B681B681A687B6887
:10C720001B6842F400721A6085E07B685B8D9BB2E7
:10C73000022B4DD1BB6B042B16D0BB6B022B13D03D
:10C74000BB6B102B10D07B681B681A687B681B685A
:10C7500022F480621A607B681B681A687B681B6819
:10C7600042F400621A6007E07B681B681A687B6805
:10C770001B6842F480621A607B681B685B6803F484
:10C780000063B3F5006F17D1BB6B13F5803F0BD07F
:10C79000BB6B012B08D0BB6B082B05D0BB6B102BE0
:10C7A00002D0BB6B202B07D17B681B685A687B6863
:10C7B0001B6842F480525A6000237B617B681B68CF
:10C7C0005B697B617B681B689B697B617B6932E08D
:10C7D0007B681B681A687B681B6842F480621A6079
:10C7E0007B681B685B6803F40063B3F5006F17D1C7
:10C7F000BB6B13F5803F0BD0BB6B012B08D0BB6B21
:10C80000082B05D0BB6B102B02D0BB6B202B07D1A4
:10C810007B681B685A687B681B6842F480525A60C8
:10C8200000233B617B681B685B693B617B681B681D
:10C830009B693B613B697B6800221A650BE0002322
:10C84000FB607B681B685B69FB607B681B689B699E
:10C85000FB60FB68FFE700BF4437BD465DF8047B23
:10C86000704780B584B000AF78607B6893F83D3046
:10C87000FB737B685B8D9BB2002B2CD07B685B6A63
:10C880001A787B681B681A617B685B6A5A1C7B6834
:10C890005A627B685B8D9BB2013B9AB27B685A857A
:10C8A0007B685B8D9BB2002B15D1FB7B292B12D1B2
:10C8B0007B681B685A687B681B6822F480625A6038
:10C8C0007B6821221A637B68282283F83D207B68DD
:10C8D000DB6D7868984700BF1037BD4680BD80B4D7
:10C8E00083B000AF78607B685B8D9BB2002B11D06A
:10C8F0007B685B6A1A787B681B681A617B685B6A75
:10C900005A1C7B685A627B685B8D9BB2013B9AB272
:10C910007B685A8500BF0C37BD465DF8047B7047C5
:10C9200080B584B000AF78607B6893F83D30FB73CE
:10C930007B685B8D9BB2002B2DD07B681B681A69CE
:10C940007B685B6AD2B21A707B685B6A5A1C7B6830
:10C950005A627B685B8D9BB2013B9AB27B685A85B9
:10C960007B685B8D9BB2002B15D1FB7B2A2B12D1F0
:10C970007B681B685A687B681B6822F480625A6077
:10C980007B6822221A637B68282283F83D207B681B
:10C990001B6E7868984700BF1037BD4680BD80B4D5
:10C9A00083B000AF78607B685B8D9BB2002B12D0A8
:10C9B0007B681B681A697B685B6AD2B21A707B68F5
:10C9C0005B6A5A1C7B685A627B685B8D9BB2013B39
:10C9D0009AB27B685A8500BF0C37BD465DF8047B70
:10C9E000704780B584B000AF786039600023FB7376
:10C9F0007B6893F83D30DBB203F02803282B27D166
:10CA00007B681B685A687B681B6822F480625A60E6
:10CA10003B689B0803F00103002B01D10123FB734A
:10CA20003B68DB0903F00103002B03D17B68DB6863
:10CA3000BB8102E07B689B69BB817B68002283F835
:10CA40003C207B689B6FBA89F97B786898470EE039
:10CA50000023BB607B681B685B69BB607B681B68ED
:10CA60009B69BB60BB687B68002283F83C2000BFE9
:10CA70001037BD4680BD000080B584B000AF78603F
:10CA80007B6893F83D30FB737B681B685A687B6852
:10CA90001B6822F4E0625A600023BB607B681B685D
:10CAA0005B69BB607B681B681A687B681B6842F027
:10CAB00001021A60BB687B681B681A687B681B6888
:10CAC00022F480621A607B681B685B6803F4006371
:10CAD000B3F5006F72D1FB7B222B02D0FB7B2A2B9C
:10CAE00035D17B689B6B1B685B689AB27B685A8503
:10CAF0007B685B8D9BB2002B05D07B681B6C43F081
:10CB000004027B681A647B681B685A687B681B6830
:10CB100022F400625A607B689B6B1846FCF7D4FADB
:10CB20000346012B49D07B689B6B6B4A1A657B6877
:10CB30009B6B1846FCF71CF90346002B3DD07B6825
:10CB40009B6B1B6D7A68926B1046984735E07B684B
:10CB50005B6B1B685B689AB27B685A857B685B8DF0
:10CB60009BB2002B05D07B681B6C43F004027B68F2
:10CB70001A647B681B685A687B681B6822F4006231
:10CB80005A607B685B6B1846FCF79EFA0346012BE4
:10CB900014D07B685B6B504A1A657B685B6B1846E8
:10CBA000FCF7E6F80346002B08D07B685B6B1B6D37
:10CBB0007A68526B1046984700E000BF7B685B8D37
:10CBC0009BB2002B3ED07B681B685B6903F00403BB
:10CBD000042B12D17B681B681A697B685B6AD2B22E
:10CBE0001A707B685B6A5A1C7B685A627B685B8D33
:10CBF0009BB2013B9AB27B685A857B681B685B6974
:10CC000003F04003402B12D17B681B681A697B68D4
:10CC10005B6AD2B21A707B685B6A5A1C7B685A6284
:10CC20007B685B8D9BB2013B9AB27B685A857B68BF
:10CC30005B8D9BB2002B05D07B681B6C43F004021C
:10CC40007B681A647B681B6C002B03D0786800F04B
:10CC5000BDF83CE0FB7B2A2B0AD17B6800221A63DB
:10CC60007B68282283F83D207B681B6E7868984794
:10CC70007B6893F83D30DBB2282B12D17B68174AD2
:10CC8000DA627B6800221A637B68202283F83D20E9
:10CC90007B68002283F83E207B685B6E786898474B
:10CCA00015E07B681B6B222B02D0FB7B222B0ED165
:10CCB0007B6800221A637B68202283F83D207B6812
:10CCC000002283F83E207B681B6E7868984700BF7F
:10CCD0001037BD4680BD00BF65D102080000FFFFD0
:10CCE00080B584B000AF78607B6893F83D30FB730B
:10CCF0007B68DB6ABB60BB68082B02D0BB68202B5B
:10CD00002AD1FB7B282B27D17B682F4ADA627B68EC
:10CD10001B685A687B681B6822F4E0625A607B6873
:10CD20001B686FF480625A617B681B681A687B68B5
:10CD30001B6822F480621A607B6800221A637B6899
:10CD4000202283F83D207B68002283F83E207B6808
:10CD50005B6E7868984732E0FB7B212B2AD17B6899
:10CD6000194ADA627B6821221A637B68202283F8E1
:10CD70003D207B68002283F83E207B681B685A6850
:10CD80007B681B6822F4E0625A607B681B686FF462
:10CD900080625A617B681B681A687B681B6822F492
:10CDA00080621A607868FEF707FC7B68DB6D786844
:10CDB000984704E07B681B686FF480625A6100BF8B
:10CDC0001037BD4680BD00BF0000FFFF80B584B0B6
:10CDD00000AF78607B6893F83D30FB737B6893F815
:10CDE0003E30BB73BB7B102B02D0BB7B402B0AD1E8
:10CDF000FB7B222B07D17B681B681A687B681B684A
:10CE000022F400621A60FB7B03F02803282B07D171
:10CE10007B6800221A637B68282283F83D2015E096
:10CE20007B681B685B6803F40063B3F5006F0AD08E
:10CE3000FB7B602B07D07B68202283F83D207B683A
:10CE4000002283F83E207B6800221A637B681B68FF
:10CE50005B6803F40063B3F5006F62D17B681B6805
:10CE60005A687B681B6822F400625A607B685B6BBF
:10CE700093F83530DBB2012B20D07B685B6B6C4ABA
:10CE80001A657B685B6B1846FBF772FF0346002B45
:10CE900000F08B807B681B681A687B681B6822F037
:10CEA00001021A607B68202283F83D207B685B6B5F
:10CEB0001B6D7A68526B1046984776E07B689B6BD7
:10CEC0005B4A1A657B689B6B1846FBF751FF03466C
:10CED000002B6AD07B681B685B6903F04003402B22
:10CEE0000BD17B681B681A697B685B6AD2B21A70C7
:10CEF0007B685B6A5A1C7B685A627B681B681A688D
:10CF00007B681B6822F001021A607B68202283F88C
:10CF10003D207B689B6B1B6D7A68926B104698472F
:10CF200043E07B6893F83D30DBB2602B26D17B6811
:10CF3000202283F83D207B6800221A647B681B68EE
:10CF40005B6903F04003402B0BD17B681B681A69B7
:10CF50007B685B6AD2B21A707B685B6A5A1C7B681A
:10CF60005A627B681B681A687B681B6822F00102A2
:10CF70001A607B685B6F7868984716E07B681B686F
:10CF80005B6903F04003402B0BD17B681B681A6977
:10CF90007B685B6AD2B21A707B685B6A5A1C7B68DA
:10CFA0005A627B681B6F786898477B681B6CBB6014
:10CFB000BB6803F00103002B0ED1BB6803F0020332
:10CFC000002B09D1BB6803F00403002B04D1BB681C
:10CFD00003F00803002B07D07B681B685A687B6846
:10CFE0001B6822F4E0625A607B6893F83D30FB7363
:10CFF0007B681B6C03F00403042B14D1FB7B282BF0
:10D0000011D17B680B4ADA627B6800221A637B6865
:10D01000202283F83D207B68002283F83E207B6835
:10D020005B6E7868984700BF1037BD4680BD00BF73
:10D0300065D102080000FFFF80B588B002AFF8603C
:10D04000084611461A4603467B810B463B81134630
:10D05000FB80FB681B681A68FB681B6842F48072DF
:10D060001A607B6A00933B6A00224FF00111F86856
:10D0700000F022F90346002B0DD0FB681B681B68EB
:10D0800003F48073B3F5807F03D1FB684FF4007223
:10D090001A6403235FE07B89DBB21A46FB681B68D6
:10D0A00002F0FE021A617B6A3A6A2D49F86800F0C4
:10D0B0007DF90346002B01D001234CE000237B6166
:10D0C000FB681B685B697B61FB681B689B697B6114
:10D0D0007B697A6A396AF86800F008FA0346002B1F
:10D0E0000DD0FB681B6C042B07D1FB681B681A680A
:10D0F000FB681B6842F400721A6001232BE0FB8876
:10D10000012B05D13B89DAB2FB681B681A6121E06B
:10D110003B891B0A9BB2DAB2FB681B681A617A6A08
:10D12000396AF86800F0E2F90346002B0DD0FB687D
:10D130001B6C042B07D1FB681B681A68FB681B6813
:10D1400042F400721A60012305E03B89DAB2FB6801
:10D150001B681A61002318461837BD4680BD00BF02
:10D160000200010080B586B000AF78600023FB604C
:10D170007B689B6B7B617B6993F83D30FB744C4B08
:10D180001B68DB084B4AA2FB03231A0A13469B00C9
:10D190001344DA00D31AFB60FB68002B06D17B69CD
:10D1A0001B6C43F020027B691A640AE0FB68013BB8
:10D1B000FB607B691B681B6803F40073B3F5007F99
:10D1C000EAD07B695B6B002B03D07B695B6B002231
:10D1D000DA637B699B6B002B03D07B699B6B00221E
:10D1E000DA637B691B681A687B691B6822F48062BA
:10D1F0001A607B6900225A857B695B6B002B03D028
:10D200007B695B6B00221A657B699B6B002B03D0EB
:10D210007B699B6B00221A657B691B681A687B69B6
:10D220001B6822F001021A607B6993F83D30DBB283
:10D23000602B0FD17B69202283F83D207B6900227F
:10D2400083F83E207B6900221A647B695B6F7869F2
:10D25000984728E0FB7C03F02803282B17D17B6933
:10D260001B681A687B691B6842F001021A607B69BF
:10D270001B681A687B691B6842F480621A607B69CC
:10D2800000221A637B69282283F83D2007E07B692E
:10D29000202283F83D207B69002283F83E207B69B1
:10D2A0001B6F7869984700BF1837BD4680BD00BF27
:10D2B0000C00002089B5F81480B584B000AFF86088
:10D2C000B9603B601346FB7148E03B68B3F1FF3F38
:10D2D00044D0F9F7D3FF0246BB69D31A3A689A42A1
:10D2E00002D33B68002B39D1BB681B0CDBB2012B8E
:10D2F0000DD1FB681B685B69DA43BB6813409BB2C6
:10D30000002B0CBF01230023DBB21A460CE0FB68A4
:10D310001B689B69DA43BB6813409BB2002B0CBFB0
:10D3200001230023DBB21A46FB799A4216D1FB682F
:10D3300000221A63FB68202283F83D20FB6800224C
:10D3400083F83E20FB681B6C43F02002FB681A64E4
:10D35000FB68002283F83C20012323E0BB681B0C00
:10D36000DBB2012B0DD1FB681B685B69DA43BB683C
:10D3700013409BB2002B0CBF01230023DBB21A46E3
:10D380000CE0FB681B689B69DA43BB6813409BB2E7
:10D39000002B0CBF01230023DBB21A46FB799A4213
:10D3A00093D0002318461037BD4680BD80B584B0A9
:10D3B00000AFF860B9607A603B6071E0FB681B68A1
:10D3C0005B6903F48063B3F5806F23D1FB681B684E
:10D3D0001A68FB681B6842F400721A60FB681B68DD
:10D3E0006FF480625A61FB6800221A63FB68202296
:10D3F00083F83D20FB68002283F83E20FB681B6C0D
:10D4000043F00402FB681A64FB68002283F83C20A6
:10D41000012367E07B68B3F1FF3F41D0F9F72EFFAE
:10D4200002463B68D31A7A689A4202D37B68002B83
:10D4300036D1BB681B0CDBB2012B0CD1FB681B681F
:10D440005B69DA43BB6813409BB2002B14BF012316
:10D450000023DBB20BE0FB681B689B69DA43BB6807
:10D4600013409BB2002B14BF01230023DBB2002B1F
:10D4700016D0FB6800221A63FB68202283F83D2047
:10D48000FB68002283F83E20FB681B6C43F02002FF
:10D49000FB681A64FB68002283F83C20012321E02A
:10D4A000BB681B0CDBB2012B0CD1FB681B685B69F2
:10D4B000DA43BB6813409BB2002B14BF0123002347
:10D4C000DBB20BE0FB681B689B69DA43BB68134067
:10D4D0009BB2002B14BF01230023DBB2002B7FF48F
:10D4E0006DAF002318461037BD4680BD80B584B0AF
:10D4F00000AFF860B9607A6034E0F86800F0B8F81E
:10D500000346002B01D0012334E0BB68B3F1FF3F99
:10D5100028D0F9F7B3FE02467B68D31ABA689A425C
:10D5200002D3BB68002B1DD1FB681B685B6903F04D
:10D530008003802B16D0FB6800221A63FB68202230
:10D5400083F83D20FB68002283F83E20FB681B6CBB
:10D5500043F02002FB681A64FB68002283F83C2039
:10D56000012307E0FB681B685B6903F08003802BE5
:10D57000C3D1002318461037BD4680BD80B584B0A6
:10D5800000AFF860B9607A6034E0F86800F070F8D5
:10D590000346002B01D0012334E0BB68B3F1FF3F09
:10D5A00028D0F9F76BFE02467B68D31ABA689A4214
:10D5B00002D3BB68002B1DD1FB681B685B6903F0BD
:10D5C0000403042B16D0FB6800221A63FB68202298
:10D5D00083F83D20FB68002283F83E20FB681B6C2B
:10D5E00043F02002FB681A64FB68002283F83C20A9
:10D5F000012307E0FB681B685B6903F00403042B4D
:10D60000C3D1002318461037BD4680BD80B485B015
:10D6100000AF78600023FB60134B1B68DB08134AE4
:10D62000A2FB03231A0A13469B001344FB60FB680A
:10D63000013BFB60FB68002B07D17B681B6C43F050
:10D6400020027B681A64012308E07B681B681B6862
:10D6500003F40073B3F5007FE9D0002318461437B4
:10D66000BD465DF8047B70470C00002089B5F814B6
:10D6700080B483B000AF78607B681B685B6903F49B
:10D680008063B3F5806F1BD17B681B686FF4806289
:10D690005A617B6800221A637B68202283F83D2050
:10D6A0007B68002283F83E207B681B6C43F00402F9
:10D6B0007B681A647B68002283F83C20012300E029
:10D6C000002318460C37BD465DF8047B704780B4D4
:10D6D00083B000AF78607B68DB6AB3F52A0F03D1B3
:10D6E0007B680122DA6207E07B68DB6AB3F12A4FCC
:10D6F00002D17B680822DA6200BF0C37BD465DF8B4
:10D70000047B704780B483B000AF064B01221A60DF
:10D71000054B1B687B607B6800BF0C37BD465DF81E
:10D72000047B704720000E420070004080B483B03C
:10D7300000AF78600B46FB700B4B1B690A4A23F065
:10D7400004031361FB78012B01D130BF05E0FB78A6
:10D75000032B01D040BF20BF20BF00BF0C37BD4608
:10D760005DF8047B704700BF00ED00E080B500AFBE
:10D77000064B5B6903F48033002B05D000F008F8FA
:10D78000024B4FF480325A6100BF80BD003C014023
:10D7900080B400AF00BFBD465DF8047B7047000059
:10D7A00080B400AF054B1B69044A43F002031361C8
:10D7B00000BFBD465DF8047B704700BF00ED00E090
:10D7C00080B586B000AF78607B68002B01D1012363
:10D7D00067E27B681B6803F00103002B75D0884B60
:10D7E0009B6803F00C03042B0CD0854B9B6803F063
:10D7F0000C03082B12D1824B5B6803F48003B3F552
:10D80000800F0BD17E4B1B6803F40033002B5BD0E1
:10D810007B685B68002B57D1012342E27B685B6821
:10D82000B3F5803F06D1764B1B68754A43F48033CD
:10D8300013601DE07B685B68B3F5A02F0CD1704BC3
:10D840001B686F4A43F4802313606D4B1B686C4A5E
:10D8500043F4803313600BE0694B1B68684A23F480
:10D8600080331360664B1B68654A23F48023136082
:10D870007B685B68002B13D0F9F700FD386108E086
:10D88000F9F7FCFC02463B69D31A642B01D9032348
:10D8900007E25B4B1B6803F40033002BF0D014E06D
:10D8A000F9F7ECFC386108E0F9F7E8FC02463B695F
:10D8B000D31A642B01D90323F3E1514B1B6803F402
:10D8C0000033002BF0D100E000BF7B681B6803F041
:10D8D0000203002B63D04A4B9B6803F00C03002B20
:10D8E0000BD0474B9B6803F00C03082B1CD1444B17
:10D8F0005B6803F48003002B16D1414B1B6803F0D7
:10D900000203002B05D07B68DB68012B01D00123CB
:10D91000C7E13B4B1B6823F0F8027B681B69DB0007
:10D92000374913430B603AE07B68DB68002B20D05B
:10D93000344B01221A60F9F7A1FC386108E0F9F7CD
:10D940009DFC02463B69D31A022B01D90323A8E1AF
:10D950002B4B1B6803F00203002BF0D0284B1B68F5
:10D9600023F0F8027B681B69DB00254913430B6039
:10D9700015E0244B00221A60F9F780FC386108E0BA
:10D98000F9F77CFC02463B69D31A022B01D9032329
:10D9900087E11B4B1B6803F00203002BF0D17B686F
:10D9A0001B6803F00803002B36D07B685B69002BF3
:10D9B00016D0154B01221A60F9F760FC386108E0B7
:10D9C000F9F75CFC02463B69D31A022B01D9032309
:10D9D00067E10B4B5B6F03F00203002BF0D01BE001
:10D9E000094B00221A60F9F749FC38610EE0F9F79B
:10D9F00045FC02463B69D31A022B07D9032350E1A9
:10DA00000038024000004742800E4742884B5B6F5F
:10DA100003F00203002BEAD17B681B6803F00403C8
:10DA2000002B00F097800023FB75814B1B6C03F0EB
:10DA30008053002B0FD10023BB607D4B1B6C7C4AB5
:10DA400043F0805313647A4B1B6C03F08053BB602C
:10DA5000BB680123FB75774B1B6803F48073002BB5
:10DA600018D1744B1B68734A43F480731360F9F741
:10DA700005FC386108E0F9F701FC02463B69D31A5E
:10DA8000022B01D903230CE16A4B1B6803F480735A
:10DA9000002BF0D07B689B68012B06D1644B1B6F79
:10DAA000634A43F0010313671CE07B689B68052B06
:10DAB0000CD15F4B1B6F5E4A43F0040313675C4B52
:10DAC0001B6F5B4A43F0010313670BE0584B1B6F5E
:10DAD000574A23F001031367554B1B6F544A23F039
:10DAE000040313677B689B68002B15D0F9F7C6FB0E
:10DAF00038610AE0F9F7C2FB02463B69D31A41F2EA
:10DB00008832934201D90323CBE0494B1B6F03F0CA
:10DB10000203002BEED014E0F9F7B0FB38610AE005
:10DB2000F9F7ACFB02463B69D31A41F288329342C3
:10DB300001D90323B5E03E4B1B6F03F00203002B1A
:10DB4000EED1FB7D012B05D1394B1B6C384A23F0FC
:10DB5000805313647B689B69002B00F0A180344BD9
:10DB60009B6803F00C03082B5CD07B689B69022B3D
:10DB700041D1314B00221A60F9F780FB386108E08F
:10DB8000F9F77CFB02463B69D31A022B01D9032328
:10DB900087E0274B1B6803F00073002BF0D17B68F4
:10DBA000DA697B681B6A1A437B685B6A9B011A43CC
:10DBB0007B689B6A5B08013B1B041A437B68DB6A3A
:10DBC0001B061B4913434B601B4B01221A60F9F7DC
:10DBD00055FB386108E0F9F751FB02463B69D31A5F
:10DBE000022B01D903235CE0114B1B6803F0007387
:10DBF000002BF0D054E0104B00221A60F9F73EFBE6
:10DC0000386108E0F9F73AFB02463B69D31A022B68
:10DC100001D9032345E0064B1B6803F00073002B7A
:10DC2000F0D13DE07B689B69012B07D1012338E0EF
:10DC30000038024000700040600047421B4B5B68A8
:10DC4000FB607B689B69012B28D0FB6803F4800292
:10DC50007B68DB699A4221D1FB6803F03F027B6855
:10DC60001B6A9A421AD1FA6847F6C07313407A6861
:10DC7000526A9201934211D1FB6803F440327B68EF
:10DC80009B6A5B08013B1B049A4207D1FB6803F0C7
:10DC900070627B68DB6A1B069A4201D0012300E0B8
:10DCA000002318461837BD4680BD00BF003802402B
:10DCB00080B584B000AF786039607B68002B01D1FB
:10DCC0000123CCE0684B1B6803F007033A689A42D3
:10DCD0000CD9654B3A68D2B21A70634B1B6803F0DB
:10DCE00007033A689A4201D00123B8E07B681B68B9
:10DCF00003F00203002B20D07B681B6803F00403B1
:10DD0000002B05D0594B9B68584A43F4E05393606D
:10DD10007B681B6803F00803002B05D0534B9B68FE
:10DD2000524A43F460439360504B9B6823F0F002E7
:10DD30007B689B684D4913438B607B681B6803F0CD
:10DD40000103002B44D07B685B68012B07D1474B54
:10DD50001B6803F40033002B19D101237FE07B689B
:10DD60005B68022B03D07B685B68032B07D13F4BBA
:10DD70001B6803F00073002B09D101236FE03B4BBC
:10DD80001B6803F00203002B01D1012367E0374B2E
:10DD90009B6823F003027B685B68344913438B6004
:10DDA000F9F76CFAF8600AE0F9F768FA0246FB68DE
:10DDB000D31A41F28832934201D903234FE02B4B0F
:10DDC0009B6803F00C027B685B689B009A42EBD176
:10DDD000254B1B6803F007033A689A420CD2224B8A
:10DDE0003A68D2B21A70204B1B6803F007033A68F6
:10DDF0009A4201D0012332E07B681B6803F00403E0
:10DE0000002B08D0194B9B6823F4E0527B68DB6839
:10DE1000164913438B607B681B6803F00803002BD3
:10DE200009D0124B9B6823F460427B681B69DB00BE
:10DE30000E4913438B6000F095F802460B4B9B682C
:10DE40001B0903F00F030A49CB5C22FA03F3094ACA
:10DE50001360094B1B681846F8F7CCFE00231846E0
:10DE60001037BD4680BD00BF003C02400038024074
:10DE7000345603080C0000201000002080B58CB040
:10DE800000AFF860B9607A60FB68002B29D10023ED
:10DE9000BB612B4B1B6B2A4A43F001031363284BD6
:10DEA0001B6B03F00103BB61BB694FF48073FB6123
:10DEB00002233B620323BB6200237B620023FB62DD
:10DEC00007F11C0319461F48FCF708FF1C4B9B6811
:10DED00023F0EC62B9687B680B43194913438B60EC
:10DEE00029E000237B61164B1B6B154A43F00403AA
:10DEF0001363134B1B6B03F004037B617B694FF4CB
:10DF00000073FB6102233B620323BB6200237B623D
:10DF10000023FB6207F11C0319460B48FCF7DEFEE9
:10DF2000074B9B6823F078427B68D900BB680B43A2
:10DF3000034913438B6000BF3037BD4680BD00BF2F
:10DF400000380240000002400008024080B400AFE8
:10DF5000034B01221A6000BFBD465DF8047B704789
:10DF60004C0047422DE9B04F94B000AF00237B64D2
:10DF70000023FB6400233B640023BB64794B9B6854
:10DF800003F00C03082B0DD0082B00F2E180002BCE
:10DF900002D0042B03D0DBE0734BBB64DBE0734B9C
:10DFA000BB64D8E06F4B5B6803F03F037B646D4B51
:10DFB0005B6803F48003002B63D06A4B5B689B09AA
:10DFC0000022BB63FA63BB6BC3F308033B6300230C
:10DFD0007B63D7E90C4522462B464FF000004FF0FB
:10DFE0000001590141EAD261500102460B46214627
:10DFF000511A3961294663EB01037B614FF000023E
:10E000004FF00003D7E904AB59468B01514643EA70
:10E01000916351468A015146B2EB0108594663EBC0
:10E0200001094FF000024FF000034FEAC90343EA31
:10E0300058734FEAC80290469946234618EB0303EB
:10E04000BB602B4649EB0303FB604FF000024FF02F
:10E050000003D7E9024529464B02214643EAD15342
:10E0600021464A02104619467B6C0022BB62FA62C6
:10E07000D7E90A23F2F7FCF802460B461346FB6485
:10E0800058E0384B5B689B09002218461146C0F3E4
:10E0900008033B6200237B62D7E9088942464B466E
:10E0A0004FF000004FF00001590141EAD2615001E8
:10E0B00002460B464146B2EB010A494663EB010BAF
:10E0C0004FF000024FF000034FEA8B1343EA9A63CC
:10E0D0004FEA8A12B2EB0A0463EB0B054FF0000221
:10E0E0004FF00003EB0043EA5473E20014461D4670
:10E0F0004346E3183B604B4645EB03037B604FF020
:10E1000000024FF00003D7E9004529468B02214663
:10E1100043EA915321468A02104619467B6C00223D
:10E12000BB61FA61D7E90623F2F7A2F802460B4673
:10E130001346FB640B4B5B681B0C03F003030133BA
:10E140005B003B64FA6C3B6CB2FBF3F3BB6402E034
:10E15000054BBB6400BFBB6C18465037BD46BDE8DD
:10E16000B08F00BF003802400024F40000127A0093
:10E1700080B400AF034B1B681846BD465DF8047BB6
:10E18000704700BF0C00002080B500AFFFF7F0FF24
:10E190000246054B9B689B0A03F007030349CB5CCF
:10E1A00022FA03F3184680BD0038024044560308A3
:10E1B00080B500AFFFF7DCFF0246054B9B685B0BA9
:10E1C00003F007030349CB5C22FA03F3184680BD32
:10E1D000003802404456030880B483B000AF786032
:10E1E00039607B680F221A60124B9B6803F00302B0
:10E1F0007B685A600F4B9B6803F0F0027B689A6063
:10E200000C4B9B6803F4E0527B68DA60094B9B6817
:10E21000DB0803F4E0527B681A61074B1B6803F0CC
:10E2200007023B681A6000BF0C37BD465DF8047BEF
:10E23000704700BF00380240003C024080B500AF8C
:10E24000064BDB6803F08003802B04D100F00AF852
:10E25000034B80221A7000BF80BD00BF003802400F
:10E260000E38024080B400AF00BFBD465DF8047BAD
:10E270007047000080B586B000AF786000237B61F6
:10E2800000233B617B681B6803F00103002B05D171
:10E290007B681B6803F00403002B35D0624B00221F
:10E2A0001A60F8F7EBFF786108E0F8F7E7FF02463D
:10E2B0007B69D31A022B01D90323B0E05B4B1B68A7
:10E2C00003F00063002BF0D17B685B689A017B68E8
:10E2D0009B681B0755491343C1F88430524B0122F8
:10E2E0001A60F8F7CBFF786108E0F8F7C7FF02463D
:10E2F0007B69D31A022B01D9032390E04B4B1B6897
:10E3000003F00063002BF0D07B681B6803F002036E
:10E31000002B00F083800023FB60444B1B6C434ABE
:10E3200043F080531364414B1B6C03F08053FB603C
:10E33000FB683F4B1B683E4A43F480731360F8F759
:10E340009DFF786108E0F8F799FF02467B69D31AD0
:10E35000022B01D9032362E0354B1B6803F4807361
:10E36000002BF0D0314B1B6F03F440733B613B69D2
:10E37000002B2FD07B68DB6803F440733A699A4224
:10E3800028D02A4B1B6F23F440733B61294B012299
:10E390001A60284B00221A60244A3B691367234BFA
:10E3A0001B6F03F00103012B14D1F8F767FF7861AD
:10E3B0000AE0F8F763FF02467B69D31A41F288321C
:10E3C000934201D903232AE0184B1B6F03F0020389
:10E3D000002BEED07B68DB6803F44073B3F5407F1D
:10E3E0000DD1124B9B6823F4F8127B68DB6823F095
:10E3F000704323F440730D4913438B6005E00B4BCE
:10E400009B680A4A23F4F8139360084B1A6F7B68E1
:10E41000DB68C3F30B03054913430B67002318465E
:10E420001837BD4680BD00BF680047420038024033
:10E4300000700040400E474280B584B000AF786065
:10E440000123FB737B68002B01D1012394E07B68DF
:10E450005B7FDBB2002B26D17B6800221A777B68BA
:10E46000474A1A627B68474A5A627B68464A9A6200
:10E470007B68464ADA627B68454A1A637B68454A8C
:10E480005A637B689B6B002B02D17B68424A9A637C
:10E490007B689B6B786898477B68DB6B002B02D1AD
:10E4A0007B683E4ADA637B6802225A777B681B6886
:10E4B000DB6803F01003102B55D07B681B68CA2261
:10E4C0005A627B681B6853225A62786800F064FACB
:10E4D0000346FB73FB7B002B2CD17B681B689B687E
:10E4E0007A68126823F4E00323F0400393607B68AA
:10E4F0001B6899687B685A687B681B691A437B684C
:10E500005B691A437B681B680A439A607B681B68D7
:10E510007A68D2681A617B681B6819697B689B6896
:10E520001A047B681B680A431A61786800F06BFA6A
:10E530000346FB73FB7B002B10D17B681B681A6CB6
:10E540007B681B6822F480221A647B681B68196C44
:10E550007B689A697B681B680A431A647B681B683E
:10E56000FF225A6201E00023FB73FB7B002B02D1E8
:10E570007B6801225A77FB7B18461037BD4680BD69
:10E5800037E9020819EB0208C9EA020805EB02089C
:10E59000DDEA0208F1EA0208E16A0208356B0208C6
:10E5A00090B587B000AFF860B9607A6000237B61F6
:10E5B000FB681B7F012B01D1022387E0FB6801224E
:10E5C0001A77FB6802225A777B68002B26D1FB68FA
:10E5D0001B689B6803F04003002B02D1BB6800223C
:10E5E000DA70BB681B78184600F032FA03461C0448
:10E5F000BB685B78184600F02BFA03461B021C43ED
:10E60000BB689B78184600F023FA034644EA0302ED
:10E61000BB68DB789B0513437B6118E0FB681B68D4
:10E620009B6803F04003002B02D1BB680022DA7024
:10E63000BB681B781A04BB685B781B021343BA687B
:10E6400092781A43BB68DB789B0513437B61FB68B8
:10E650001B68CA225A62FB681B6853225A62F86818
:10E6600000F09AF90346FB74FB7C002B20D1FB6879
:10E670001A687B6903F07F3323F0FE431360FB6865
:10E680001B689A68FB681B6822F480229A60FB680A
:10E690001B689968BB68DA68BB681B691A43FB682A
:10E6A0001B680A439A60F86800F0ADF90346FB74F2
:10E6B000FB7C002B02D1FB6801225A77FB681B68A8
:10E6C000FF225A62FB6800221A77FB7C18461C372F
:10E6D000BD4690BD80B586B000AFF860B9607A6085
:10E6E00000237B61FB681B689A6ABB685A60FB6801
:10E6F0001B681B69C3F30E02BB689A60FB681B684A
:10E700001B6803F07F3323F0FE437B617B691B0CA6
:10E71000DBB203F03F03DAB2BB681A707B691B0AF5
:10E72000DBB203F07F03DAB2BB685A707B69DBB2FD
:10E7300003F07F03DAB2BB689A707B699B0DDBB292
:10E7400003F00103DAB2BB68DA707B68002B1AD1E0
:10E75000BB681B78184600F099F903461A46BB6857
:10E760001A70BB685B78184600F090F903461A46A9
:10E77000BB685A70BB689B78184600F087F903465F
:10E780001A46BB689A70002318461837BD4680BDEC
:10E7900090B587B000AFF860B9607A6000237B6104
:10E7A000FB681B7F012B01D1022371E0FB68012272
:10E7B0001A77FB6802225A777B68002B0ED1BB6860
:10E7C0005B7803F01003002B08D0BB685B7823F064
:10E7D0001003DBB20A33DAB2BB685A707B68002BD5
:10E7E0001CD1BB68DB78184600F032F903461C04E4
:10E7F000BB685B78184600F02BF903461B021C43EC
:10E80000BB689B78184600F023F9034644EA0302EC
:10E81000BB681B785B0313437B610EE0BB68DB784E
:10E820001A04BB685B781B021343BA6892781A43D8
:10E83000BB681B785B0313437B61FB681B68CA22C0
:10E840005A62FB681B6853225A62F86800F0A4F809
:10E850000346FB74FB7C002B0CD1FB681A687B69B8
:10E8600023F07F4323F0C0035360F86800F0CBF837
:10E870000346FB74FB7C002B02D1FB6801225A7714
:10E88000FB681B68FF225A62FB6800221A77FB7C38
:10E8900018461C37BD4690BD80B586B000AFF86005
:10E8A000B9607A6000237B61FB681B685B6823F0BA
:10E8B0007F4323F0C0037B617B691B0CDAB2BB682A
:10E8C000DA707B691B0ADBB203F01F03DAB2BB68A4
:10E8D0005A707B69DBB203F03F03DAB2BB689A700F
:10E8E0007B695B0BDBB203F00703DAB2BB681A701B
:10E8F0007B68002B1AD1BB68DB78184600F0C6F89D
:10E9000003461A46BB68DA70BB685B78184600F0AD
:10E91000BDF803461A46BB685A70BB689B78184618
:10E9200000F0B4F803461A46BB689A7000231846F4
:10E930001837BD4680BD80B483B000AF786000BF9B
:10E940000C37BD465DF8047B7047000080B584B08D
:10E9500000AF78600023FB607B681B680D4ADA60BB
:10E96000F8F78CFCF86009E0F8F788FC0246FB68D1
:10E97000D31AB3F57A7F01D9032307E07B681B68BC
:10E98000DB6803F02003002BEED00023184610377D
:10E99000BD4680BD5F7F010080B584B000AF786068
:10E9A0000023BB600023FB737B681B68DB6803F0FC
:10E9B0004003002B22D17B681B68DA687B681B68E8
:10E9C00042F08002DA60F8F759FCB8600CE0F8F722
:10E9D00055FC0246BB68D31AB3F57A7F04D97B682D
:10E9E00004225A770123FB737B681B68DB6803F002
:10E9F0004003002B02D1FB7B012BE8D1FB7B1846A7
:10EA00001037BD4680BD80B584B000AF786000236C
:10EA1000FB737B681B68DA687B681B6822F08002E6
:10EA2000DA607B681B689B6803F02003002B0AD127
:10EA30007868FFF78BFF0346002B04D07B68042225
:10EA40005A770123FB73FB7B18461037BD4680BD08
:10EA500080B485B000AF0346FB710023FB6005E086
:10EA6000FB680133FB60FB790A3BFB71FB79092BE7
:10EA7000F6D8FB68DBB21B01DAB2FB791343DBB2D9
:10EA800018461437BD465DF8047B704780B485B0E6
:10EA900000AF0346FB710023FB60FB791B09DBB26F
:10EAA0001A4613469B0013445B00FB60FB68DAB216
:10EAB000FB7903F00F03DBB21344DBB218461437C3
:10EAC000BD465DF8047B704780B483B000AF7860CA
:10EAD00000BF0C37BD465DF8047B704780B483B03F
:10EAE00000AF786000BF0C37BD465DF8047B70470F
:10EAF00080B483B000AF786000BF0C37BD465DF8CE
:10EB0000047B704780B483B000AF786000BF0C37DF
:10EB1000BD465DF8047B704780B483B000AF786079
:10EB200000BF0C37BD465DF8047B704780B584B0EC
:10EB300000AFF860B9607A60FB68002B01D1012357
:10EB400046E0FB6893F84930DBB2002B14D1FB6838
:10EB5000002283F84820FB681B6D002B02D1FB6864
:10EB60001D4A1A65FB681D4A9A65FB681C4ADA65EE
:10EB7000FB681B6DF8689847FB681A68FB680833E8
:10EB80001946104601F070F8FB681868FB689B682E
:10EB90001A46B96801F0D2F8FB685868FB689A68B1
:10EBA000FB681B6B796801F0FFF8FB681B68FA686B
:10EBB000926853F82210FB681B68FA68926841F06B
:10EBC000010143F82210FB68012283F84920002349
:10EBD00018461037BD4680BDBD640208E5EB02084B
:10EBE000F9EB020880B483B000AF786000BF0C3747
:10EBF000BD465DF8047B704780B483B000AF786099
:10EC000000BF0C37BD465DF8047B704780B483B00D
:10EC100000AF78607B6893F84930DBB218460C3758
:10EC2000BD465DF8047B704780B582B000AF786068
:10EC30007B68002B01D101234CE07B6893F83D30C9
:10EC4000DBB2002B11D17B68002283F83C2078686E
:10EC500000F018FF7B689B6C002B02D17B681F4A79
:10EC60009A647B689B6C786898477B68022283F87B
:10EC70003D207B681A687B6804331946104600F013
:10EC80007FFC7B68012283F846207B68012283F8A1
:10EC90003E207B68012283F83F207B68012283F8B5
:10ECA00040207B68012283F841207B68012283F8A1
:10ECB00042207B68012283F843207B68012283F88D
:10ECC00044207B68012283F845207B68012283F879
:10ECD0003D20002318460837BD4680BDE1EC020800
:10ECE00080B483B000AF786000BF0C37BD465DF8DC
:10ECF000047B704780B483B000AF78607B681B688A
:10ED00001A6A41F211131340002B0FD17B681B6864
:10ED10001A6A40F244431340002B07D17B681B68FA
:10ED20001A687B681B6822F001021A607B68012266
:10ED300083F83D20002318460C37BD465DF8047B60
:10ED40007047000080B485B000AF78607B6893F8AE
:10ED50003D30DBB2012B01D001234EE07B68022263
:10ED600083F83D207B681B68DA687B681B6842F08B
:10ED70000102DA607B681B68234A934222D07B68D9
:10ED80001B68B3F1804F1DD07B681B681F4A9342FC
:10ED900018D07B681B681E4A934213D07B681B689F
:10EDA0001C4A93420ED07B681B681B4A934209D0D1
:10EDB0007B681B68194A934204D07B681B68184A19
:10EDC000934211D17B681B689B6803F00703FB60CB
:10EDD000FB68062B10D07B681B681A687B681B6871
:10EDE00042F001021A6007E07B681B681A687B68C2
:10EDF0001B6842F001021A60002318461437BD4612
:10EE00005DF8047B704700BF000001400004004033
:10EE100000080040000C0040000401400040014098
:10EE20000018004080B582B000AF78607B68002B8E
:10EE300001D101234CE07B6893F83D30DBB2002B1D
:10EE400011D17B68002283F83C20786800F01AFE1C
:10EE50007B681B6E002B02D17B681F4A1A667B6899
:10EE60001B6E786898477B68022283F83D207B6898
:10EE70001A687B6804331946104600F081FB7B68F2
:10EE8000012283F846207B68012283F83E207B68BC
:10EE9000012283F83F207B68012283F840207B68B1
:10EEA000012283F841207B68012283F842207B689D
:10EEB000012283F843207B68012283F844207B6889
:10EEC000012283F845207B68012283F83D2000233E
:10EED00018460837BD4680BD9D6F020880B582B0D8
:10EEE00000AF78607B68022283F83D207B681B6856
:10EEF0001A6A41F211131340002B0FD17B681B6873
:10EF00001A6A40F244431340002B07D17B681B6808
:10EF10001A687B681B6822F001021A607B685B6ECE
:10EF2000002B02D17B681B4A5A667B685B6E78684F
:10EF300098477B68002283F846207B68002283F88C
:10EF40003E207B68002283F83F207B68002283F804
:10EF500040207B68002283F841207B68002283F8F0
:10EF600042207B68002283F843207B68002283F8DC
:10EF700044207B68002283F845207B68002283F8C8
:10EF80003D207B68002283F83C2000231846083788
:10EF9000BD4680BD5570020880B584B000AF786072
:10EFA00039603B68002B09D17B6893F83E30DBB2B7
:10EFB000012B14BF01230023DBB222E03B68042BAA
:10EFC00009D17B6893F83F30DBB2012B14BF0123DA
:10EFD0000023DBB215E03B68082B09D17B6893F86E
:10EFE0004030DBB2012B14BF01230023DBB208E069
:10EFF0007B6893F84130DBB2012B14BF012300235F
:10F00000DBB2002B01D001237CE03B68002B04D154
:10F010007B68022283F83E2013E03B68042B04D176
:10F020007B68022283F83F200BE03B68082B04D169
:10F030007B68022283F8402003E07B68022283F889
:10F0400041207B681B6801223968184600F0F4FCF7
:10F050007B681B682D4A934204D07B681B682C4A4E
:10F06000934201D1012300E00023002B07D07B68ED
:10F070001B685A6C7B681B6842F400425A647B68C8
:10F080001B68224A934222D07B681B68B3F1804FF1
:10F090001DD07B681B681F4A934218D07B681B6891
:10F0A0001D4A934213D07B681B681C4A93420ED0C2
:10F0B0007B681B68164A934209D07B681B68184A14
:10F0C000934204D07B681B68164A934211D17B6837
:10F0D0001B689B6803F00703FB60FB68062B10D0DE
:10F0E0007B681B681A687B681B6842F001021A6023
:10F0F00007E07B681B681A687B681B6842F00102A6
:10F100001A60002318461037BD4680BD000001403C
:10F11000000401400004004000080040000C0040D2
:10F12000004001400018004080B584B000AF786016
:10F130007B681B68DB68FB607B681B681B69BB60C6
:10F14000BB6803F00203002B26D0FB6803F0020328
:10F15000002B21D07B681B686FF002021A617B686C
:10F1600001221A777B681B689B6903F00303002B5D
:10F1700005D07B68D3F890307868984709E07B68C1
:10F18000D3F89830786898477B68D3F89C307868D3
:10F1900098477B6800221A77BB6803F00403002BB2
:10F1A00026D0FB6803F00403002B21D07B681B688A
:10F1B0006FF004021A617B6802221A777B681B6871
:10F1C0009B6903F44073002B05D07B68D3F8903023
:10F1D0007868984709E07B68D3F898307868984752
:10F1E0007B68D3F89C30786898477B6800221A7750
:10F1F000BB6803F00803002B26D0FB6803F008036C
:10F20000002B21D07B681B686FF008021A617B68B5
:10F2100004221A777B681B68DB6903F00303002B69
:10F2200005D07B68D3F890307868984709E07B6810
:10F23000D3F89830786898477B68D3F89C30786822
:10F2400098477B6800221A77BB6803F01003002BF5
:10F2500026D0FB6803F01003002B21D07B681B68CD
:10F260006FF010021A617B6808221A777B681B68AE
:10F27000DB6903F44073002B05D07B68D3F8903032
:10F280007868984709E07B68D3F8983078689847A1
:10F290007B68D3F89C30786898477B6800221A779F
:10F2A000BB6803F00103002B0ED0FB6803F00103E1
:10F2B000002B09D07B681B686FF001021A617B6824
:10F2C000D3F8803078689847BB6803F08003002B40
:10F2D0000ED0FB6803F08003002B09D07B681B680D
:10F2E0006FF080021A617B68D3F8B0307868984775
:10F2F000BB6803F04003002B0ED0FB6803F0400313
:10F30000002B09D07B681B686FF040021A617B6894
:10F31000D3F8883078689847BB6803F02003002B47
:10F320000ED0FB6803F02003002B09D07B681B681C
:10F330006FF020021A617B68D3F8A830786898478C
:10F3400000BF1037BD4680BD80B586B000AFF86005
:10F35000B9607A600023FB75FB6893F83C30012BA1
:10F3600001D10223AEE0FB68012283F83C207B68D8
:10F370000C2B00F29F8001A252F823F0B1F3020897
:10F38000B5F40208B5F40208B5F40208F1F3020876
:10F39000B5F40208B5F40208B5F4020833F4020823
:10F3A000B5F40208B5F40208B5F4020873F40208D3
:10F3B000FB681B68B968184600F08EF9FB681B688B
:10F3C0009A69FB681B6842F008029A61FB681B6837
:10F3D0009A69FB681B6822F004029A61FB681B684B
:10F3E0009969BB681A69FB681B680A439A6164E003
:10F3F000FB681B68B968184600F0DEF9FB681B68FB
:10F400009A69FB681B6842F400629A61FB681B689A
:10F410009A69FB681B6822F480629A61FB681B682A
:10F420009969BB681B691A02FB681B680A439A61E9
:10F4300043E0FB681B68B968184600F033FAFB68C4
:10F440001B68DA69FB681B6842F00802DA61FB6836
:10F450001B68DA69FB681B6822F00402DA61FB684A
:10F460001B68D969BB681A69FB681B680A43DA61C3
:10F4700023E0FB681B68B968184600F087FAFB6850
:10F480001B68DA69FB681B6842F40062DA61FB689A
:10F490001B68DA69FB681B6822F48062DA61FB682A
:10F4A0001B68D969BB681B691A02FB681B680A43A1
:10F4B000DA6102E00123FB7500BFFB68002283F8DC
:10F4C0003C20FB7D18461837BD4680BD80B483B014
:10F4D00000AF786000BF0C37BD465DF8047B704715
:10F4E00080B483B000AF786000BF0C37BD465DF8D4
:10F4F000047B704780B483B000AF786000BF0C37E6
:10F50000BD465DF8047B704780B483B000AF78607F
:10F5100000BF0C37BD465DF8047B704780B483B0F4
:10F5200000AF786000BF0C37BD465DF8047B7047C4
:10F5300080B483B000AF786000BF0C37BD465DF883
:10F54000047B704780B483B000AF786000BF0C3795
:10F55000BD465DF8047B704780B483B000AF78602F
:10F5600000BF0C37BD465DF8047B704780B483B0A4
:10F5700000AF786000BF0C37BD465DF8047B704774
:10F5800080B485B000AF786039607B681B68FB6031
:10F590007B68464A934213D07B68B3F1804F0FD00B
:10F5A0007B68434A93420BD07B68424A934207D020
:10F5B0007B68414A934203D07B68404A934208D11A
:10F5C000FB6823F07003FB603B685B68FA681343D9
:10F5D000FB607B68354A93422BD07B68B3F1804F48
:10F5E00027D07B68324A934223D07B68314A9342CA
:10F5F0001FD07B68304A93421BD07B682F4A9342CE
:10F6000017D07B682E4A934213D07B682D4A9342D1
:10F610000FD07B682C4A93420BD07B682B4A9342D5
:10F6200007D07B682A4A934203D07B68294A9342D9
:10F6300008D1FB6823F44073FB603B68DB68FA6821
:10F640001343FB60FB6823F080023B685B69134354
:10F65000FB607B68FA681A603B689A687B68DA62CC
:10F660003B681A687B689A627B68104A934203D0B1
:10F670007B68124A934203D13B681A697B681A631C
:10F680007B6801225A617B681B6903F00103012B2F
:10F6900005D17B681B6923F001027B681A6100BFFA
:10F6A0001437BD465DF8047B704700BF0000014081
:10F6B0000004004000080040000C0040000401402D
:10F6C0000040014000440140004801400018004053
:10F6D000001C00400020004080B487B000AF78607C
:10F6E00039607B681B6A7B617B681B6A23F00102BF
:10F6F0007B681A627B685B683B617B689B69FB6027
:10F70000FB6823F07003FB60FB6823F00303FB60DE
:10F710003B681B68FA681343FB607B6923F00203B4
:10F720007B613B689B687A6913437B617B68204AF5
:10F73000934203D07B681F4A93420CD17B6923F02C
:10F7400008037B613B68DB687A6913437B617B69F3
:10F7500023F004037B617B68154A934203D07B68E6
:10F76000144A934211D13B6923F480733B613B6996
:10F7700023F400733B613B685B693A6913433B6167
:10F780003B689B693A6913433B617B683A695A60FD
:10F790007B68FA689A613B685A687B685A637B6841
:10F7A0007A691A6200BF1C37BD465DF8047B70475A
:10F7B000000001400004014080B487B000AF7860D1
:10F7C00039607B681B6A7B617B681B6A23F01002CF
:10F7D0007B681A627B685B683B617B689B69FB6046
:10F7E000FB6823F4E043FB60FB6823F44073FB6099
:10F7F0003B681B681B02FA681343FB607B6923F0BC
:10F8000020037B613B689B681B017A6913437B6122
:10F810007B68224A934203D07B68214A93420DD1F0
:10F820007B6923F080037B613B68DB681B017A699D
:10F8300013437B617B6923F040037B617B68174A3C
:10F84000934203D07B68164A934213D13B6923F459
:10F8500080633B613B6923F400633B613B685B6908
:10F860009B003A6913433B613B689B699B003A6983
:10F8700013433B617B683A695A607B68FA689A6116
:10F880003B685A687B689A637B687A691A6200BF32
:10F890001C37BD465DF8047B704700BF0000014087
:10F8A0000004014080B487B000AF786039607B68A5
:10F8B0001B6A7B617B681B6A23F480727B681A6217
:10F8C0007B685B683B617B68DB69FB60FB6823F0FE
:10F8D0007003FB60FB6823F00303FB603B681B685D
:10F8E000FA681343FB607B6923F400737B613B6818
:10F8F0009B681B027A6913437B617B68214A9342B0
:10F9000003D07B68204A93420DD17B6923F40063C6
:10F910007B613B68DB681B027A6913437B617B690F
:10F9200023F480637B617B68164A934203D07B6833
:10F93000154A934213D13B6923F480533B613B69E1
:10F9400023F400533B613B685B691B013A69134335
:10F950003B613B689B691B013A6913433B617B68D0
:10F960003A695A607B68FA68DA613B685A687B6872
:10F97000DA637B687A691A6200BF1C37BD465DF89E
:10F98000047B7047000001400004014080B487B050
:10F9900000AF786039607B681B6A3B617B681B6ADB
:10F9A00023F480527B681A627B685B687B617B68AA
:10F9B000DB69FB60FB6823F4E043FB60FB6823F436
:10F9C0004073FB603B681B681B02FA681343FB60D3
:10F9D0003B6923F400533B613B689B681B033A6916
:10F9E00013433B617B68124A934203D07B68114A00
:10F9F000934209D17B6923F480437B613B685B6957
:10FA00009B017A6913437B617B687A695A607B68E2
:10FA1000FA68DA613B685A687B681A647B683A69FD
:10FA20001A6200BF1C37BD465DF8047B704700BFFB
:10FA3000000001400004014080B487B000AFF860CE
:10FA4000B9607A60BB6803F01F03012202FA03F376
:10FA50007B61FB681A6A7B69DB431A40FB681A62A8
:10FA6000FB681A6ABB6803F01F03796801FA03F3A5
:10FA70001A43FB681A6200BF1C37BD465DF8047B61
:10FA80007047000080B483B000AF78607B681C4A88
:10FA9000C3F880207B681B4AC3F884207B681A4A1D
:10FAA000C3F888207B68194AC3F88C207B68184A01
:10FAB000C3F890207B68174AC3F894207B68164AE5
:10FAC000C3F898207B68154AC3F89C207B68144AC9
:10FAD000C3F8A0207B68134AC3F8A4207B68124AAD
:10FAE000C3F8A8207B68114AC3F8AC207B68104A91
:10FAF000C3F8B02000BF0C37BD465DF8047B7047EB
:10FB0000F9690208CDF4020845F5020859F5020822
:10FB1000F5F4020809F50208E1F402081DF50208EF
:10FB200031F502086DF502082DFC020841FC0208BF
:10FB300055FC020880B485B000AF786039607B68FE
:10FB400093F83C30012B01D102235AE07B6801225B
:10FB500083F83C207B68022283F83D207B681B6889
:10FB60005B68FB607B681B689B68BB60FB6823F07D
:10FB70007003FB603B681B68FA681343FB607B689B
:10FB80001B68FA685A607B681B68214A934222D03E
:10FB90007B681B68B3F1804F1DD07B681B681D4AD2
:10FBA000934218D07B681B681B4A934213D07B6832
:10FBB0001B681A4A93420ED07B681B68184A93420E
:10FBC00009D07B681B68174A934204D07B681B6886
:10FBD000154A93420CD1BB6823F08003BB603B689D
:10FBE0005B68BA681343BB607B681B68BA689A603D
:10FBF0007B68012283F83D207B68002283F83C204B
:10FC0000002318461437BD465DF8047B704700BFDB
:10FC1000000001400004004000080040000C0040CB
:10FC200000040140004001400018004080B483B04F
:10FC300000AF786000BF0C37BD465DF8047B7047AD
:10FC400080B483B000AF786000BF0C37BD465DF86C
:10FC5000047B704780B483B000AF786000BF0C377E
:10FC6000BD465DF8047B704780B487B000AF786014
:10FC700039603B681A687B6853F822303A6812682A
:10FC800023F001017B6843F822103B689B68082B36
:10FC900002D140237B6101E000237B613B685A680D
:10FCA0007B691A433B689B681A433B68DB681A43CD
:10FCB0003B681B691A433B685B691A433B68DB6915
:10FCC0001A433B681B6A1A433B685B6A1A433B68EA
:10FCD0009B6A1A433B68DB6A1A433B681B6B1343FE
:10FCE0003B613B689B693A6913433B613B68DB6B53
:10FCF0003A6913433B61104BFB60FB6843F480633C
:10FD0000FB60FB6843F4E023FB603B681A687B6898
:10FD100053F82220FB68DB4302EA03013B681A68C0
:10FD20003B6919437B6843F82210002318461C37AF
:10FD3000BD465DF8047B70477FFB080080B485B04A
:10FD400000AFF860B9607A607B685A1CFB6853F8B2
:10FD5000223003F04041BB681A68BB685B681B0136
:10FD60001A43BB689B681B021A43BB68DB681B0411
:10FD70001A43BB681B69013B1B051A43BB685B69DF
:10FD8000023B1B061A43BB689B6913437A68013226
:10FD90001943FB6843F82210002318461437BD4668
:10FDA0005DF8047B7047000080B485B000AFF86058
:10FDB000B9607A603B603B68B3F5804F1DD1FB684A
:10FDC0007A6853F82220134B1340BA681168BA6856
:10FDD000526812011143BA68926812021143BA685C
:10FDE00092691143BA68D26812040A4343EA0201D5
:10FDF000FB687A6843F8221005E0FB687A686FF0C8
:10FE0000704143F82210002318461437BD465DF8B0
:10FE1000047B70470000F0CF80B483B000AF03468E
:10FE20003960FB7197F90730002B0ADB3B68DAB2C7
:10FE30000C4997F907301201D2B20B4483F8002322
:10FE40000AE03B68DAB20849FB7903F00F03043B90
:10FE50001201D2B20B441A7600BF0C37BD465DF8D2
:10FE6000047B704700E100E000ED00E080B500AFEA
:10FE7000054B1B6802F042FB0346012B01D000F04A
:10FE80004BFE00BF80BD00BF10E000E080B500AFBA
:10FE900000216FF00400FFF7BFFF00BF80BD00002E
:10FEA00080B483B000AFEFF305833B603B68002B69
:10FEB00003D06FF005037B600CE00A4B1B68002B3E
:10FEC00005D1084B01221A6000237B6002E04FF04D
:10FED000FF337B607B6818460C37BD465DF8047BBA
:10FEE000704700BFCC04002080B582B000AFEFF3B4
:10FEF00005833B603B68002B03D06FF005037B60FC
:10FF000010E00B4B1B68012B09D1FFF7BFFF084B1B
:10FF100002221A6001F062FE00237B6002E04FF0D3
:10FF2000FF337B607B6818460837BD4680BD00BF45
:10FF3000CC04002080B58EB004AFF860B9607A6060
:10FF400000233B61EFF305837B617B69002B7FD14D
:10FF5000FB68002B7CD080233B621823FB610023CD
:10FF60007B624FF0FF33BB617B68002B46D07B6820
:10FF70001B68002B02D07B681B687B627B689B69D7
:10FF8000002B02D07B689B69FB61FB69002B08D0CA
:10FF9000FB69382B05D87B685B6803F00103002BF5
:10FFA00001D0002355E07B685B69002B03D07B68A0
:10FFB0005B699B083B627B689B68002B0FD07B686A
:10FFC000DB68B3F5CE7F0AD37B681B69002B06D0B4
:10FFD0007B685B69002B02D00123BB6110E07B686A
:10FFE0009B68002B0CD17B68DB68002B08D17B68F9
:10FFF0001B69002B04D10023BB6101E00023BB611E
:020000040803EF
:10000000BB69012B10D17B681B697A6892680292E8
:100010000193FB690093BB683A6A796AF86801F05A
:1000200007FB03463B6113E0BB69002B10D13B6A21
:100030009AB207F110030193FB690093BB68796AD8
:10004000F86801F057FB0346012B01D000233B6108
:100050003B6918462837BD4680BD80B584B000AFE7
:100060007860786802F030FFF860FB68002B05D0FC
:10007000FB681B68FA6852681046984700BF103743
:10008000BD4680BD80B58CB002AFF8607A603B6041
:100090000B46FB7200233B62EFF305833B613B6938
:1000A000002B63D1FB68002B60D0082000F0C8F85B
:1000B00078617B69002B59D07B69FA681A607B698B
:1000C0007A685A60FB7A002B02D10023FB6101E0C1
:1000D0000123FB614FF0FF33BB6100237B623B6870
:1000E000002B1CD03B681B68002B02D03B681B68B0
:1000F0007B623B689B68002B06D03B68DB682B2B40
:1001000002D90123BB610CE03B689B68002B08D13E
:100110003B68DB68002B04D10023BB6101E00023B6
:10012000BB61BB69012B0CD13B689B680193124BEF
:1001300000937B69FA690121786A02F038FB386222
:100140000BE0BB69002B08D10B4B00937B69FA696C
:100150000121786A02F00AFB38623B6A002B05D164
:100160007B69002B02D0786900F03EF93B6A1846A3
:100170002837BD4680BD00BF5B00030880B588B04E
:1001800002AF786039607B683B61EFF30583FB6009
:10019000FB68002B03D06FF005037B6117E03B6920
:1001A000002B03D16FF003037B6110E00023009369
:1001B00000233A680421386902F076FB0346012BDC
:1001C00002D100237B6102E06FF002037B617B6957
:1001D00018461837BD4680BD80B485B000AFF860C2
:1001E000B9607A60FB68074A1A60BB68064A1A6001
:1001F0007B6880221A6000BF1437BD465DF8047B1F
:10020000704700BFD00400206C06002080B485B089
:1002100000AFF860B9607A60FB68074A1A60BB6893
:10022000064A1A607B6880221A6000BF1437BD46F8
:100230005DF8047B704700BF6C080020080A0020AE
:1002400080B58AB000AF78600023FB6101F038FD13
:100250005F4B1B68002B01D100F02AF95D4B1A6837
:100260007B681340002B40F095807B68002B1ED0EC
:1002700008227B6813447B607B6803F00703002B34
:1002800015D07B6823F0070308337B607B6803F09D
:100290000703002B0BD04FF0100383F31188BFF33B
:1002A0006F8FBFF34F8F7B6100BF00BFFDE77B689F
:1002B000002B6FD0484B1B687A689A426AD8474B2C
:1002C0003B62464B1B687B6204E07B6A3B627B6A55
:1002D0001B687B627B6A5B687A689A4203D97B6A97
:1002E0001B68002BF1D13A4B1B687A6A9A4251D0B5
:1002F0003B6A1B6808221344FB617B6A1A683B6AED
:100300001A607B6A5A687B68D21A08235B009A429B
:1003100020D97A6A7B681344BB61BB6903F0070389
:10032000002B0BD04FF0100383F31188BFF36F8FB6
:10033000BFF34F8F3B6100BF00BFFDE77B6A5A6888
:100340007B68D21ABB695A607B6A7A685A60B8695E
:1003500000F010F9204B1A687B6A5B68D31A1E4ABA
:1003600013601D4B1A681E4B1B689A4203D21A4B2E
:100370001B681B4A13607B6A5A68164B1B681A433A
:100380007B6A5A607B6A00221A60164B1B68013335
:10039000144A136001F0A2FCFB69002B01D1F5F7B0
:1003A00049FEFB6903F00703002B0BD04FF010034D
:1003B00083F31188BFF36F8FBFF34F8FFB6000BFD4
:1003C00000BFFDE7FB6918462837BD4680BD00BF6A
:1003D000F03A0020043B0020F43A0020E83A0020E4
:1003E000F83A0020FC3A002080B586B000AF786073
:1003F0007B687B617B68002B4FD008235B427A6966
:1004000013447B617B693B613B695A68254B1B68E0
:100410001340002B0BD14FF0100383F31188BFF36F
:100420006F8FBFF34F8FFB6000BF00BFFDE73B69DD
:100430001B68002B0BD04FF0100383F31188BFF320
:100440006F8FBFF34F8FBB6000BF00BFFDE73B69FD
:100450005A68144B1B681340002B1ED03B691B6865
:10046000002B1AD13B695A680E4B1B68DB431A40BC
:100470003B695A6001F024FC3B695A680A4B1B68CF
:100480001344094A1360386900F074F8074B1B687D
:100490000133064A136001F021FC00BF1837BD4646
:1004A00080BD00BF043B0020F43A0020003B002048
:1004B00080B485B000AF42F6E063BB60274BFB60C1
:1004C000FB6803F00703002B0CD0FB680733FB60CD
:1004D000FB6823F00703FB60BA68FB68D31A1F4A66
:1004E0001344BB60FB687B601D4A7B6813601C4B38
:1004F00000225A607B68BA681344FB600822FB68DC
:100500009B1AFB60FB6823F00703FB60FB68154A3E
:100510001360144B1B6800225A60124B1B680022A8
:100520001A607B683B603B68FA68D21A3B685A6085
:100530000C4B1A683B681A603B685B680A4A136098
:100540003B685B68094A1360094B4FF000421A6030
:1005500000BF1437BD465DF8047B7047080C0020CF
:10056000E83A0020F03A0020F83A0020F43A00205F
:10057000043B002080B485B000AF7860284BFB605E
:1005800002E0FB681B68FB60FB681B687A689A42A4
:10059000F7D8FB68BB60FB685B68BA6813447A688D
:1005A0009A4208D1FB685A687B685B681A44FB680A
:1005B0005A60FB687B607B68BB607B685B68BA687D
:1005C0001A44FB681B689A4218D1FB681A68154BDD
:1005D0001B689A420DD07B685A68FB681B685B6891
:1005E0001A447B685A60FB681B681A687B681A604B
:1005F00008E00C4B1A687B681A6003E0FB681A6815
:100600007B681A60FA687B689A4202D0FB687A6855
:100610001A6000BF1437BD465DF8047B704700BF09
:10062000E83A0020F03A002080B483B000AF786050
:100630007B6803F108027B685A607B684FF0FF32E9
:100640009A607B6803F108027B68DA607B6803F1DB
:1006500008027B681A617B6800221A6000BF0C37B1
:10066000BD465DF8047B704780B483B000AF78600E
:100670007B6800221A6100BF0C37BD465DF8047B21
:10068000704780B485B000AF786039607B685B6884
:10069000FB603B68FA685A60FB689A683B689A603E
:1006A000FB689B683A685A60FB683A689A603B68E6
:1006B0007A681A617B681B685A1C7B681A6000BFE5
:1006C0001437BD465DF8047B704780B485B000AF39
:1006D000786039603B681B68BB60BB68B3F1FF3F63
:1006E00003D17B681B69FB600CE07B680833FB600F
:1006F00002E0FB685B68FB60FB685B681B68BA68CC
:100700009A42F6D2FB685A683B685A603B685B685D
:100710003A689A603B68FA689A60FB683A685A607F
:100720003B687A681A617B681B685A1C7B681A6090
:1007300000BF1437BD465DF8047B704780B485B0B8
:1007400000AF78607B681B69FB607B685B687A68D8
:1007500092689A607B689B687A6852685A60FB6806
:100760005B687A689A4203D17B689A68FB685A6032
:100770007B6800221A61FB681B685A1EFB681A60BE
:10078000FB681B6818461437BD465DF8047B70474C
:1007900080B485B000AFF860B9607A60FB68043B54
:1007A000FB60FB684FF080721A60FB68043BFB60E3
:1007B000BB6823F00102FB681A60FB68043BFB6026
:1007C0000C4AFB681A60FB68143BFB607A68FB68A4
:1007D0001A60FB68043BFB60FB686FF002021A6062
:1007E000FB68203BFB60FB6818461437BD465DF88C
:1007F000047B7047F907030880B485B000AF00237D
:100800007B60134B1B68B3F1FF3F0BD04FF010031D
:1008100083F31188BFF36F8FBFF34F8FFB6000BF6F
:1008200000BFFDE74FF0100383F31188BFF36F8F14
:10083000BFF34F8FBB6000BF00BF7B68002BFCD0B5
:1008400000BF00BF1437BD465DF8047B704700BF92
:100850001800002000000000000000000000000060
:10086000074B19680868B0E8F04F80F30988BFF3B8
:100870006F8F4FF0000080F311887047AFF3008056
:100880000843002000BF00BF08480068006880F3EC
:1008900008884FF0000080F3148862B661B6BFF399
:1008A0004F8FBFF36F8F00DF00BF00BF08ED00E088
:1008B00080B586B000AF474B1B68474A93420BD1C7
:1008C0004FF0100383F31188BFF36F8FBFF34F8F87
:1008D000FB6000BF00BFFDE73E4B1B683F4A9342F1
:1008E0000BD14FF0100383F31188BFF36F8FBFF369
:1008F0004F8F3B6100BF00BFFDE7394B7B617B69D8
:100900001B78DBB27B607B69FF221A707B691B78E6
:10091000DBB2FB70FB78DBB203F01003DAB2314BD1
:100920001A70314B07221A6009E02F4B1B68013BFC
:100930002D4A1360FB78DBB25B00DBB2FB70FB7807
:10094000DBB203F08003802BEFD0274B1B68C3F191
:100950000703042B0BD04FF0100383F31188BFF370
:100960006F8FBFF34F8FBB6000BF00BFFDE71E4B13
:100970001B681B021C4A13601B4B1B6803F4E063DB
:10098000194A13607B68DAB27B691A70174B1B68CF
:10099000164A43F470031360144B1B68134A43F068
:1009A0007043136000F0DAF8114B00221A6000F077
:1009B000F9F8104B1B680F4A43F040431360FFF7F0
:1009C00063FF01F0FBFAFFF717FF00231846183703
:1009D000BD4680BD00ED00E071C20F4170C20F4105
:1009E00000E400E0083B00200C3B002020ED00E08C
:1009F0001800002034EF00E080B483B000AF4FF067
:100A0000100383F31188BFF36F8FBFF34F8F7B60A9
:100A100000BF104B1B6801330E4A13600D4B1B685F
:100A2000012B10D10C4B1B68DBB2002B0BD04FF00D
:100A3000100383F31188BFF36F8FBFF34F8F3B60B9
:100A400000BF00BFFDE700BF0C37BD465DF8047B6B
:100A5000704700BF1800002004ED00E080B483B0B0
:100A600000AF124B1B68002B0BD14FF0100383F328
:100A70001188BFF36F8FBFF34F8F7B6000BF00BF44
:100A8000FDE70A4B1B68013B084A1360074B1B68D4
:100A9000002B05D100233B603B6883F3118800BF26
:100AA00000BF0C37BD465DF8047B7047180000207E
:100AB000EFF30980BFF36F8F154B1A681EF0100F0C
:100AC00008BF20ED108A20E9F04F10602DE90900E1
:100AD0004FF0100080F31188BFF34F8FBFF36F8F7B
:100AE00001F06CFA4FF0000080F3118809BC19681E
:100AF0000868B0E8F04F1EF0100F08BFB0EC108A85
:100B000080F30988BFF36F8F704700BFAFF3008099
:100B10000843002000BF00BF80B582B000AF4FF097
:100B2000100383F31188BFF36F8FBFF34F8F7B6088
:100B300000BF01F081F90346002B03D0064B4FF0B4
:100B400080521A6000233B603B6883F3118800BF2A
:100B500000BF0837BD4680BD04ED00E080B400AFA3
:100B60000B4B00221A600B4B00221A600A4B1B68C9
:100B70000A4AA2FB03239B09094A013B1360044B69
:100B800007221A6000BFBD465DF8047B704700BFB6
:100B900010E000E018E000E00C000020D34D6210EF
:100BA00014E000E0DFF80C00016841F4700101601E
:100BB000704700BF88ED00E080B485B000AFEFF370
:100BC0000583FB60FB680F2B15D9184AFB6813449B
:100BD0001B78FB72164B1B78FA7A9A420BD24FF0B5
:100BE000100383F31188BFF36F8FBFF34F8F7B60C8
:100BF00000BF00BFFDE70F4B1B6803F4E0620E4B24
:100C00001B689A420BD94FF0100383F31188BFF38E
:100C10006F8FBFF34F8F3B6000BF00BFFDE700BF8A
:100C20001437BD465DF8047B704700BFF0E300E079
:100C3000083B00200CED00E00C3B002080B584B0A8
:100C400000AF786039607B68FB60FB68002B0BD1DC
:100C50004FF0100383F31188BFF36F8FBFF34F8FF3
:100C6000BB6000BF00BFFDE7FFF7C6FEFB681A6868
:100C7000FB68DB6BF968096C01FB03F31A44FB6842
:100C80009A60FB6800229A63FB681A68FB685A60E6
:100C9000FB681A68FB68DB6B013BF968096C01FBB8
:100CA00003F31A44FB68DA60FB68FF2283F84420F0
:100CB000FB68FF2283F845203B68002B14D1FB68BA
:100CC0001B69002B1AD0FB681033184601F03EFA5E
:100CD0000346002B12D00D4B4FF080521A60BFF329
:100CE0004F8FBFF36F8F09E0FB6810331846FFF793
:100CF0009BFCFB6824331846FFF796FCFFF7AEFE1B
:100D0000012318461037BD4680BD00BF04ED00E04A
:100D100080B58EB002AFF860B9607A603B60FB6866
:100D2000002B0BD14FF0100383F31188BFF36F8FAB
:100D3000BFF34F8FBB6200BF00BFFDE73B68002BD6
:100D40000BD14FF0100383F31188BFF36F8FBFF304
:100D50004F8F7B6200BF00BFFDE77B68002B02D096
:100D6000BB68002B01D0012300E00023002B0BD136
:100D70004FF0100383F31188BFF36F8FBFF34F8FD2
:100D80003B6200BF00BFFDE77B68002B02D1BB6860
:100D9000002B01D1012300E00023002B0BD14FF0E9
:100DA000100383F31188BFF36F8FBFF34F8FFB6185
:100DB00000BF00BFFDE750237B617B69502B0BD048
:100DC0004FF0100383F31188BFF36F8FBFF34F8F82
:100DD000BB6100BF00BFFDE77B693B68FB62FB6A4C
:100DE000002B0DD0FB6A012283F8462097F83820AB
:100DF000FB6A009313467A68B968F86800F005F852
:100E0000FB6A18463037BD4680BD80B584B000AF60
:100E1000F860B9607A60FB70BB68002B03D1BB69D6
:100E2000BA691A6002E0BB697A681A60BB69FA683D
:100E3000DA63BB69BA681A640121B869FFF7FEFE7C
:100E4000BB69FA7883F84C2000BF1037BD4680BDDF
:100E500080B58EB000AFF860B9607A603B60002367
:100E60007B63FB683B633B6B002B0BD14FF01003A4
:100E700083F31188BFF36F8FBFF34F8FBB6200BF47
:100E800000BFFDE7BB68002B03D13B6B1B6C002B45
:100E900001D1012300E00023002B0BD14FF0100300
:100EA00083F31188BFF36F8FBFF34F8F7B6200BF57
:100EB00000BFFDE73B68022B03D13B6BDB6B012BD3
:100EC00001D1012300E00023002B0BD14FF01003D0
:100ED00083F31188BFF36F8FBFF34F8F3B6200BF67
:100EE00000BFFDE701F00AFB0346002B02D17B683F
:100EF000002B01D1012300E00023002B0BD14FF088
:100F0000100383F31188BFF36F8FBFF34F8FFB6123
:100F100000BF00BFFDE7FFF76FFD3B6B9A6B3B6BBC
:100F2000DB6B9A4202D33B68022B29D13A68B9683D
:100F3000386B00F00FFAF8623B6B5B6A002B10D045
:100F40003B6B2433184601F001F90346002B13D004
:100F50003F4B4FF080521A60BFF34F8FBFF36F8F3C
:100F60000AE0FB6A002B07D0394B4FF080521A6021
:100F7000BFF34F8FBFF36F8FFFF770FD012363E067
:100F80007B68002B03D1FFF769FD00235CE07B6BDE
:100F9000002B06D107F11403184601F03BF9012399
:100FA0007B63FFF75BFD00F08BFEFFF725FD3B6BDE
:100FB00093F844305BB2B3F1FF3F03D13B6B0022A7
:100FC00083F844203B6B93F845305BB2B3F1FF3FAD
:100FD00003D13B6B002283F84520FFF73FFD3A1D0C
:100FE00007F114031146184601F02AF90346002BB5
:100FF00024D1386B00F0A6FA0346002B18D03B6BC7
:1010000010337A681146184601F04EF8386B00F03C
:1010100031FA00F063FE0346002B7FF47CAF0C4BEB
:101020004FF080521A60BFF34F8FBFF36F8F72E79C
:10103000386B00F01FFA00F051FE6CE7386B00F0DF
:1010400019FA00F04BFE002318463837BD4680BD24
:1010500004ED00E080B590B000AFF860B9607A6050
:101060003B60FB68BB63BB6B002B0BD14FF01003E5
:1010700083F31188BFF36F8FBFF34F8FBB6200BF45
:1010800000BFFDE7BB68002B03D1BB6B1B6C002BC3
:1010900001D1012300E00023002B0BD14FF01003FE
:1010A00083F31188BFF36F8FBFF34F8F7B6200BF55
:1010B00000BFFDE73B68022B03D1BB6BDB6B012B51
:1010C00001D1012300E00023002B0BD14FF01003CE
:1010D00083F31188BFF36F8FBFF34F8F3B6200BF65
:1010E00000BFFDE7FFF768FDEFF311824FF010033B
:1010F00083F31188BFF36F8FBFF34F8FFA61BB612A
:10110000FB697B63BB6B9A6BBB6BDB6B9A4202D355
:101110003B68022B2FD1BB6B93F8453087F83330F7
:10112000BB6B9B6BFB623A68B968B86B00F012F955
:1011300097F93330B3F1FF3F12D1BB6B5B6A002BE1
:1011400016D0BB6B2433184601F000F80346002B81
:101150000ED07B68002B0BD07B6801221A6007E061
:1011600097F833300133DBB25AB2BB6B83F84520BA
:101170000123FB6301E00023FB637B6B7B617B69E5
:1011800083F3118800BFFB6B18464037BD4680BD16
:1011900080B58CB000AFF860B9607A600023FB6264
:1011A000FB68BB62BB6A002B0BD14FF0100383F3CB
:1011B0001188BFF36F8FBFF34F8F3B6200BF00BF3B
:1011C000FDE7BB68002B03D1BB6A1B6C002B01D170
:1011D000012300E00023002B0BD14FF0100383F319
:1011E0001188BFF36F8FBFF34F8FFB6100BF00BF4C
:1011F000FDE701F083F90346002B02D17B68002B49
:1012000001D1012300E00023002B0BD14FF010038C
:1012100083F31188BFF36F8FBFF34F8FBB6100BFA4
:1012200000BFFDE7FFF7E8FBBB6A9B6B7B627B6A55
:10123000002B1FD0B968B86A00F0F6F87B6A5A1E16
:10124000BB6A9A63BB6A1B69002B0FD0BB6A103361
:10125000184600F07BFF0346002B07D03C4B4FF0B5
:1012600080521A60BFF34F8FBFF36F8FFFF7F6FB0B
:10127000012369E07B68002B03D1FFF7EFFB00231C
:1012800062E0FB6A002B06D107F11003184600F05C
:10129000C1FF0123FB62FFF7E1FB00F011FDFFF747
:1012A000ABFBBB6A93F844305BB2B3F1FF3F03D1B1
:1012B000BB6A002283F84420BB6A93F845305BB2D6
:1012C000B3F1FF3F03D1BB6A002283F84520FFF74B
:1012D000C5FB3A1D07F110031146184600F0B0FF98
:1012E0000346002B23D1B86A00F016F90346002B01
:1012F00017D0BB6A24337A681146184600F0D4FE32
:10130000B86A00F0B7F800F0E9FC0346002B89D179
:101310000F4B4FF080521A60BFF34F8FBFF36F8FA8
:1013200080E7B86A00F0A6F800F0D8FC7AE7B86A5F
:1013300000F0A0F800F0D2FCB86A00F0EDF8034627
:10134000002B3FF46FAF002318463037BD4680BDF9
:1013500004ED00E080B586B000AFF860B9607A6057
:1013600000237B61FB689B6B3B61FB681B6C002B64
:101370000DD1FB681B68002B4DD1FB689B6818469C
:1013800001F0DAF87861FB6800229A6043E07B683C
:10139000002B19D1FB685868FB681B6C1A46B968AA
:1013A00001F024FFFB685A68FB681B6C1A44FB6859
:1013B0005A60FB685A68FB689B689A422BD3FB68AB
:1013C0001A68FB685A6026E0FB68D868FB681B6CEB
:1013D0001A46B96801F00AFFFB68DA68FB681B6C03
:1013E0005B421A44FB68DA60FB68DA68FB681B68DA
:1013F0009A4207D2FB689A68FB681B6C5B421A44EE
:10140000FB68DA607B68022B05D13B69002B02D0B8
:101410003B69013B3B613B695A1CFB689A637B69F2
:1014200018461837BD4680BD80B582B000AF7860E1
:1014300039607B681B6C002B18D07B68DA687B688E
:101440001B6C1A447B68DA607B68DA687B689B688F
:101450009A4203D37B681A687B68DA607B68D96834
:101460007B681B6C1A46386801F0C0FE00BF083765
:10147000BD4680BD80B584B000AF7860FFF7BCFA90
:101480007B6893F84530FB7311E07B685B6A002B47
:1014900012D07B682433184600F058FE0346002B18
:1014A00001D000F041FFFB7B013BDBB2FB7397F9FE
:1014B0000F30002BE9DC00E000BF7B68FF2283F8DF
:1014C0004520FFF7CBFAFFF797FA7B6893F8443093
:1014D000BB7311E07B681B69002B12D07B68103353
:1014E000184600F033FE0346002B01D000F01CFF2D
:1014F000BB7B013BDBB2BB7397F90E30002BE9DC01
:1015000000E000BF7B68FF2283F84420FFF7A6FAC3
:1015100000BF1037BD4680BD80B584B000AF786095
:10152000FFF76AFA7B689B6B002B02D10123FB60FB
:1015300001E00023FB60FFF791FAFB6818461037C3
:10154000BD4680BD80B584B000AF7860FFF754FA27
:101550007B689A6B7B68DB6B9A4202D10123FB604C
:1015600001E00023FB60FFF779FAFB6818461037AB
:10157000BD4680BD80B485B000AF7860396000237F
:10158000FB6014E00F4AFB6852F83330002B0BD19C
:101590000C49FB683A6841F833200A4AFB68DB00D3
:1015A00013447A685A6006E0FB680133FB60FB680D
:1015B000FE2BE7D900BF00BF1437BD465DF8047BA2
:1015C000704700BF103B002080B586B000AFF860C8
:1015D000B9607A60FB687B61FFF70EFA7B6993F86C
:1015E00044305BB2B3F1FF3F03D17B69002283F843
:1015F00044207B6993F845305BB2B3F1FF3F03D1E0
:101600007B69002283F84520FFF728FA7B699B6BF2
:10161000002B06D17B6924337A68B968184600F03C
:1016200069FD7869FFF726FF00BF1837BD4680BD0A
:1016300080B58EB004AFF860B9607A603B607B6BB8
:10164000002B0BD14FF0100383F31188BFF36F8F82
:10165000BFF34F8F3B6200BF00BFFDE7BB6B002BAA
:101660000BD14FF0100383F31188BFF36F8FBFF3DB
:101670004F8FFB6100BF00BFFDE74FF4CE733B61AE
:101680003B69B3F5CE7F0BD04FF0100383F3118885
:10169000BFF36F8FBFF34F8FBB6100BF00BFFDE78C
:1016A0003B69BB6B002B1ED07B6B002B1BD0BB6B35
:1016B0007B627B6A7A6B1A637B6A022283F89921C8
:1016C000002303937B6A029307F1140301933B6B9E
:1016D00000933B687A68B968F86800F051F8786A56
:1016E00000F004F901E000237B617B69184628378C
:1016F000BD4680BD80B58CB004AFF860B9603B607A
:101700001346FB80FB889B001846FEF799FD786125
:101710007B69002B0FD04FF4CE70FEF791FDF8617E
:10172000FB69002B03D0FB697A691A6305E07869CD
:10173000FEF75AFE01E00023FB61FB69002B17D086
:10174000FB69002283F89921FA8800230393FB693F
:101750000293FB6A0193BB6A00933B68B968F8681F
:1017600000F00EF8F86900F0C1F80123BB6102E057
:101770004FF0FF33BB61BB6918462037BD4680BDC3
:1017800080B588B000AFF860B9607A603B603B6BB1
:10179000186B7B689B001A46A52101F087FC3B6B08
:1017A0001A6B7B6803F18043013B9B001344BB61D0
:1017B000BB6923F00703BB61BB6903F00703002B80
:1017C0000BD04FF0100383F31188BFF36F8FBFF37B
:1017D0004F8F7B6100BF00BFFDE73B6BBA69C3F869
:1017E0003421BB68002B1FD00023FB6112E0BA68D4
:1017F000FB69134419783A6BFB69134434330A4686
:101800001A70BA68FB6913441B78002B06D0FB6979
:101810000133FB61FB69FE2BE9D900E000BF3B6BA4
:10182000002283F8322103E03B6B002283F834204E
:10183000BB6A372B01D93723BB623B6BBA6ADA62CA
:101840003B6BBA6AC3F840213B6B0022C3F84421CA
:101850003B6B04331846FEF707FF3B6B1833184603
:10186000FEF702FF3B6B3A6B1A61BB6AC3F13802A9
:101870003B6B9A613B6B3A6B5A623B6B0022C3F83D
:1018800094213B6B002283F898213B6B03F5A473F2
:101890004C220021184601F009FC3B6B104AC3F8AA
:1018A0004C213B6B0F4AC3F850213B6B0E4AC3F8E7
:1018B00054213B6B002283F89A213A68F968B86991
:1018C000FEF766FF02463B6B1A60FB6A002B02D0F4
:1018D000FB6A3A6B1A6000BF2037BD4680BD00BF6F
:1018E0003C490020A44900200C4A002080B582B069
:1018F00000AF7860FFF780F82D4B1B6801332C4A4E
:1019000013602C4B1B68002B09D12A4A7B6813609B
:10191000274B1B68012B10D100F02CFD0DE0264B4E
:101920001B68002B09D1234B1B68DA6A7B68DB6AD2
:101930009A4202D81F4A7B681360204B1B68013310
:101940001E4A13601D4B1A687B68C3F838217B68F8
:10195000DA6A1B4B1B689A4203D97B68DB6A184A18
:1019600013607B68DA6A13469B0013449B00154A98
:101970001A447B68043319461046FEF782FEFFF7CF
:101980006DF80D4B1B68002B0ED00A4B1B68DA6AF2
:101990007B68DB6A9A4207D20B4B4FF080521A6089
:1019A000BFF34F8FBFF36F8F00BF0837BD4680BDB9
:1019B000DC47002008430020E8470020F8470020CB
:1019C000E44700200C43002004ED00E080B584B023
:1019D00000AF7860FFF710F87B68002B02D1304B26
:1019E0001B6800E07B68FB60FB6804331846FEF769
:1019F000A5FEFB689B6A002B04D0FB6818331846D1
:101A0000FEF79CFEFB68043319462648FEF739FEB4
:101A1000FB6893F89831DBB2012B03D1FB680022FD
:101A200083F89821FFF71AF81F4B1B68002B05D08D
:101A3000FEF7E2FF00F042FDFFF710F8184B1B68BD
:101A4000FA689A4228D1184B1B68002B18D0174B04
:101A50001B68002B0BD04FF0100383F31188BFF3EA
:101A60006F8FBFF34F8FBB6000BF00BFFDE7104B10
:101A70004FF080521A60BFF34F8FBFF36F8F0BE0B0
:101A8000084B1A680B4B1B689A4203D1044B002287
:101A90001A6001E000F092FA00BF1037BD4680BD29
:101AA00008430020C8470020E847002004480020E1
:101AB00004ED00E0DC47002080B487B000AF786020
:101AC00000237B617B683B617B68002B0BD14FF06F
:101AD000100383F31188BFF36F8FBFF34F8FFB6049
:101AE00000BF00BFFDE73B695B690A4A93420AD128
:101AF0003B699B6A084A934205D03B699B6A002B6D
:101B000001D101237B617B6918461C37BD465DF816
:101B1000047B7047C84700209C47002080B584B0F4
:101B200000AF78607B68FB607B68002B0BD14FF0C7
:101B3000100383F31188BFF36F8FBFF34F8FBB6028
:101B400000BF00BFFDE7214B1B68FA689A4238D0FE
:101B5000FB68002B35D0FEF74FFFF868FFF7ACFFAE
:101B60000346002B2BD0FB6804331846FEF7E6FD36
:101B7000FB68DA6A164B1B689A4203D9FB68DB6A7A
:101B8000134A1360FB68DA6A13469B0013449B00F8
:101B9000104A1A44FB68043319461046FEF771FDDB
:101BA000FB68DA6A094B1B68DB6A9A4207D30A4B67
:101BB0004FF080521A60BFF34F8FBFF36F8FFEF765
:101BC0004DFF00BF1037BD4680BD00BF0843002059
:101BD000E44700200C43002004ED00E080B58AB00B
:101BE00004AF0023BB6000237B603A46391D07F138
:101BF00008031846FEF7F0FA39687B68BA68029263
:101C000001930023009300230A4625492548FFF746
:101C10000FFD0346244A1360234B1B68002B02D0A0
:101C200001237B6101E000237B617B69012B02D1F1
:101C300000F052FD78617B69012B1CD14FF010033D
:101C400083F31188BFF36F8FBFF34F8F3B6100BFEA
:101C5000164B1B6803F5A473154A1360154B4FF020
:101C6000FF321A60144B01221A60144B00221A60D2
:101C7000FEF71EFE0FE07B69B3F1FF3F0BD14FF083
:101C8000100383F31188BFF36F8FBFF34F8FFB6097
:101C900000BF00BFFDE700BF1837BD4680BD00BFD5
:101CA000383A030841230308004800200843002075
:101CB0001C000020FC470020E8470020E0470020EF
:101CC00080B400AF044B1B680133034A136000BFAC
:101CD000BD465DF8047B70470448002080B584B0A1
:101CE00000AF0023FB600023BB60424B1B68002B4E
:101CF0000BD14FF0100383F31188BFF36F8FBFF345
:101D00004F8F3B6000BF00BFFDE7FEF775FE394B0C
:101D10001B68013B374A1360364B1B68002B62D1AE
:101D2000354B1B68002B5ED02FE0344BDB68DB6843
:101D3000FB60FB6818331846FEF700FDFB680433B0
:101D40001846FEF7FBFCFB68DA6A2D4B1B689A42CB
:101D500003D9FB68DB6A2A4A1360FB68DA6A134618
:101D60009B0013449B00274A1A44FB68043319461E
:101D70001046FEF786FCFB68DA6A234B1B68DB6AB9
:101D80009A4202D3214B01221A601C4B1B68002B84
:101D9000CBD1FB68002B01D000F090FB1C4B1B68E3
:101DA0007B607B68002B10D000F046F80346002BC8
:101DB00002D0164B01221A607B68013B7B607B6876
:101DC000002BF1D1124B00221A60104B1B68002B24
:101DD00009D00123BB600F4B4FF080521A60BFF354
:101DE0004F8FBFF36F8FFEF739FEBB681846103771
:101DF000BD4680BD04480020DC4700209C470020F1
:101E0000E44700200C43002008430020F047002056
:101E1000EC47002004ED00E080B483B000AF054B38
:101E20001B687B607B6818460C37BD465DF8047BF9
:101E3000704700BFE047002080B586B000AF0023A8
:101E40007B61534B1B68002B40F09680514B1B6805
:101E500001333B614F4A3B6913603B69002B21D141
:101E60004D4B1B681B68002B0BD04FF0100383F306
:101E70001188BFF36F8FBFF34F8F3B6000BF00BF70
:101E8000FDE7454B1B68FB60444B1B68424A1360EF
:101E9000424AFB681360424B1B680133404A13609F
:101EA00000F00CFB3F4B1B683A699A4249D33A4B0E
:101EB0001B681B68002B04D13A4B4FF0FF321A60AD
:101EC0003FE0354B1B68DB68DB68BB60BB685B6869
:101ED0007B603A697B689A4203D2324A7B6813601E
:101EE0002FE0BB6804331846FEF728FCBB689B6AEA
:101EF000002B04D0BB6818331846FEF71FFCBB68E4
:101F0000DA6A294B1B689A4203D9BB68DB6A264A06
:101F10001360BB68DA6A13469B0013449B00234A94
:101F20001A44BB68043319461046FEF7AAFBBB6887
:101F3000DA6A1F4B1B68DB6A9A42B8D301237B61C4
:101F4000B5E71B4B1B68DA6A184913469B0013441C
:101F50009B000B441B68012B01D901237B61154BAE
:101F60001B68002B01D1F4F747F8134B1B68002BBB
:101F700009D001237B6106E00E4B1B6801330D4A3B
:101F80001360F4F739F87B6918461837BD4680BDF1
:101F900004480020E0470020944700209847002094
:101FA000F4470020FC470020E44700200C430020B9
:101FB00008430020EC470020F047002080B584B0A3
:101FC00000AF334B1B68002B03D0324B01221A6049
:101FD00059E0304B00221A602F4B1B681A682E4BB9
:101FE0001B681B6B9A4208D82B4B1A682A4B1B683C
:101FF000343319461046F4F711F8284B1B68FB6080
:1020000011E0FB68002B0BD14FF0100383F3118814
:10201000BFF36F8FBFF34F8F7B6000BF00BFFDE743
:10202000FB68013BFB601E49FA6813469B001344A2
:102030009B000B441B68002BE3D0FA6813469B00FF
:1020400013449B00164A1344BB60BB685B685A6824
:10205000BB685A60BB685A68BB6808339A4204D1AF
:10206000BB685B685A68BB685A60BB685B68DB68C2
:10207000094A1360094AFB681360074B1B6803F5A4
:10208000A473084A136000BF1037BD4680BD00BF6F
:1020900004480020F047002008430020E4470020C7
:1020A0000C4300201C00002080B584B000AF786095
:1020B00039607B68002B0BD14FF0100383F311883C
:1020C000BFF36F8FBFF34F8FFB6000BF00BFFDE713
:1020D000074B1B68183319467868FEF7F6FA01219A
:1020E000386800F09FFA00BF1037BD4680BD00BFC2
:1020F0000843002080B586B000AFF860B9607A6010
:10210000FB68002B0BD14FF0100383F31188BFF352
:102110006F8FBFF34F8F7B6100BF00BFFDE70A4B9E
:102120001B6818331946F868FEF7ABFA7B68002B7A
:1021300002D04FF0FF33BB607968B86800F072FAE4
:1021400000BF1837BD4680BD0843002080B586B06B
:1021500000AF78607B68DB68DB683B613B69002B24
:102160000BD14FF0100383F31188BFF36F8FBFF3D0
:102170004F8FFB6000BF00BFFDE73B691833184677
:10218000FEF7DCFA1D4B1B68002B1DD13B690433A5
:102190001846FEF7D3FA3B69DA6A194B1B689A4274
:1021A00003D93B69DB6A164A13603B69DA6A134656
:1021B0009B0013449B00134A1A443B69043319469D
:1021C0001046FEF75EFA05E03B69183319460E48E3
:1021D000FEF757FA3B69DA6A0C4B1B68DB6A9A42D6
:1021E00005D901237B610A4B01221A6001E000231B
:1021F0007B617B6918461837BD4680BD04480020C6
:10220000E44700200C4300209C47002008430020A6
:10221000F047002080B483B000AF7860064B1A68A6
:102220007B681A60054B1A687B685A6000BF0C37E0
:10223000BD465DF8047B7047F4470020E04700206E
:1022400080B588B000AF786039607B68002B0BD117
:102250004FF0100383F31188BFF36F8FBFF34F8FDD
:102260003B6100BF00BFFDE73B68002B0BD14FF087
:10227000100383F31188BFF36F8FBFF34F8FFB60A1
:1022800000BF00BFFDE7FEF7B7FB244B1B68BB6137
:102290007B685B68BA69D31A7B61214B1B6893F832
:1022A0009A31002B07D01E4B1B68002283F89A211D
:1022B0000123FB612BE03B681B68B3F1FF3F02D1B8
:1022C0000023FB6123E07B681A68164B1B689A4267
:1022D00007D07B685B68BA699A4202D30123FB612D
:1022E00015E03B681B687A699A420BD23B681A6812
:1022F0007B69D21A3B681A607868FFF78BFF00236E
:10230000FB6104E03B6800221A600123FB61FEF7D9
:10231000A5FBFB6918462037BD4680BDE04700207D
:1023200008430020F447002080B400AF034B012293
:102330001A6000BFBD465DF8047B7047F04700207F
:1023400080B582B000AF786000F054F8074B1B688E
:10235000012B07D9064B4FF080521A60BFF34F8F05
:10236000BFF36F8FF3F736FEEEE700BF0C4300209C
:1023700004ED00E080B582B000AF00237B600CE08C
:102380007A6813469B0013449B00124A1344184674
:10239000FEF74AF97B6801337B607B68372BEFD906
:1023A0000D48FEF741F90D48FEF73EF90C48FEF7DF
:1023B0003BF90C48FEF738F90B48FEF735F90B4BA3
:1023C000054A1A600A4B054A1A6000BF0837BD4625
:1023D00080BD00BF0C4300206C47002080470020D8
:1023E0009C470020B0470020C847002094470020A9
:1023F0009847002080B582B000AF19E0FEF7FCFAE4
:10240000104BDB68DB687B607B6804331846FEF7A3
:1024100095F90D4B1B68013B0B4A13600B4B1B6876
:10242000013B0A4A1360FEF719FB786800F010F8C8
:10243000064B1B68002BE1D100BF00BF0837BD462B
:1024400080BD00BFB0470020DC470020C44700200B
:1024500080B584B000AF78607B6803F5A47318463C
:1024600000F02CFE7B6893F89931002B08D17B6833
:102470001B6B1846FDF7B8FF7868FDF7B5FF19E04C
:102480007B6893F89931012B03D17868FDF7ACFF95
:1024900010E07B6893F89931022B0BD04FF01003BA
:1024A00083F31188BFF36F8FBFF34F8FFB6000BFC3
:1024B00000BFFDE700BF1037BD4680BD80B483B0CC
:1024C00000AF0C4B1B681B68002B04D10A4B4FF06C
:1024D000FF321A6008E0074B1B68DB68DB687B6033
:1024E0007B685B68044A136000BF0C37BD465DF82B
:1024F000047B704794470020FC47002080B483B0E1
:1025000000AF0B4B1B68002B02D101237B6008E05E
:10251000084B1B68002B02D102237B6001E00023E3
:102520007B607B6818460C37BD465DF8047B7047BE
:10253000E84700200448002080B586B000AF7860EE
:102540007B683B6100237B617B68002B5ED0324B54
:102550001B683A699A420BD04FF0100383F311883D
:10256000BFF36F8FBFF34F8FFB6000BF00BFFDE76E
:102570003B69D3F84431002B0BD14FF0100383F3A8
:102580001188BFF36F8FBFF34F8FBB6000BF00BFD9
:10259000FDE73B69D3F844315A1E3B69C3F8442137
:1025A0003B69DA6A3B69D3F840319A422ED03B69E5
:1025B000D3F84431002B29D13B6904331846FEF788
:1025C000BDF83B69D3F840213B69DA623B69DB6ABD
:1025D000C3F138023B699A613B69DA6A0F4B1B68A9
:1025E0009A4203D93B69DB6A0C4A13603B69DA6A99
:1025F00013469B0013449B00094A1A443B69043369
:1026000019461046FEF73DF801237B617B691846A9
:102610001837BD4680BD00BF08430020E4470020B6
:102620000C43002080B584B000AF78603960244B43
:102630001B68FB60234B1B68002283F89A21214B07
:102640001B6804331846FEF779F87B68B3F1FF3F47
:102650000AD13B68002B07D01A4B1B68043319467C
:102660001948FEF70EF826E0FA687B681344BB6051
:10267000144B1B68BA685A60BA68FB689A4209D260
:10268000124B1A680F4B1B68043319461046FEF7AD
:102690001CF810E00E4B1A680A4B1B6804331946ED
:1026A0001046FEF712F80B4B1B68BA689A4202D22A
:1026B000084ABB68136000BF1037BD4680BD00BF2D
:1026C000E047002008430020C8470020984700202A
:1026D00094470020FC47002080B58AB004AF002357
:1026E0007B6100F0B1FB1D4B1B68002B21D0002348
:1026F000FB600023BB603A1D07F1080107F10C03E2
:102700001846FDF783FD7968BB68FA680292019369
:102710003723009300230A4611491248FEF788FF29
:102720000346114A1360104B1B68002B01D0012394
:102730007B617B69002B0BD14FF0100383F3118871
:10274000BFF36F8FBFF34F8F3B6100BF00BFFDE74B
:102750007B6918461837BD4680BD00BF3848002049
:10276000403A0308E12903083C48002080B588B0BE
:1027700002AFF860B9607A603B602C20FDF760FD25
:1027800078617B69002B0DD07B69002283F82820BB
:102790007B6901933B6A00933B687A68B968F86883
:1027A00000F045F87B6918461837BD4680BD80B5F6
:1027B0008AB002AFF860B9607A603B602C233B615D
:1027C0003B692C2B0BD04FF0100383F31188BFF320
:1027D0006F8FBFF34F8FBB6100BF00BFFDE73B6949
:1027E000FB6A002B0BD14FF0100383F31188BFF36A
:1027F0006F8FBFF34F8F7B6100BF00BFFDE7FB6AA8
:10280000FB61FB69002B0DD0FB69022283F82820B5
:10281000FB690193BB6A00933B687A68B968F86802
:1028200000F005F8FB6918462037BD4680BD80B52D
:1028300086B000AFF860B9607A603B60BB68002B7F
:102840000BD14FF0100383F31188BFF36F8FBFF3E9
:102850004F8F7B6100BF00BFFDE77B6A002B1ED05E
:1028600000F0F2FA7B6AFA681A607B6ABA689A61C9
:102870007B6A3A68DA617B6A3A6A1A627B6A043375
:102880001846FDF7F1FE7B68002B08D07B6A93F8B1
:10289000283043F00403DAB27B6A83F8282000BFB3
:1028A0001837BD4680BD000080B58AB000AFF86023
:1028B000B9607A603B6000237B62FB68002B0BD120
:1028C0004FF0100383F31188BFF36F8FBFF34F8F67
:1028D0003B6200BF00BFFDE7194B1B68002B2AD0ED
:1028E000BB683B617B687B61FB68BB61BB68052B98
:1028F00018DCFFF703FE0346022B09D1104B1868C2
:1029000007F1100100233A6BFEF7A2FA786212E099
:102910000B4B186807F1100100230022FEF798FA0C
:10292000786208E0064B186807F1100100233A6846
:10293000FEF790FB78627B6A18462837BD4680BD5B
:102940003848002080B588B002AF78603960234BEA
:102950001B68DB68DB687B617B6904331846FDF725
:10296000EDFE7B6993F8283003F00403002B23D09D
:102970007B699A697B68D1187B683A68786900F04E
:10298000D5F80346002B20D00023009300237A685B
:1029900000217869FFF788FF38613B69002B14D16B
:1029A0004FF0100383F31188BFF36F8FBFF34F8F86
:1029B000FB6000BF00BFFDE77B6993F8283023F080
:1029C0000103DAB27B6983F828207B691B6A786986
:1029D000984700BF1837BD4680BD00BF3048002073
:1029E00080B584B000AF786007F10803184600F0A6
:1029F00059F8F860BB681946F86800F005F800F06F
:102A0000D7F800BFF0E7000080B584B000AF786071
:102A10003960FFF755F907F10803184600F066F82A
:102A2000F860BB68002B30D13B68002B0AD17A6874
:102A3000FB689A4206D8FFF751F9F9687868FFF702
:102A400081FF24E03B68002B08D0134B1B681B68F8
:102A5000002B01D1012300E000233B600F4B1868DD
:102A60007A68FB68D31A3A681946FEF7ADFDFFF79E
:102A700035F90346002B0AD1094B4FF080521A60FA
:102A8000BFF34F8FBFF36F8F01E0FFF727F900BF50
:102A90001037BD4680BD00BF3448002038480020B4
:102AA00004ED00E080B485B000AF78600E4B1B6889
:102AB0001B68002B01D1012200E000227B681A6014
:102AC0007B681B68002B05D1074B1B68DB681B6804
:102AD000FB6001E00023FB60FB6818461437BD462D
:102AE0005DF8047B704700BF3048002080B584B09B
:102AF00000AF7860FFF790F9F8600B4B1B68FA683D
:102B00009A4205D200F03AF97B6801221A6002E08D
:102B10007B6800221A60044AFB681360FB68184651
:102B20001037BD4680BD00BF4048002080B586B04C
:102B300000AFF860B9607A603B6000237B61FB689E
:102B4000BA685A60FB68FA681A61BA687B689A4288
:102B500012D87A683B68D21AFB689B699A4202D302
:102B600001237B611BE0104B1A68FB680433194694
:102B70001046FDF7AAFD12E07A683B689A4206D239
:102B8000BA683B689A4202D301237B6107E0074B96
:102B90001A68FB68043319461046FDF796FD7B69F9
:102BA00018461837BD4680BD344800203048002004
:102BB00080B58EB002AFCEE07B68002B19DA3B1DEA
:102BC0000433FB62FB6A002B0BD14FF0100383F33D
:102BD0001188BFF36F8FBFF34F8FFB6100BF00BF42
:102BE000FDE7FB6A1B68FA6A5068FA6A9268114648
:102BF00098477B68002BC0F2AE80FB68BB62BB6A63
:102C00005B69002B04D0BB6A04331846FDF796FDC0
:102C10003B461846FFF76AFF78627B68092B00F293
:102C2000978001A252F823F0512C0308512C03087D
:102C3000512C0308C72C0308DB2C0308272D03089D
:102C4000512C0308512C0308C72C0308DB2C030864
:102C5000BB6A93F8283043F00103DAB2BB6A83F809
:102C60002820BA68BB6A9B69D118BB687A6AB86ABF
:102C7000FFF75CFF0346002B6CD0BB6A1B6AB86A87
:102C80009847BB6A93F8283003F00403002B61D007
:102C9000BA68BB6A9B691A44002300930023002191
:102CA000B86AFFF701FE38623B6A002B52D14FF041
:102CB000100383F31188BFF36F8FBFF34F8FBB6196
:102CC00000BF00BFFDE7BB6A93F8283023F0010383
:102CD000DAB2BB6A83F828203DE0BB6A93F828305B
:102CE00043F00103DAB2BB6A83F82820BA68BB6AF2
:102CF0009A61BB6A9B69002B0BD14FF0100383F3E1
:102D00001188BFF36F8FBFF34F8F7B6100BF00BF90
:102D1000FDE7BB6A9A697B6AD1187B6A7A6AB86AEE
:102D2000FFF704FF17E0BB6A93F8283003F00203B3
:102D3000002B03D1B86AFDF757FB0CE0BB6A93F890
:102D4000283023F00103DAB2BB6A83F8282002E0BE
:102D500000BF00E000BF084B1B68391D0022184669
:102D6000FEF716FA0346002B7FF426AF00BF00BF24
:102D70003037BD4680BD00BF3848002080B588B0E0
:102D800002AF49E02E4B1B68DB681B683B612C4B94
:102D90001B68DB68DB68FB60FB6804331846FDF7E3
:102DA000CDFCFB681B6AF8689847FB6893F82830ED
:102DB00003F00403002B2FD0FB689B693A6913448E
:102DC000BB60BA683B699A420ED9FB68BA685A6020
:102DD000FB68FA681A611A4B1A68FB6804331946D3
:102DE0001046FDF772FC17E00023009300233A69B8
:102DF0000021F868FFF758FD78607B68002B0BD145
:102E00004FF0100383F31188BFF36F8FBFF34F8F21
:102E10003B6000BF00BFFDE7094B1B681B68002B30
:102E2000B0D1074B1B687B61064B1B68044A1360DB
:102E3000044A7B69136000BF1837BD4680BD00BFE0
:102E4000304800203448002080B582B002AFFDF742
:102E5000D3FD154B1B68002B20D11448FDF7E4FB74
:102E60001348FDF7E1FB134B104A1A60124B104A4E
:102E70001A6000230093114B114A10210A20FDF71C
:102E800047FF0346084A1360074B1B68002B05D019
:102E9000054B1B680B491846FEF76CFBFDF7DEFD82
:102EA00000BFBD4680BD00BF384800200848002054
:102EB0001C4800203048002034480020E44800200E
:102EC00044480020483A030880B586B000AF7860D7
:102ED0007B687B617B68002B0BD14FF0100383F381
:102EE0001188BFF36F8FBFF34F8FFB6000BF00BF30
:102EF000FDE7FDF781FD7B69DB693B61FDF7AEFD19
:102F00003B6918461837BD4680BD000070B50F4EAE
:102F10000C463168054611B900F02EF930602146A3
:102F2000284600F029F9431C03D14FF0FF34204616
:102F300070BDC41C24F00304A042F8D0211A284616
:102F400000F01AF90130F2D1EFE700BF3449002058
:102F50002DE9F843CD1C25F0030508350C2D38BFAD
:102F60000C25002D064601DBA94204D90C23336051
:102F70000020BDE8F883DFF8D48000F069F8D8F8C5
:102F800000301C4644BB29463046FFF7BFFF431CB8
:102F9000044658D1D8F800402746002F43D1002CD2
:102FA0004BD023683946304604EB030900F0E4F8BF
:102FB000814542D121686D1A29463046FFF7A6FFA8
:102FC00001303AD023682B442360D8F800305A6887
:102FD00062BBC8F800700FE02268521B20D40B2A95
:102FE00017D96119A342256018BF5960636808BFEB
:102FF000C8F8001062514B60304600F02FF804F121
:103000000B00231D20F00700C21A1CBF1B1AA3507F
:10301000AFE76268A3420CBFC8F800205A60EBE734
:1030200023466468AEE73C467F68B6E71A465B68AD
:10303000A342FBD100235360DEE70C23336030460C
:1030400000F00CF894E70560D6E700BF384900208F
:103050000148F4F7B2B800BF9C0400200148F4F71F
:10306000C1B800BF9C0400200EB410B59DB01FABCA
:10307000029006906FF000410A48079104910A49B6
:1030800053F8042B0591002402A9006801931B94B6
:1030900000F060F9029B1C701DB0BDE8104003B049
:1030A000704700BF1C0000200802FFFF02440346D7
:1030B000934200D1704703F8011BF9E72D4B1B68C1
:1030C000834270B5044653D0C3691BB3DB6863B158
:1030D0000025E369DB685959B1B90435802DF8D171
:1030E000E3692046D96800F08FF8E369196811B1E7
:1030F000204600F089F8E3699D685DB129462046C5
:103100002D6800F081F8F8E70E68204600F07CF8A2
:103110003146E1E7616911B1204600F075F8E169D7
:1031200011B1204600F070F8216B11B1204600F07B
:103130006BF8616B11B1204600F066F8A16B11B11C
:10314000204600F061F8A16C11B1204600F05CF857
:10315000616C11B1204600F057F8E16A11B12046C8
:1031600000F052F8236A1BB12046BDE870401847B2
:1031700070BD00BF1C00002038B5064D002304467A
:1031800008462B60F3F768FE431C02D12B6803B19D
:10319000236038BD744A0020014B1868704700BF97
:1031A0001C00002070B50D4D0D4C641BA4100026B2
:1031B000A64209D10B4D0C4C00F0A4FB641BA410DB
:1031C0000026A64205D170BD55F8043B984701364C
:1031D000EEE755F8043B98470136F2E790560308AE
:1031E0009056030890560308945603080A449142E7
:1031F00000F1FF3300D1704710B511F8014B03F80F
:10320000014F9142F9D110BD38B50546002941D092
:1032100051F8043C0C1F002BB8BFE418FFF718FF4F
:103220001D4A136833B9636014602846BDE838400E
:10323000FFF714BFA34208D9206821188B4201BFB1
:1032400019685B6809182160EDE71A465B680BB1E5
:10325000A342FAD911685018A0420BD1206801444A
:10326000501883421160E0D118685B6853600844CD
:103270001060DAE702D90C232B60D6E7206821180A
:103280008B4204BF19685B68636004BF0918216042
:103290005460CAE738BD00BF384900202DE9F04727
:1032A0008E681F46BE420B6882460C4690462DD85B
:1032B000B1F90C2012F4906F26D06569096905EB0D
:1032C0004505A3EB010905EBD5757B1C4B446D103F
:1032D0009D4238BF1D46530527D52946FFF738FEC6
:1032E000064660B321694A46FFF780FFA38923F4AD
:1032F000906343F08003A381266165614E44A5EB92
:1033000009052660A5603E46BE4200D93E462068BB
:103310003246414600F0A6FAA3689B1BA3602368CF
:10332000334423600020BDE8F0872A4600F0B4FA59
:1033300006460028E0D121695046FFF765FF0C23BF
:10334000CAF80030A38943F04003A3814FF0FF3057
:10335000E9E700002DE9F04F98468B891B069DB0E8
:1033600007460D46144610D50B6973B94021FFF787
:10337000EFFD2860286130B90C233B604FF0FF302F
:103380001DB0BDE8F08F40236B610023099320231B
:103390008DF82930CDF80C803023DFF89C818DF832
:1033A0002A304FF0010923469A4613F8012B0AB13F
:1033B000252AF9D1BAEB040B0BD05B4622462946ED
:1033C0003846FFF76BFF013000F0A780099A5A4496
:1033D00009929AF80030002B00F09F8000234FF0F4
:1033E000FF32CDE905230AF1010A049307938DF812
:1033F00053301A935446052214F8011B4E48ECF73B
:10340000E7FE049AD8B9D00644BF20238DF8533084
:10341000110744BF2B238DF853309AF800302A2B24
:1034200015D0079A544600204FF00A0C214611F897
:10343000013B303B092B4BD9B0B1079214E0A0EB14
:10344000080309FA03F313430493A246D2E7039B4C
:10345000191D1B680391002BBBBF5B4242F00202A7
:1034600007930793B8BF049223782E2B0AD1637871
:103470002A2B32D1039B1A1D1B68039243EAE37384
:1034800002340593DFF8C0A0217803225046ECF700
:103490009FFE38B1049BA0EB0A00402282401343F8
:1034A0000134049314F8011B24488DF828100622D7
:1034B000ECF78EFE002836D0214B1BBB039B073355
:1034C00023F0070308330393099B334409936AE706
:1034D0000CFB02320C460120A8E7002301340593BF
:1034E00019464FF00A0C204610F8012B303A092AF1
:1034F00003D9002BC6D00591C4E70CFB012104467B
:103500000123F0E703AB00932A460E4B04A938468B
:10351000AFF30080421C0646D6D1AB895B063FF56F
:103520002DAF09982CE703AB00932A46054B04A95D
:10353000384600F079F8EDE7545603085E56030864
:10354000000000009D3203085A5603082DE9F04799
:10355000164698468A680B69DDF820909342B8BFFA
:103560001346336091F8432007460C460AB10133F5
:1035700033602368990642BF33680233336025689D
:1035800015F0060506D104F1190AE36832689B1AA2
:10359000AB4226DC94F843302268003B18BF01237D
:1035A00092062BD404F1430241463846C847013005
:1035B0001ED02368226903F00603042B02BFE568CE
:1035C0003368ED1AA3680CBF25EAE5750025934220
:1035D000C4BF9B1AED1800261A34B5421AD1002038
:1035E00008E00123524641463846C847013003D11E
:1035F0004FF0FF30BDE8F0870135C6E7E1185A1CEF
:10360000302081F84300224494F8451082F843109A
:103610000233C7E70123224641463846C8470130F6
:10362000E6D00136D9E700002DE9FF470F7E0C9E5A
:10363000782F914680460C469A4601F1430207D8FE
:10364000622F0AD8002F00F0D180582F00F0B880E8
:1036500004F1420684F842703AE0A7F16303152BA7
:10366000F6D801A151F823F0C1360308D536030876
:103670005136030851360308513603085136030802
:10368000D53603085136030851360308513603086E
:1036900051360308D3370308FF3603088D37030874
:1036A0005136030851360308F5370308513603082D
:1036B000FF360308513603085136030895370308CF
:1036C00033681A1D1B68326004F1420684F84230E8
:1036D00001239CE033682068191D3160060601D57E
:1036E0001D6803E04506FBD5B3F90050002D03DA51
:1036F0002D236D4284F8433058480A2311E0216895
:103700003368080653F8045B02D4490648BFADB2DB
:103710006F2F5248336014BF0A230823002184F816
:1037200043106668A660002E05DB21682E4321F059
:10373000040121604BD01646B5FBF3F103FB115792
:10374000C75D06F8017D2F46BB420D46F4D9082B14
:103750000BD12368DF0708D5236961689942DEBF72
:10376000302306F8013C06F1FF36921B2261CDF8AA
:1037700000A04B4603AA21464046FFF7E7FE013072
:103780004AD14FF0FF3004B0BDE8F087236843F022
:10379000200323603248782784F845702368316815
:1037A0001F0651F8045B02D45F0648BFADB231601A
:1037B000D90744BF43F0200323601DB11023ADE7B8
:1037C0002648E9E7236823F020032360F6E716463E
:1037D000BDE7336825686169181D30602E061B68D7
:1037E00001D5196002E06806FBD51980002323612A
:1037F0001646BCE733681A1D32601E6862680021F5
:103800003046ECF7E5FC08B1801B6060636823611B
:10381000002384F84330AAE72369324649464046EC
:10382000D0470130ADD023689B0713D4E068039BD9
:103830009842B8BF1846A6E701233246494640469B
:10384000D04701309DD00135E36803995B1AAB4244
:10385000F2DCEBE7002504F11906F5E765560308ED
:1038600076560308884210B501EB020402D984425F
:10387000234607D8431EA14208D011F8012B03F8B4
:10388000012FF8E7024401468A4200D110BD13F827
:10389000014D02F8014DF7E72DE9F04107461446C6
:1038A0000D4621B9BDE8F0411146FFF751BB2AB9D9
:1038B000FFF7AAFC25462846BDE8F08100F01AF87B
:1038C0008442064602D8B4EB500FF4D8214638465D
:1038D000FFF73EFB804608B94546ECE7B442224676
:1038E000294628BF3246FFF781FC29463846FFF7B4
:1038F0008BFCF1E751F8043C181F002BBCBF0B58A0
:10390000C0187047F8B500BFF8BC08BC9E467047A9
:0C391000F8B500BFF8BC08BC9E4670472C
:10391C00484800003A0000004D4D000054000000E3
:10392C004700000043434D00434F4C4C4953494F13
:10393C004E00000048420000464C4600464C5200E7
:10394C00524C530043000000323200004155544F9A
:10395C000000000046560000380000004B4D4800A7
:10396C0052504D0039393939393900004B4D00006E
:10397C00393939390000000025303275000000005B
:10398C00500000004E0000004400000052000000F7
:10399C002020000057454C434F4D450000000000CF
:1039AC0055534552000000004C656176696E670006
:1039BC0000000000256C7500514D5F4150504C00CB
:1039CC00514D5F42535700004E564D5F48414E4497
:1039DC004C494E4700000000514D5F44434D0000E0
:1039EC00416C61726D356D735F514D5F4150504C40
:1039FC0000000000416C61726D356D735F514D5F5D
:103A0C0042535700416C61726D31306D735F514D93
:103A1C005F4150504C000000416C61726D31306D53
:103A2C00735F514D5F4253570000000049444C45B1
:103A3C0000000000546D722053766300546D725177
:103A4C000000000012148C0040D03A0C3D80B08471
:103A5C000C043E19703A7135721173F11716180473
:103A6C00328019031A7B030A4F8050805100522276
:103A7C00535E5480589E41387B107C1E7D357E5A97
:103A8C007F6980768182828C839684A085B486C37C
:103A9C0087D788E689F47A1011001E31FFFF0000E9
:103AAC00000000000000000000000000000000000A
:103ABC0000000000000000000000000000000000FA
:103ACC0000000000000000000000000000000000EA
:103ADC0000000000000000000000000000000000DA
:103AEC000000000000000000000000000000038047
:103AFC00000380000380000380000380000380002B
:103B0C00038000038000038000010000010000001E
:103B1C000000000000038000038000000000000093
:103B2C000000000000000000000000000000000089
:103B3C000000000000000000000E70000E70000E6F
:103B4C007000042000042000042000042000000069
:103B5C000000000000000000000000000000000059
:103B6C000000000000000000000000000000000049
:103B7C0000000000000000000000000000000660D3
:103B8C00000660000660000660000660003FF8005A
:103B9C003FF8000660000CC0003FF8003FF8000C36
:103BAC00C0000CC0000CC0000CC0000CC000000019
:103BBC0000000000000000000000000000000000F9
:103BCC0000000001800001800007B0000FF0001819
:103BDC0070001870001C00000F800007E00000F05F
:103BEC00001830001C30001C70001FE0001BC000CF
:103BFC0001800001800001800001800000000000B5
:103C0C000000000000000000000000000000078021
:103C1C00000FC0001CE0001860001860001CE000E1
:103C2C000FF80007E0001FF0000738000618000628
:103C3C00180007380003F00001E00000000000004D
:103C4C000000000000000000000000000000000068
:103C5C0000000000000000000000000003F000075E
:103C6C00F0000C60000C00000C00000600000700C7
:103C7C00000F9C001DFC0018F0001870000FFC00D9
:103C8C0007DC000000000000000000000000000045
:103C9C000000000000000000000000000000000018
:103CAC00000380000380000380000100000100007D
:103CBC0001000001000000000000000000000000F6
:103CCC0000000000000000000000000000000000E8
:103CDC0000000000000000000000000000000000D8
:103CEC000000000000000018000038000070000008
:103CFC00F00000E00000E00001C00001C00001C0C5
:103D0C000001C00001C00001C00000E00000E000A4
:103D1C000070000070000038000018000000000067
:103D2C00000000000000000000000000000018006F
:103D3C00001C00000E00000E000007000007000031
:103D4C0003800003800003800003800003800003D5
:103D5C0080000700000700000F00000E00001C0090
:103D6C00001800000000000000000000000000002F
:103D7C000000000000000180000180000180001D97
:103D8C00B8001FF80007E00003C00003C000066085
:103D9C0000066000000000000000000000000000B1
:103DAC000000000000000000000000000000000007
:103DBC0000000000000000000000000000000000F7
:103DCC0000000000018000018000018000018000E3
:103DDC000180003FFC003FFC0001800001800001DD
:103DEC008000018000018000000000000000000045
:103DFC0000000000000000000000000000000000B7
:103E0C0000000000000000000000000000000000A6
:103E1C000000000000000000000000000000000096
:103E2C000000000000000000000000E00000C000E6
:103E3C0001C00001800001800003000003000000AD
:103E4C000000000000000000000000000000000066
:103E5C000000000000000000000000000000000056
:103E6C000000001FF8001FF8000000000000000018
:103E7C000000000000000000000000000000000036
:103E8C000000000000000000000000000000000026
:103E9C000000000000000000000000000000000016
:103EAC000000000000000000000000000000000006
:103EBC000000000000000000000003C00003C00070
:103ECC0003C0000000000000000000000000000023
:103EDC00000000000000000000180000180000386E
:103EEC000000300000700000600000600000C000A6
:103EFC0000C00001800001800003000003000006E8
:103F0C0000000600000E00000C00001C0000180051
:103F1C00001800000000000000000000000000007D
:103F2C0000000000000003C00007E0000C30000C93
:103F3C003000181800181800181800181800181855
:103F4C00001818001818000C30000C300007E000A6
:103F5C0003C0000000000000000000000000000092
:103F6C0000000000000000000000000000000080C5
:103F7C00000780001F80001D800001800001800070
:103F8C00018000018000018000018000018000019F
:103F9C0080000180001FF8001FF8000000000000E6
:103FAC000000000000000000000000000000000005
:103FBC0000000000000007C0001FF0003830003087
:103FCC00180030180000180000300000600001C01C
:103FDC00000380000600000C00001800003FF800F1
:103FEC003FF800000000000000000000000000008E
:103FFC00000000000000000000000000000003C0F2
:10400C00000FE0000C700000300000300000600079
:10401C0003C00003E000007000001800001800004E
:10402C0018001838001FF0000FC00000000000003E
:10403C000000000000000000000000000000000074
:10404C0000000000000000E00001E00001E00003BF
:10405C0060000660000660000C60000C60001860D8
:10406C00003060003FF8003FF80000600003F800EB
:10407C0003F8000000000000000000000000000039
:10408C0000000000000000000000000000001FF015
:10409C00001FF0001800001800001800001BC000E2
:1040AC001FF0001C30000018000018000018000061
:1040BC0018003030003FF0000FC00000000000007E
:1040CC0000000000000000000000000000000000E4
:1040DC0000000000000000F80003F8000700000ECC
:1040EC0000000C00001800001BC0001FF0001C306A
:1040FC00001818001818001818000C38000FF000E1
:10410C0003E00000000000000000000000000000C0
:10411C0000000000000000000000000000001FF87C
:10412C00001FF8001818001838000030000030008C
:10413C0000700000600000600000E00000C00000A3
:10414C00C00001C0000180000180000000000000E0
:10415C000000000000000000000000000000000053
:10416C0000000000000007E0000FF0001C380018F1
:10417C0018001818000C300007E00007E0000C30A5
:10418C00001818001818001818001C38000FF00040
:10419C0007E000000000000000000000000000002C
:1041AC00000000000000000000000000000007C03C
:1041BC00000FF0001C300018180018180018180018
:1041CC000C38000FF80003D8000018000030000075
:1041DC00700000E0001FC0001F0000000000000085
:1041EC0000000000000000000000000000000000C3
:1041FC0000000000000000000000000000000000B3
:10420C00000003C00003C00003C000000000000059
:10421C000000000000000000000003C00003C0000C
:10422C0003C00000000000000000000000000000BF
:10423C000000000000000000000000000000000072
:10424C000000000000000000000000F00000F00082
:10425C0000F0000000000000000000000000000062
:10426C00E00001C00001800001800003000002009A
:10427C000000000000000000000000000000000032
:10428C00000000000000000000000000001C000006
:10429C003C0000F00003C0000F00003C0000F000E8
:1042AC00003C00000F000003C00000F000003C00C8
:1042BC00001C0000000000000000000000000000D6
:1042CC0000000000000000000000000000000000E2
:1042DC00000000000000000000000000007FFC0057
:1042EC007FFC000000000000007FFC007FFC000051
:1042FC0000000000000000000000000000000000B2
:10430C0000000000000000000000000000000000A1
:10431C0000000000000000000000000070000078A9
:10432C0000001E000007800001E000007800001E65
:10433C000000780001E0000780001E0000780000FB
:10434C0070000000000000000000000000000000F1
:10435C000000000000000000000000000000000051
:10436C000007C0000FE00018700018300018300073
:10437C0000700000E00003C0000380000300000098
:10438C000000000000070000070000000000000013
:10439C000000000000000000000000000000000011
:1043AC0000000000000003E00007F0000E38000CD5
:1043BC00180018780018F80019D8001998001998E6
:1043CC000019980018F8001878001800000C00006C
:1043DC000E180007F80003E00000000000000000C9
:1043EC0000000000000000000000000000000000C1
:1043FC00001F80001FC00001C000036000036000AC
:10440C000630000630000C30000FF8001FF80018C2
:10441C000C00300C00FC7F00FC7F00000000000052
:10442C000000000000000000000000000000000080
:10443C000000000000000000007FE0007FF000188A
:10444C0038001818001818001838001FF0001FF852
:10445C0000181C00180C00180C00180C007FF80039
:10446C007FF00000000000000000000000000000D1
:10447C000000000000000000000000000000000030
:10448C000003EC000FFC001C1C00180C00300C008E
:10449C003000003000003000003000003000001808
:1044AC000C001C1C000FF80003F0000000000000C2
:1044BC0000000000000000000000000000000000F0
:1044CC000000000000000000007FC0007FF000181A
:1044DC003800181800180C00180C00180C00180CD8
:1044EC0000180C00180C001818001838007FF00089
:1044FC007FE0000000000000000000000000000051
:10450C00000000000000000000000000000000009F
:10451C00007FF8007FF80018180018180019980090
:10452C001980001F80001F80001980001998001846
:10453C0018001818007FF8007FF800000000000039
:10454C00000000000000000000000000000000005F
:10455C000000000000000000003FFC003FFC000CCD
:10456C000C000C0C000CCC000CC0000FC0000FC0D9
:10457C00000CC0000CC0000C00000C00003FC00080
:10458C003FC0000000000000000000000000000020
:10459C00000000000000000000000000000000000F
:1045AC000003EC000FFC001C1C00180C00300C006D
:1045BC0030000030000030FE0030FE00300C0038BF
:1045CC000C001C1C000FFC0003F00000000000009D
:1045DC0000000000000000000000000000000000CF
:1045EC000000000000000000007E7E007E7E0018AF
:1045FC0018001818001818001818001FF8001FF8D9
:10460C00001818001818001818001818007E7E00E2
:10461C007E7E000000000000000000000000000092
:10462C00000000000000000000000000000000007E
:10463C00001FF8001FF800018000018000018000BD
:10464C0001800001800001800001800001800001D8
:10465C0080000180001FF8001FF80000000000001F
:10466C00000000000000000000000000000000003E
:10467C0000000000000000000007FE0007FE000024
:10468C0030000030000030000030000030003030CE
:10469C00003030003030003030003060003FE0003F
:1046AC000F8000000000000000000000000000006F
:1046BC0000000000000000000000000000000000EE
:1046CC00007F3E007F3E0018300018600018C000CC
:1046DC001980001B80001FC0001CE000187000181F
:1046EC0030001838007F1F007F1F00000000000002
:1046FC0000000000000000000000000000000000AE
:10470C000000000000000000007F80007F80000C93
:10471C0000000C00000C00000C00000C00000C0051
:10472C00000C0C000C0C000C0C000C0C007FFC00A2
:10473C007FFC0000000000000000000000000000F2
:10474C00000000000000000000000000000000005D
:10475C0000F00F00F81F00381C003C3C003C3C00F3
:10476C00366C00366C0033CC0033CC00318C00300E
:10477C000C00300C00FE7F00FE7F000000000000EB
:10478C00000000000000000000000000000000001D
:10479C0000000000000000000078FE0078FE001C05
:1047AC0018001E18001F18001B18001B980019D8A1
:1047BC000018D80018F8001878001838007F180076
:1047CC007F18000000000000000000000000000046
:1047DC0000000000000000000000000000000000CD
:1047EC000003C0000FF0001C3800181800381C0023
:1047FC00300C00300C00300C00300C00381C001851
:10480C0018001C38000FF00003C00000000000006E
:10481C00000000000000000000000000000000008C
:10482C000000000000000000003FF0003FF8000C0A
:10483C001C000C0C000C0C000C0C000C18000FF8DD
:10484C00000FE0000C00000C00000C00003FC0004A
:10485C003FC000000000000000000000000000004D
:10486C00000000000000000000000000000000003C
:10487C000003C0000FF0001C3800181800381C0092
:10488C00300C00300C00300C00300C00381C0018C0
:10489C0018001C38000FF00007C00007CC000FFCFC
:1048AC00000C3800000000000000000000000000B8
:1048BC000000000000000000007FE0007FF0001806
:1048CC0038001818001818001838001FF0001FC006
:1048DC000018E0001870001830001838007F1E0017
:1048EC007F0E00000000000000000000000000002F
:1048FC0000000000000000000000000000000000AC
:10490C000007D8000FF8001C380018180018180001
:10491C001E00000FC00003F00000780018180018EB
:10492C0018001C38001FF0001BE000000000000005
:10493C00000000000000000000000000000000006B
:10494C000000000000000000003FFC003FFC0031B4
:10495C008C00318C00318C00318C00018000018086
:10496C00000180000180000180000180000FF00038
:10497C000FF000000000000000000000000000002C
:10498C00000000000000000000000000000000001B
:10499C00007E7E007E7E0018180018180018180083
:1049AC0018180018180018180018180018180018F3
:1049BC0018000C30000FF00003C0000000000000D5
:1049CC0000000000000000000000000000000000DB
:1049DC000000000000000000007F7F007F7F0018B7
:1049EC000C000C18000C18000C18000630000630D7
:1049FC000003600003600003600001C00001C00000
:104A0C00008000000000000000000000000000001A
:104A1C00000000000000000000000000000000008A
:104A2C0000FE3F80FE3F80300600300600308600DE
:104A3C0019CC0019CC001B6C001B6C001E7C000EEA
:104A4C0038000E38000C18000C1800000000000094
:104A5C00000000000000000000000000000000004A
:104A6C000000000000000000007E7E007E7E00182A
:104A7C0018000C300006600003C0000180000180AB
:104A8C000003C0000660000C30001818007E7E0089
:104A9C007E7E00000000000000000000000000000E
:104AAC0000000000000000000000000000000000FA
:104ABC00007C7E007C7E001818000C300006600024
:104ACC0006600003C000018000018000018000012D
:104ADC0080000180000FF0000FF0000000000000CB
:104AEC0000000000000000000000000000000000BA
:104AFC000000000000000000001FF8001FF8001864
:104B0C00180018300018600018C000018000030065
:104B1C00000618000C18001818003018003FF80098
:104B2C003FF8000000000000000000000000000042
:104B3C00000000000000000000000000000001F078
:104B4C000001F00001800001800001800001800064
:104B5C0001800001800001800001800001800001C3
:104B6C00800001800001800001800001800001F0C4
:104B7C000001F00000000000000000000000000038
:104B8C001800001800001C00000C00000E000006AD
:104B9C0000000600000300000300000180000180FB
:104BAC000000C00000C00000600000600000700049
:104BBC000030000038000018000018000000000051
:104BCC0000000000000000000000000000000F804A
:104BDC00000F800001800001800001800001800036
:104BEC000180000180000180000180000180000133
:104BFC0080000180000180000180000180000F8096
:104C0C00000F800000000000000000000000000009
:104C1C0000000000800001C00003E00007700006E7
:104C2C0030000C1800180C001004000000000000EC
:104C3C000000000000000000000000000000000068
:104C4C000000000000000000000000000000000058
:104C5C000000000000000000000000000000000048
:104C6C000000000000000000000000000000000038
:104C7C000000000000000000000000000000000028
:104C8C000000000000000000000000000000000018
:104C9C0000000000000000000000FFFF00FFFF000C
:104CAC0000000003000003800000E0000060000032
:104CBC0000000000000000000000000000000000E8
:104CCC0000000000000000000000000000000000D8
:104CDC0000000000000000000000000000000000C8
:104CEC0000000000000000000000000000000000B8
:104CFC00000000000000000000000FC0001FE000DA
:104D0C0000300000300007F0001FF0003830003099
:104D1C0030003070001FFC000FBC000000000000D1
:104D2C000000000000000000000000000000000077
:104D3C000000000000007800007800001800001847
:104D4C0000001BE0001FF8001C1800180C00180CC9
:104D5C0000180C00180C00180C001C18007FF80030
:104D6C007BE00000000000000000000000000000DC
:104D7C000000000000000000000000000000000027
:104D8C000000000000000000000003EC000FFC001D
:104D9C001C1C00380C00300C0030000030000038B7
:104DAC000C001C1C000FF80003F0000000000000B9
:104DBC0000000000000000000000000000000000E7
:104DCC0000000000000000780000780000180000CF
:104DDC00180007D8001FF8001838003018003018D9
:104DEC00003018003018003018001838001FFE0072
:104DFC0007DE0000000000000000000000000000C2
:104E0C000000000000000000000000000000000096
:104E1C000000000000000000000007E0001FF80088
:104E2C00181800300C003FFC003FFC003000003034
:104E3C000000180C001FFC0007F000000000000030
:104E4C000000000000000000000000000000000056
:104E5C0000000000000001FC0003FC00060000063E
:104E6C0000003FF8003FF8000600000600000600B6
:104E7C00000600000600000600000600003FF000DF
:104E8C003FF00000000000000000000000000000E7
:104E9C000000000000000000000000000000000006
:104EAC000000000000000000000007DE001FFE00F4
:104EBC001838003018003018003018003018003046
:104ECC0018001838001FF80007D800001800001848
:104EDC00000038000FF0000FC000000000000000C0
:104EEC000000000000007800007800001800001896
:104EFC0000001BE0001FF0001C38001818001818E8
:104F0C00001818001818001818001818007E7E00D9
:104F1C007E7E000000000000000000000000000089
:104F2C0000000000000000000000000000000180F4
:104F3C00000180000000000000001F80001F8000A6
:104F4C0001800001800001800001800001800001CF
:104F5C0080000180003FFC003FFC000000000000CE
:104F6C000000000000000000000000000000000035
:104F7C0000000000000000C00000C00000000000A5
:104F8C0000001FF0001FF000003000003000003067
:104F9C000000300000300000300000300000300015
:104FAC000030000030000030000070001FE0001FD7
:104FBC0080000000000000000000000000003C0029
:104FCC00003C00000C00000C00000CF8000CF80079
:104FDC000CC0000D80000F80000F00000F80000D32
:104FEC00C0000CE0003C7C003C7C00000000000099
:104FFC0000000000000000000000000000000000A5
:10500C000000000000001F80001F800001800001D4
:10501C00800001800001800001800001800001807F
:10502C00000180000180000180000180003FFC0035
:10503C003FFC000000000000000000000000000029
:10504C000000000000000000000000000000000054
:10505C0000000000000000000000F77800FFFC00DA
:10506C0039CC00318C00318C00318C00318C00310A
:10507C008C00318C00FDEF00FDEF00000000000003
:10508C000000000000000000000000000000000014
:10509C000000000000000000000000000000000004
:1050AC0000007BE0007FF0001C3800181800181876
:1050BC00001818001818001818001818007E7E0028
:1050CC007E7E0000000000000000000000000000D8
:1050DC0000000000000000000000000000000000C4
:1050EC000000000000000000000003C0000FF000F2
:1050FC001C3800381C00300C00300C00300C003810
:10510C001C001C38000FF00003C000000000000061
:10511C000000000000000000000000000000000083
:10512C000000000000000000000000000000000073
:10513C0000007BE0007FF8001C1800180C00180C15
:10514C0000180C00180C00180C001C18001FF8009C
:10515C001BE0001800001800001800007F00007F02
:10516C000000000000000000000000000000000033
:10517C000000000000000000000007DE001FFE0021
:10518C001838003018003018003018003018003073
:10519C0018001838001FF80007D800001800001875
:1051AC000000180000FE0000FE00000000000000DF
:1051BC0000000000000000000000000000000000E3
:1051CC0000003E78003EFC0007CC00070000060003
:1051DC00000600000600000600000600003FF0007C
:1051EC003FF0000000000000000000000000000084
:1051FC0000000000000000000000000000000000A3
:10520C000000000000000000000007F8000FF8008C
:10521C001818001818001F80000FF00000F8001874
:10522C0018001838001FF0001FE0000000000000FC
:10523C000000000000000000000000000000000062
:10524C000000000000000C00000C00000C00000C22
:10525C0000003FF0003FF0000C00000C00000C00C0
:10526C00000C00000C00000C00000C1C0007FC00E3
:10527C0003F000000000000000000000000000002F
:10528C000000000000000000000000000000000012
:10529C000000000000000000000078780078780022
:1052AC0018180018180018180018180018180018EA
:1052BC0018001838000FFE0007DE00000000000088
:1052CC0000000000000000000000000000000000D2
:1052DC0000000000000000000000000000000000C2
:1052EC0000007C3E007C3E001818001818000C30A2
:1052FC00000C300006600006600007E00003C000F0
:10530C0003C00000000000000000000000000000CE
:10531C000000000000000000000000000000000081
:10532C0000000000000000000000783C00783C0009
:10533C003118003398003398001AB0001EF0001E8C
:10534C00F0001C60000C60000C600000000000000D
:10535C000000000000000000000000000000000041
:10536C000000000000000000000000000000000031
:10537C0000003E7C003E7C000C300006600003C048
:10538C000001800003C0000660000C30003E7C0071
:10539C003E7C000000000000000000000000000047
:1053AC0000000000000000000000000000000000F1
:1053BC00000000000000000000007E1F007E1F00A7
:1053CC00180C000C18000C180006300006300003F6
:1053DC00600003E00001C00000C0000180000180FB
:1053EC00000300003FC0003FC000000000000000B0
:1053FC0000000000000000000000000000000000A1
:10540C0000001FF8001FF80018300018600000C0E2
:10541C00000180000300000618000C18001FF800A3
:10542C001FF8000000000000000000000000000059
:10543C00000000000000000000000000000000E080
:10544C000001E0000180000180000180000180006B
:10545C000180000180000380000700000380000130
:10546C00800001800001800001800001800001E0CB
:10547C000000E00000000000000000000000000040
:10548C00000000000000018000018000018000018C
:10549C0080000180000180000180000180000180FB
:1054AC00000180000180000180000180000180006B
:1054BC0001800001800001800001800000000000DC
:1054CC0000000000000000000000000000000700C9
:1054DC000007800001800001800001800001800035
:1054EC0001800001800001C00000E00001C000014B
:1054FC008000018000018000018000018000078095
:10550C000007000000000000000000000000000088
:10551C00000000000000000000000000000000007F
:10552C0000000000000000000E00001F18003BB837
:10553C000031F00000E0000000000000000000005E
:10554C00000000000000000000000000000000004F
:10555C000000000000000000C43903080000000037
:10556C00000000000000000000000000001000001F
:10557C000A0000000000000000000000CC39030805
:10558C00000000000000000000000000000000000F
:10559C0000040000370000000000000000000000C4
:1055AC00D4390308000000000000000000000000D7
:1055BC0000000000000200000900000000000000D4
:1055CC0000000000E43903080000000000000000A7
:1055DC000000000000000000000200003600000087
:1055EC000000000000000000EC390308000000007F
:1055FC000000000000000000003A0308000000005A
:10560C000000000000000000103A03080000000039
:10561C000000000000000000243A03080000000015
:10562C00000000000000000000000000000000006E
:10563C00010203040607080900000000010203042C
:10564C000006101600061016232D302B2000686C57
:10565C004C00656667454647003031323334353689
:10566C0037383941424344454600303132333435C2
:0C567C00363738396162636465660000EF
:0856880048ABFE7F01000000A9
:04569000B501020856
:045694009101020876
:10569800221EFFFF653C0208F13C02080024F400CA
:1056A8001000000001000000AAAAAAAA20000020F9
:1056B800000000003C490020A44900200C4A0020BA
:1056C80000000000000000000000000000000000D2
:1056D80000000000000000000000000000000000C2
:1056E80000000000000000000000000000000000B2
:0C56F800000000000000000000000000A6
:105704000000000000000000000000000000000095
:105714000000000000000000000000000000000085
:105724000000000000000000000000004E554C4C3A
:105734000000000000000000000000000000000065
:105744000000000000000000000000000000000055
:105754000000000049434D3100000000000000003B
:105764000000000000000000000000000000000035
:1057740000000000000000000000000049434D321A
:105784000000000000000000000000000000000015
:105794000000000000000000000000000000000005
:1057A4000000000049434D330000000000000000E9
:1057B40000000000000000000000000000000000E5
:1057C40000000000000000000000000049434D34C8
:1057D40000000000000000000000000000000000C5
:1057E40000000000000000000000000000000000B5
:1057F4000000000049434D35000000000000000097
:105804000000000000000000000000000000000094
:1058140000000000000000000000000049434D3675
:105824000000000000000000000000000000000074
:105834000000000000000000000000000000000064
:105844000000000049434D37000000000000000044
:105854000000000000000000000000000000000044
:1058640000000000000000000000000049434D3823
:105874000000000000000000000000000000000024
:105884000000000000000000000000000000000014
:105894000000000049434D390000000000000000F2
:1058A40000000000000000000000000000000000F4
:1058B40000000000000000000000000049434D31DA
:1058C40030000000000000000000000000000000A4
:1058D40000000000000000000000000000000000C4
:1058E4000000000049434D31310000000000000079
:1058F40000000000000000000000000000000000A4
:1059040000000000000000000000000049434D3189
:105914003200000000000000000000000000000051
:105924000000000000000000000000000000000073
:1059340000000000000000005A0000000000000009
:105944001C3903081E000000203903082D00000044
:10595400243903088200D200410011008200D200E1
:1059640028390308E400000011000A00E4000000E4
:105974002C3903083C007500C8001E003D0075006A
:10598400303903083C008C00C8001E0050008F0012
:1059940034390308FA00000048000A00FA00000045
:1059A4004039030800000000000000003C001E0015
:1059B400D20046003C001E004439030878001E0053
:1059C40048390308B4001E004C390308F0001E00D7
:1059D4005039030864005A00283903083C005A006F
:1059E400543903083C003C00583903088C003C003F
:1059F40060390308B4003C006439030878000000EF
:105A0400500014003C00D200683903080E01D20093
:105A14006C390308000000003200D2000E010000BF
:105A24004001D2003200AA0088001E003200B400F7
:105A3400703903089800B40078390308BA00AA0042
:105A440044001E00BA00B4007C3903080100663625
:105A54009ADB20FD0000000000FF000000000000B1
:105A64000000000000000000000000000000000032
:105A74000000000000000000FFFF00000000000024
:105A84000000000000000000000000000000000012
:105A94000000000000000000000000000000000002
:105AA40000000000000000000000000000000000F2
:105AB400000000000000000000000000B40000002E
:105AC400006405004B0110270000000000000000E6
:105AD40000000000000000000505050500000000AE
:105AE400FFFFFFFFFFFFFFFF000101010163010949
:105AF400000000000000006300000000000000003F
:105B040000000000FF000000FF0000000000000093
:105B14000000000000000000000000000000000081
:105B24000000000000000000000000000000000071
:105B34000000000000000000000000000000000061
:105B44000000000000000000000000000000000051
:105B54000000000000000000000000000000000041
:105B64000000000000000000000000000000000031
:105B74000000000000000000000000000000000021
:105B84000000000000000000000000000000000011
:105B94000000000000000000000000000000000001
:105BA40000000000000000000000000000000000F1
:105BB40000000000000000000000000000000000E1
:105BC40000000000000000000000000000000000D1
:105BD40000000000000000000000000000000000C1
:105BE40000000000000000000000000000000000B1
:105BF40000000000000000000000000000000000A1
:105C04000000000000000000000000000000000090
:105C14000000000000000000000000000000000080
:105C24000000000000000000000000000000000070
:105C34000000000000000000000000000000000060
:105C44000000000000000000000000000000000050
:105C54000000000000000000000000000000000040
:105C64000000000000000000000000000000000030
:105C74000000000000000000000000000000000020
:105C84000000000000000000000000000000000010
:105C94000000000000000000000000000000000000
:105CA40000000000000000000000000000000000F0
:105CB40000000000000000000000000000000000E0
:105CC40000000000000000000000000000000000D0
:105CD40000000000000000000000000000000000C0
:105CE40000000000000000000000000000000000B0
:105CF40000000000000000000000000000000000A0
:105D0400000000000000000000000000000000008F
:105D1400000000000000000000000000000000007F
:105D2400000000000000000000000000000000006F
:105D3400000000000000000000000000000000005F
:105D4400000000000000000000000000000000004F
:105D5400000000000000000000000000000000003F
:085D6400000000000000000037
:020000041000EA
:10FC000000000000000000000000000000000000F4
:10FC100000000000000000000000000000000000E4
:10FC200000000000000000000000000000000000D4
:10FC300000000000000000000000000000000000C4
:10FC400000000000000000000000000000000000B4
:10FC500000000000000000000000000000000000A4
:10FC60000000000000000000000000000000000094
:04FC70000000000090
:0400000508027089F4
:00000001FF
