:0200000480304A
:20000000912003F8D9FFC81ADC0F00900000000000000000000000000000000000000000FF
:2000200000A03CFF000000003256FF0626003B00FEFF3FF617000F6510308B0602601745AB
:20004000802600903256FF0618003B00FEFF3FF60F000F6500308B06026017458026009020
:20006000A2F63705C13F0F6510200090A2F682030F6500200090DA207FF6070017458036AF
:200080000F6400200090A2F682020F6400300090910000F7DA1759FF703000702E148F1B21
:2000A00000F1AA10020F0070BB0000FF9BFF57F44BF451F07B0012044B0551004B0F412008
:2000C0003C010090B08503F0F08503F00000000000000000000800000000000000000000BB
:2000E000000000000000000000000000000000000000000000000000000000000000000000
:20010000911003F8D9FF8C690D00000202F4DC0F0000000000000000000000000000000086
:20012000911003F8D9FF84590D00000202F4DC0F000000000000000000000000000000007E
:20014000911003F8D9FFBC390D00000202F4DC0F0000000000000000000000000000000046
:20016000911003F8D9FFB42902F4DC0F00000000000000000000000000000000000000004D
:20018000911003F8D9FFAC190D00000202F4DC0F0000000000000000000000000000000036
:2001A000911003F8D9FFA8090D00000202F4DC0F000000000000000000000000000000002A
:2001C000911003F8D9FF96890D00000202F4DC0F000000000000000000000000000000009C
:2001E000911003F8D9FF90790D00000202F4DC0F0090000000000000000000000000000002
:20020000BBD0CCFC9BCFE4F34BF401F016038B0F20F26E06BB00F02F9BF277243C223BE066
:20022000D0529BA5F95B6D0020A4BB202FFD9BDF1DF44BF241207B0012F44BF201F0370FB2
:2002400061F06E047B0012243C0B7B002AF44BF201F0370F61F16E047B002A243C013C01CF
:20026000009082003C20910000F7D9FF3490538020F010FFC81209228409081F534F20F08F
:20028000102F19F100C03C013C01370168FC6F7FEC7F911000F7D9FFE81C534020F010FFC0
:2002A00074F1C210BF10E1FF911000F7D9FFE41C14F0DA147FF02180911000F7D9FFE01C7A
:2002C00091100027D922E01C542F91100027D922E81C0920C00837007000420F74FF911018
:2002E00000F7D9FFE41C91100027D922E41C142FC21F34FF3C3E911000F7D9FFE01C91108E
:200300000027D922E01C542F91100027D922E81C0920C00837007000420F74FF911000F781
:20032000D9FFE41C91100027D922E41C142FC21F34FF911000F7D9FFC81C91100027D922B4
:20034000E01C542F91100027D922E41C14204B0F110274F06D001A00911000F7D9FFE01C63
:20036000DA0074FF911000F7D9FFE41CDA0034FF911000F7D9FFD01C91100027D922D01CA8
:20038000542FC21F74FF0090911000F7D9FFDC1CDA2DB4FF911000F7D9FFD41CDA2D4B0F13
:2003A00061F174FF911000F7D9FFD81C91100027D922C81C542F4B0F614191100027D9222B
:2003C000D41C54256DFF72FE74F2911000F7D9FFCC1C91100027D922D81C54246DFF12FF6E
:2003E00074F200906D0098006D007A006D0038006D002200910000F7D9FF3C90DA00C81FFA
:2004000082003E0682103E0A82203E0E3C1309FF4548960289FF05483C0D09FF6548960267
:2004200089FF25483C0709FF4558960289FF05583C010090912000FF39FF52A2B71F02F2EF
:20044000912000FFE9FF52A2912000FF39FF52A2960F912000FFE9FF52A2009020208208A9
:200460003C3B49A4000A91000057D9553C906D001E50910000F7D9FF1400538820F010FFE3
:20048000D4FF09FF5008370F48F02CAC910000F7D9FF1400538820F010FF084F2CAF9100A2
:2004A00000F7D9FF3490538820F010F449A5000A6D00614E910000F7D9FF3490538820F097
:2004C00010F282053B000260CC21C814092400086D008E4CC218BF18C6FF0090205849A446
:2004E000000A91000057D95530906D008B53DA0189AF0118DA0189AF2C08DA082CA5DA08C9
:200500002CA491000047D9443C9049A5000A6D00DD4F0090203049A4000A9120005F6D0065
:20052000DC5391000047D944309049A5000A6D009D53009091100047D9443C1C911000579D
:20054000D955ECFD3B8011406D000D9982003C0C53C021F0911000F7D9FFECFD10FFDA0035
:2005600089FF0209C210BFA0F5FF911000F7D9FF38EC91100025D922241C142F34FF911017
:2005800000F7D9FF00FC91100025D922382C142F34FF911000F7D9FF440C91100027D92272
:2005A000FC6C142F34FF911000F7D9FFDC6C91100025D922281C142F34FF911000F7D9FFBA
:2005C00020EC91100027D922F46C142F34FF911000F7D9FFF06C91100027D922247C142F04
:2005E00034FF911000F7D9FFD86C91100027D92230EC142F34FF911000F7D9FFDC6C911066
:200600000027D9223CEC142F34FF911000F7D9FFF86C91100025D922281C142F34FF91102A
:2006200000F7D9FF1C1C91100025D922281C142F34FF911000F7D9FFDC7C91100027D922AD
:2006400030EC142F34FF911000F7D9FFC08C91100027D922247C142F34FF911000F5D9FF05
:200660002C2C91100027D922247C142F34FF911000F7D9FF18FC91100025D922302C142F65
:2006800034FF911000F5D9FF081C91100027D9222C6C142F34FF911000F7D9FF2C6CDA00E2
:2006A00034FF911000F5D9FF2C1C91100025D922382C142F34FF911000F5D9FF0C1C91107F
:2006C0000027D92230EC142F34FF911000F5D9FF101C91100027D9223CEC142F34FF9110CA
:2006E00000F5D9FF141C91100027D922287C142F34FF911000F5D9FF181C91100027D922BB
:200700002C7C142F34FF911000F7D9FFE86C91100027D922287C142F34FF911000F7D9FFAA
:20072000EC6C91100027D9222C7C142F34FF910000FBD9FF300054FF6E24910000FBD9FFA3
:20074000300054FFBBF0FE0EBE0C910000FBD9FF300054FFBBF0FD0DBE04911000F7D9FFC7
:20076000141C14FFEE0E911000F5D9FF1C1CDA0134FF911000F7D9FF141CDA0134FF3C019B
:20078000911000F5D9FF381C91100027D922188C142F34FF911000F5D9FF341C9110002734
:2007A000D922148C142F34FF911000F5D9FF201C91100027D922D87C142F34FF911000F759
:2007C000D9FFE06C91100027D922D87C142F34FF911000F7D9FFE46C91100027D922F47C75
:2007E000142F34FF6D006A7B6D00B27B0D000003911000F7D9FF081C91100027D922081C0C
:20080000542FC21F74FF00906D00587B911000F7D9FF640C14FFDE476D00158F6D00CBB41C
:200820006D00AEB3C5F400416D006567911000F7D9FF5C0CDA0134FF9120884F82246D0036
:20084000DA473C01911000F7D9FF0C1C91100027D9220C1C542FC21F74FF00906D002E7B3A
:20086000911000F7D9FF640C14FFDE476D00EB8E6D00BCBC6D009FBBC5F400816D003B6785
:20088000911000F7D9FF600CDA0134FF9140884F82246D00B0473C01911000F7D9FF101CE3
:2008A00091100027D922101C542FC21F74FF0090911000F7D9FFFCEDDA0034FF6D00C463E8
:2008C00002246D00AF626D00D36302246D00D2629140004FD944400B8264DA803B000850AF
:2008E000A6F56D00615A914000FFD9FF400B82607B1000F00F0F10F06CF191100047D94465
:2009000088FE9100025F6D00DA3E91100047D94488FEB04491100057D95588FE6D00BD3E47
:20092000911000F7D9FF88FE49F4081A91100057D95588FEB0456D00E844BB0068499B849D
:20094000C1446D005161911000F7D9FF88FE3B90D0F3065F89FF1019911000F7D9FF88FEE3
:20096000DA0389FF9818911000F7D9FF88FE3BF0F9F189FF9418911000F7D9FF88FEDA0053
:2009800089FF9618911000F7D9FF88FEDA0E89FF1A18911000F7D9FF88FEDA0389FF1B18FB
:2009A000911000F7D9FF88FEDA0089FF1D48911000F7D9FF88FEDA0089FF1C48911000F726
:2009C000D9FF88FEDA0289FF2C18911000F7D9FF88FEDA3F89FF2D18911000F7D9FF88FE3F
:2009E000DA0089FF2F18911000F7D9FF88FEDA0089FF0F18911000F7D9FF88FEDA0289FF75
:200A00000E18911000F7D9FF88FEDA0089FF0C18911000F7D9FF88FEDA0089FF3C189110E7
:200A200000F7D9FF88FEDA0089FF3D18911000F7D9FF88FEDA0189FF2D28911000F7D9FF8C
:200A400088FEDA0189FF2E28911000F7D9FF88FEDA0189FF3028911000F7D9FF88FEDA01D5
:200A600089FF3128911000F7D9FF88FEDA0189FF3028911000F7D9FF88FEDA0189FF322831
:200A8000911000F7D9FF88FEDA0189FF3328911000F7D9FF88FEDA0189FF3528911000F754
:200AA000D9FF88FEDA0189FF3628911000F7D9FF88FEDA0E89FF8C38911000F7D9FF88FEF7
:200AC000DA0189FF0A38911000F7D9FF88FEDA0089FF0E38911000F7D9FF88FEDA0F89FF6C
:200AE0009238911000F7D9FF88FEDA0289FF1038911000F7D9FF88FEDA0089FF1438911045
:200B000000F7D9FF88FEDA1089FF9E38911000F7D9FF88FEDA0389FF1C38911000F7D9FF19
:200B200088FEDA0089FF2038911000F7D9FF88FEDA1189FFA438911000F7D9FF88FEDA045C
:200B400089FF2238911000F7D9FF88FEDA0089FF2638911000F7D9FF88FEDA0189FF2F284D
:200B6000911000F7D9FF88FEDA0489FFAA38911000F7D9FF88FEDA0089FF2838911000F7E7
:200B8000D9FF88FEDA0089FF2C38911000F7D9FF88FE91100027D92288FE092F081989FF11
:200BA0000829911000F7D9FF88FEDA0089FF8C28911000F7D9FF88FEDA0089FF8E28911049
:200BC00000F7D9FF88FEDA0089FF9028911000F7D9FF88FEDA0089FF9228911000F7D9FF24
:200BE00088FE3B0012F089FF9428911000F7D9FF88FEDA0089FF9628911000F7D9FF88FEE2
:200C00003B0062F089FF9828911000F7D9FF88FE9100022FE8A2911000F7D9FF88FEDA00ED
:200C200089FF3008911000F7D9FF88FE9100022FE822911000F7D9FF88FEDA0089FF1008C2
:200C4000911000F7D9FF88FEDA0089FF3418911000F7D9FF88FEDA1289FF3518911000F7A1
:200C6000D9FF88FEDA0089FF3618911000F7D9FF88FEDA0289FF3918911000F7D9FF88FEC5
:200C8000DA0289FF3A18911000F7D9FF88FEDA0189FF3718911000F7D9FF88FEDA0189FF9D
:200CA0003818911000F7D9FF88FE49F4280A911000F7D9FF88FE49F5081A6D00083D9110D6
:200CC00000F7D9FF88FEDA0789FF2148911000F7D9FF88FEDA0789FF2048911000F7D9FFB6
:200CE00088FE3BA010F089FF2449911000F7D9FF88FEDA0789FF2C48911000F7D9FF88FED5
:200D000049F4280A911000F7D9FF88FE49F5204A6D000444911000F7D9FF88FEDA0789FFB2
:200D20002148911000F7D9FF88FEDA0189FF2048911000F7D9FF88FE3B0010F089FF244963
:200D4000911000F7D9FF88FEDA0189FF2C48911000F7D9FF88FE49F4280A911000F7D9FFF1
:200D600088FE49F5204A6D00D943911000F7D9FF88FEDA0789FF2148911000F7D9FF88FEFE
:200D8000DA0289FF2048911000F7D9FF88FE3B1010F089FF2449911000F7D9FF88FEDA027F
:200DA00089FF2C48911000F7D9FF88FE49F4280A911000F7D9FF88FE49F5204A6D00AE43D6
:200DC000911000F7D9FF88FEDA0789FF2148911000F7D9FF88FEDA0389FF2048911000F7F0
:200DE000D9FF88FE3B8010F089FF2449911000F7D9FF88FEDA0389FF2C48911000F7D9FFA6
:200E000088FE49F4280A911000F7D9FF88FE49F5204A6D008343911000F7D9FF88FEDA0735
:200E200089FF2148911000F7D9FF88FEDA0489FF2048911000F7D9FF88FE3BC010F089FF84
:200E40002449911000F7D9FF88FEDA0489FF2C48911000F7D9FF88FE49F4280A911000F758
:200E6000D9FF88FE49F5204A6D005843911000F7D9FF88FEDA0789FF2148911000F7D9FF2C
:200E800088FEDA0589FF2048911000F7D9FF88FE3B1070F089FF2449911000F7D9FF88FE71
:200EA000DA0589FF2C48911000F7D9FF88FE49F4280A911000F7D9FF88FE49F5204A6D00E7
:200EC0002D43911000F7D9FF88FEDA0789FF2148911000F7D9FF88FEDA0689FF2048911073
:200EE00000F7D9FF88FE3B3070F089FF2449911000F7D9FF88FEDA0689FF2C48911000F773
:200F0000D9FF88FE49F4280A911000F7D9FF88FE49F5204A6D000243911000F7D9FF88FEBE
:200F2000DA0789FF2148911000F7D9FF88FEDA0089FF2048911000F7D9FF88FE3BE06FF0AF
:200F400089FF2449911000F7D9FF88FEDA0089FF2C48911000F7D9FF88FE49F4280A9110CA
:200F600000F7D9FF88FE49F5204A6D00D742911000F7D9FF88FEDA0789FF2148911000F78E
:200F8000D9FF88FEDA0889FF2048911000F7D9FF88FEDA0189FF2449911000F7D9FF88FE65
:200FA000DA0889FF2C48911000F7D9FF88FE49F4280A911000F7D9FF88FE49F5204A6D00E3
:200FC000AD42911000F7D9FF88FEDA0789FF2148911000F7D9FF88FEDA0989FF20489110F0
:200FE00000F7D9FF88FE3B0020F089FF2449911000F7D9FF88FEDA0989FF2C48911000F7EF
:20100000D9FF88FE49F4280A911000F7D9FF88FE49F5204A6D008242911000F7D9FF88FE3E
:20102000DA0789FF2148911000F7D9FF88FEDA0A89FF2048911000F7D9FF88FE3B2020F0B3
:2010400089FF2449911000F7D9FF88FEDA0A89FF2C48911000F7D9FF88FE49F4280A9110BF
:2010600000F7D9FF88FE49F5204A6D005742911000F7D9FF88FEC8B491000358D955E821D8
:201080003B00014082056D00C53791000348D944FC213B00084082356D00D6376D00D45F7A
:2010A00002246D0034616D00E35F02246D005661911000F7D9FFFCEDDA0134FF00902008F0
:2010C000024840450259FF891E80912003F8D9FF98D949FF000A49A2000AA07404F0242038
:2010E000FC4E8FF900F134AF49A4010A02946D003A9349A4000A8B19005002846D0028017B
:201100003C5C911000F7D9FFD8FDB4F8911000F7D9FFD8FDE815911000F7D9FFD8FDA849CE
:20112000BF690480DA063C02029F911000F7D9FFD8FDACF5911000F7D9FFD8FDDA012CFC16
:20114000911000F7D9FFD8FDDA002CFF911000F7D9FFD8FD821089F01008912003F8D9FF59
:2011600098D949FF000A49A2000AA07404FF242FFC4E8F893FF0B71F1CF234AF8FF90FF16D
:201180002CA1BF6903803C01826449A4020A6D00EA9249A4000A3B80005002846D00D80005
:2011A000F62A911000F7D9FFD8FDDA0089FF100882023C0382123C0100902008911000F76C
:2011C000D9FFD8FD09FF50081E231D00C000911000F7D9FFD8FD09FFCA08911000F7D9FF55
:2011E000D8FD09F0C8083F0F0B80911000F7D9FFD8FDDA0089FF10081D00A900912003F847
:20120000D9FF98D949FF000A49A2000AA07404FF242FFC4E911000F7D9FFD8FD08CFB72F88
:201220001CF234AF911000F7D9FFD8FD09FFC808911000F7D9FFD8FD09F0CA08A20F370F99
:2012400070F0BF8F0480DA073C0149A4010A911000F7D9FFD8FDC81F91100027D922D8FD82
:201260000920CA0801F0005602F46D007C92911000F7D9FFD8FD09F4C00849A4000A921513
:201280006D006600F6223C01911000F7D9FFD8FD91100027D922D8FD0920CA0842F0A85024
:2012A000911000F7D9FFD8FD91100027D922D8FD0C2CC21F160F2CFC911000F7D9FFD8FDA6
:2012C00091100027D922D8FD0C2FC21F2CFF911000F7D9FFD8FD08DF6E23911000F7D9FF02
:2012E000D8FD08FF911000F7D9FFD8FD08D03F0F1880911000F7D9FFD8FD09FFCA0891104F
:2013000000F7D9FFD8FD09F0C8087F0F0A80911000F7D9FFD8FDDA0189FF10083C17911094
:2013200000F7D9FFD8FD09FFCA08911000F7D9FFD8FD09F0C8087F0F03803C08911000F734
:20134000D9FFD8FDDA0089FF10080090D9AAC05F024F404F025849A4205A91100057D9556D
:2013600088FE3B0016406D00FE91D9A410A06D007E3959AF12A0E9A819A0DA003C0910A234
:2013800010F41440E92030A0C21F370F68F03F8FF8FF49AF205A49A2000AC504171044FF3E
:2013A000642FFC4E6D00A70D3C0100906DFF07FF911000F7D9FF88FEC8BF09FF4458370F89
:2013C000E1F33C01911000F7D9FFC0FD34FF911000F7D9FF88FEC8BF09FF4458370F61F3E1
:2013E0003C01911000F7D9FFC4FD34FF911000F7D9FFC0FD14F0F6026E046D0018073C01E8
:20140000911000F7D9FFFCED14FF82103E068220BE0482403E093C16911000F7D9FFFCED72
:20142000DA0434FF3C106D00A30C911000F7D9FFFCEDDA0234FF3C076D0014016D00F70C96
:201440003C023C01911000F7D9FFF0ED91100027D922F0ED542FC21F74FF00900C438F0FD0
:201460000F01DF002A800C438FFF0081094042089A187FF004001D00F400911000F7D9FF3C
:20148000E84E4945040A40F402846D006C91911000F7D9FFD0FDB4F8911000F7D9FFCCFD34
:2014A000DA0034FF91100047D944E84E02846D0039211D00D600DA105F0F33800C43160F25
:2014C0008F8F20000C44A6F0911000F7D9FFC8FDB4F00C42BF3F05800C42C2EF3C02DA0027
:2014E000911000F7D9FFE84E4945050A40F402F46D003991911000F7D9FFD0FDB4FF9110B7
:2015000000F7D9FFCCFDDA0134FF911000F7D9FFD4FDDA0134FF6D00F00B1D00A200DA20B5
:201520005F0F7380911000F7D9FFCCFD14FFEE031D0097000C43160F911000F7D9FFD4FDA4
:2015400014F03E0F911000F7D9FFCCFDDA0034FF911000F7D9FFD0FDDA00B4FF1D0081008C
:201560000C42BF2F05800C42C2FF3C02DA00911000F7D9FFD0FD09F0C008911000F7D9FF15
:20158000E84E01F000F64945040A40F402F46D00EA90911000F7D9FFD0FD91100027D92281
:2015A000D0FD0920C00842F0B4F0911000F7D9FFD4FD91100027D922D4FD142FC21F160F79
:2015C00034FF911000F7D9FFD0FD09FFC008911000F7D9FFC8FD09F0C0083F0F1580911051
:2015E0000047D944E84E911000F7D9FFC8FD09F4C0086D009720911000F7D9FFCCFDDA0020
:2016000034FF3C013C2DDA305F0F2B800C43160FEE1D911000F7D9FFD8FD0C442CFD9110F0
:2016200000F7D9FFD8FD0C452CFE911000F7D9FFD8FDDA002CFF911000F7D9FFD8FDDA0220
:2016400089FF10086DFFBBFD3C0A5E123C08911000F7D9FFD8FDDA0089FF10083C01009040
:2016600082083C2453C820F0911000F7D9FFCC6E10FF09FFC0086E1753C820F0911000F784
:20168000D9FFCC6E10F46DFFEBFE53C820F0911000F7D9FFCC6E10F482043B8025506D00E3
:2016A00094903C01C21837086880911000F7D9FF84FE14FF3FF8D8FF911000F7D9FF84FEC3
:2016C000DA0034FF82081D004F02538821F0911000F7D9FF044E10FF09FF020982105F0F35
:2016E0002C003B0010005F0F50003B1010005F0F74003B8010005F0F98003BA010005F0F4E
:20170000BC003BC010005F0FE0003B0020005F0F04013B2020005F0F28013BE06F005F0FDC
:20172000D1013B1070005F0F48013B3070005F0F87011D000902911000F7D9FFECFD538838
:2017400021F091100027D922044E10224922000A49FF0C2AA034442F64FFFC4E911000F7B2
:20176000D9FFECFD49F41C2A538821F0911000F7D9FF044E10FF49F5100A3B8000406D00A8
:20178000F28F1D00E201911000F7D9FFECFD538821F091100027D922044E10224922000AC7
:2017A00049FF000AA034442F64FFFC4E911000F7D9FFECFD49F4100A538821F0911000F7AF
:2017C000D9FF044E10FF49F5100A3B8000406D00CA8F1D00BA01911000F7D9FFECFD5388AB
:2017E00021F091100027D922044E10224922000A49FF1C0AA034442F64FFFC4E911000F722
:20180000D9FFECFD49F42C0A538821F0911000F7D9FF044E10FF49F5100A3B8000406D0017
:20182000A28F1D009201911000F7D9FFECFD538821F091100027D922044E10224922000AC6
:2018400049FF380AA034442F64FFFC4E911000F7D9FFECFD49F4081A538821F0911000F7CE
:20186000D9FF044E10FF49F5100A3B8000406D007A8F1D006A01911000F7D9FFECFD5388AA
:2018800021F091100027D922044E10224922000A49FF141AA034442F64FFFC4E911000F779
:2018A000D9FFECFD49F4241A538821F0911000F7D9FF044E10FF49F5100A3B8000406D006F
:2018C000528F1D004201911000F7D9FFECFD538821F091100027D922044E10224922000AC6
:2018E00049FF301AA034442F64FFFC4E911000F7D9FFECFD49F4002A538821F0911000F71E
:20190000D9FF044E10FF49F5100A3B8000406D002A8F1D001A01911000F7D9FFECFD5388A9
:2019200021F091100027D922044E10224922000A49FF282AA034442F64FFFC4E911000F7B4
:20194000D9FFECFD49F4382A538821F0911000F7D9FF044E10FF49F5100A3B8000406D00AA
:20196000028F1D00F200911000F7D9FFECFD538821F091100027D922044E10224922000AC6
:2019800049FF043AA034442F64FFFC4E911000F7D9FFECFD49F4143A538821F0911000F765
:2019A000D9FF044E10FF49F5100A3B8000406D00DA8E1D00CA00911000F7D9FFF8ED54FF37
:2019C000538F21F0911000F7D9FF746E10FF538821F091100027D922044E10224922000A0B
:2019E00049FF000AA034442F64FFFC4E911000F7D9FFF8ED54FF538F21F0911000F7D9FF96
:201A0000746E10FF49F4100A538821F0911000F7D9FF044E10FF49F5100A3B8000406D0001
:201A2000A28E911000F7D9FFF8ED91100027D922F8ED542FC21F74FF1D008700911000F766
:201A4000D9FFF8ED54FF538F21F0911000F7D9FF746E10FF538821F091100027D922044E21
:201A600010224922000A49FF000AA034442F64FFFC4E911000F7D9FFF8ED54FF538F21F0DE
:201A8000911000F7D9FF746E10FF49F4100A538821F0911000F7D9FF044E10FF49F5100A79
:201AA0003B8000406D005F8E911000F7D9FFF8ED91100027D922F8ED542FC21F74FF3C447D
:201AC000911000F7D9FFF8ED54FF538F21F0911000F7D9FF746E10FF538821F09110002756
:201AE000D922044E10224922000A49FF000AA034442F64FFFC4E911000F7D9FFF8ED54FF04
:201B0000538F21F0911000F7D9FF746E10FF49F4100A538821F0911000F7D9FF044E10FF5D
:201B200049F5100A3B8000406D001D8E911000F7D9FFF8ED91100027D922F8ED542FC21FD9
:201B400074FF3C023C01538821F0911000F7D9FF044E10F482043B8001506D00368EC21848
:201B600037086880911000F7D9FFE0ED54FF3FF8AEFD91100047D944C48C91100057D95551
:201B8000746E3B8057406D00EE8D91100047D944746E82043B004B506D00178E911000F73C
:201BA000D9FFF87C91100027D922F8ED542F74FF911000F7D9FFF8EDDA0074FF911000F701
:201BC000D9FFE0EDDA0074FF0D00000300900000000000000003000020A10700401F030046
:201BE0000000030A40420F00401F03000100030A00000000020200000000000000020000D1
:201C000000000000000000000000000000000000000000000000800000010002000300043A
:201C2000400400000000000000000000000000000000000000000000000000000000000060
:201C4000000000000000000000000000000000000000000000000000000000000000000084
:201C6000000000000000000000000000000000000000000000000000000000000000000064
:201C8000000000000000000000000000000000000000000000000000000000000000000044
:201CA0000000000000010000000020F00000000000B403F00700000001000000000020F054
:201CC0000000000000B403F008000000A8000000000020F000000000000021F0010000008B
:201CE00000020300000080F800000000000082F801000000000084F802000000000000006E
:201D00000000000000000000000000000000000000000000000000000000000000000100C2
:201D200000010F00010F00000000000000000000000000000001020300000000000000007D
:201D4000010002030000000000000000010200030000000000000000010203000000000071
:201D6000000000000000000000010203000000000000000001000203000000000000000057
:201D8000010200030000000000000000010203000000000000000000000000000001020331
:201DA000000000000000000001000203000000000000000001020003000000000000000017
:201DC0000102030000000000000000000000000000000000000000000000000000000000FD
:201DE0000000000000000000BD37863500000000BD37863500000000BD37863500000000D6
:201E0000BD378635000000000100000000000100010000000000010001000000000001000D
:201E2000000000008096984B00000000000000000000000000000000000002F008000000AF
:201E400000C803F0060000000400000008400701B01E3080781F308008400401DC1E3080B1
:201E6000781F308008400401F41E3080781F3080084005010C1F3080781F30800840070105
:201E80002C1F3080781F308008400501581F3080781F30804C1E3080581E3080641E3080D2
:201EA000701E30807C1E3080881E30800000000004003F05000022007F0500003C003F05D6
:201EC00001003E007F0501003F003F05010046001F0501004D0000050100000000007F0578
:201EE000000023007F05000035000F0501004E000405010005007F0500000A006F05000092
:201F00003B000505010041000305010002002F05000003000705000009003F0500000E0091
:201F20003F05000037001F050100000007002F0500000800070501000C002F0500000D0064
:201F40000705010029000105010039000F050100440000050100000001000305010006009C
:201F6000030501000B00030501003A0001050100420000050100000005400850608124F029
:201F800002388700FFFFFFFF648124F066D00000FFFFFFFF688124F002380700FFFFFFFF1F
:201FA0006C8124F026980000FFFFFFFF248124F0C9000000FFFFFFFF088124F001003630E4
:201FC000FFFFFFFF0C8124F00807690BFFFFFFFF288124F08E042101FFFFFFFF488124F09B
:201FE000B6730835FFFFFFFF4C8124F0466C9402FFFFFFFF9120884F911003F8D9FF00005E
:2020000080F46D00915E9140884F912003F8D9FF000080F46D00885E00900000000000006D
:20202000911003E8D9EEA293DC0E000000000000000000000000000000000000000000002E
:20204000911003E8D9EEB0D3DC0E00000000000000000000000000000000000000000000C0
:20206000000000000000000000000000000000000000000000000000000000000000000060
:20208000911003E8D9EEF0DDDC0E0100088124F002003630FFFFFFFF108124F03B0336001B
:2020A000FFFFFFFF148124F01008690BFFFFFFFF508124F00E710834FFFFFFFF548124F06E
:2020C000446C9402FFFFFFFF188124F009003600FFFFFFFF1C8124F00808690BFFFFFFFFA5
:2020E000208124F0941C2300FFFFFFFF588124F0B622081BFFFFFFFF5C8124F0466C94023F
:20210000FFFFFFFF2C8124F034040000FFFFFFFF308124F0825A0000FFFFFFFF348124F068
:2021200009090712FFFFFFFF080000007C1F3080ACC5A73702000000DC1F3080ACC5A737DA
:202140000D0000008C203080ACC5A73703000000282130801600000020993180000000004B
:2021600000000000E0F0007000000000E8F0007000000000F0F0007000000000880200708D
:2021800000000000000000000000000000000000010008000000000000000000020008002C
:2021A000000000000000000003005000000000000000000004005000000000000000000078
:2021C000911003E8D9EEE45DDC0E911003E8D9EEE0ADDC0E000000000000000008000000AF
:2021E000000000000800000000000000500000000000000050000000000000000000000037
:20220000911003E8D9EEF48DDC0E0000000000000000000000000000000000000000000000
:20222000911003E8D9EEEA9DDC0E911000F7D9FFFCEDDA0034FF6D00075702246D00F255CF
:202240006D00165702246D00155691100047D94488FE9100025F6D00323291100047D94453
:2022600088FEB04491100057D95588FE6D001532911000F7D9FF88FE49F4081A9110005737
:20228000D95588FEB0456D004038911000F7D9FF88FE3B90D0F3065F89FF1019911000F77E
:2022A000D9FF88FEDA0389FF9818911000F7D9FF88FE3BF0F9F189FF9418911000F7D9FFFC
:2022C00088FEDA0089FF9618911000F7D9FF88FEDA0E89FF1A18911000F7D9FF88FEDA03FD
:2022E00089FF1B18911000F7D9FF88FEDA0089FF1D48911000F7D9FF88FEDA0089FF1C48AA
:20230000911000F7D9FF88FEDA0289FF2C18911000F7D9FF88FEDA3F89FF2D18911000F7AB
:20232000D9FF88FEDA0089FF2F18911000F7D9FF88FEDA0089FF0F18911000F7D9FF88FE21
:20234000DA0289FF0E18911000F7D9FF88FEDA0089FF0C18911000F7D9FF88FEDA0089FF1F
:202360003C18911000F7D9FF88FEDA0089FF3D18911000F7D9FF88FEDA0189FF2D2891100D
:2023800000F7D9FF88FEDA0189FF2E28911000F7D9FF88FEDA0189FF3028911000F7D9FF0E
:2023A00088FEDA0189FF3128911000F7D9FF88FEDA0189FF3028911000F7D9FF88FEDA0159
:2023C00089FF3228911000F7D9FF88FEDA0189FF3328911000F7D9FF88FEDA0189FF3528B1
:2023E000911000F7D9FF88FEDA0189FF3628911000F7D9FF88FEDA0E89FF8C38911000F764
:20240000D9FF88FEDA0189FF0A38911000F7D9FF88FEDA0089FF0E38911000F7D9FF88FE25
:20242000DA0F89FF9238911000F7D9FF88FEDA0289FF1038911000F7D9FF88FEDA0089FF67
:202440001438911000F7D9FF88FEDA1089FF9E38911000F7D9FF88FEDA0389FF1C389110A2
:2024600000F7D9FF88FEDA0089FF2038911000F7D9FF88FEDA1189FFA438911000F7D9FF98
:2024800088FEDA0489FF2238911000F7D9FF88FEDA0089FF2638911000F7D9FF88FEDA016F
:2024A00089FF2F28911000F7D9FF88FEDA0489FFAA38911000F7D9FF88FEDA0089FF283847
:2024C000911000F7D9FF88FEDA0089FF2C38911000F7D9FF88FE91100027D92288FE092FC9
:2024E000081989FF0829911000F7D9FF88FEDA0089FF8C28911000F7D9FF88FEDA0089FF9E
:202500008E28911000F7D9FF88FEDA0089FF9028911000F7D9FF88FEDA0089FF9228911042
:2025200000F7D9FF88FE3B0012F089FF9428911000F7D9FF88FEDA0089FF9628911000F717
:20254000D9FF88FE3B0062F089FF9828911000F7D9FF88FE9100022FE8A2911000F7D9FF96
:2025600088FEDA0089FF3008911000F7D9FF88FE9100022FE822911000F7D9FF88FEDA00A9
:2025800089FF1008911000F7D9FF88FEDA0089FF3418911000F7D9FF88FEDA1289FF351840
:2025A000911000F7D9FF88FEDA0089FF3618911000F7D9FF88FEDA0289FF3918911000F732
:2025C000D9FF88FEDA0289FF3A18911000F7D9FF88FEDA0189FF3718911000F7D9FF88FE49
:2025E000DA0189FF3818911000F7D9FF88FE49F4280A911000F7D9FF88FE49F5081A6D0000
:202600006630911000F7D9FF88FEDA0789FF2148911000F7D9FF88FEDA0789FF20489110F4
:2026200000F7D9FF88FE3BA010F089FF2449911000F7D9FF88FEDA0789FF2C48911000F70A
:20264000D9FF88FE49F4280A911000F7D9FF88FE49F5204A6D006237911000F7D9FF88FE13
:20266000DA0789FF2148911000F7D9FF88FEDA0189FF2048911000F7D9FF88FE3B0010F096
:2026800089FF2449911000F7D9FF88FEDA0189FF2C48911000F7D9FF88FE49F4280A911072
:2026A00000F7D9FF88FE49F5204A6D003737911000F7D9FF88FEDA0789FF2148911000F7E2
:2026C000D9FF88FEDA0289FF2048911000F7D9FF88FE3B1010F089FF2449911000F7D9FF2A
:2026E00088FEDA0289FF2C48911000F7D9FF88FE49F4280A911000F7D9FF88FE49F5204A79
:202700006D000C37911000F7D9FF88FEDA0789FF2148911000F7D9FF88FEDA0389FF20487E
:20272000911000F7D9FF88FE3B8010F089FF2449911000F7D9FF88FEDA0389FF2C48911083
:2027400000F7D9FF88FE49F4280A911000F7D9FF88FE49F5204A6D00E136911000F7D9FF23
:2027600088FEDA0789FF2148911000F7D9FF88FEDA0489FF2048911000F7D9FF88FE3BC04C
:2027800010F089FF2449911000F7D9FF88FEDA0489FF2C48911000F7D9FF88FE49F4280A0F
:2027A000911000F7D9FF88FE49F5204A6D00B636911000F7D9FF88FEDA0789FF21489110B9
:2027C00000F7D9FF88FEDA0589FF2048911000F7D9FF88FE3B1070F089FF2449911000F7A7
:2027E000D9FF88FEDA0589FF2C48911000F7D9FF88FE49F4280A911000F7D9FF88FE49F507
:20280000204A6D008B36911000F7D9FF88FEDA0789FF2148911000F7D9FF88FEDA0689FFFA
:202820002048911000F7D9FF88FE3B3070F089FF2449911000F7D9FF88FEDA0689FF2C48A8
:20284000911000F7D9FF88FE49F4280A911000F7D9FF88FE49F5204A6D006036911000F7DA
:20286000D9FF88FEDA0789FF2148911000F7D9FF88FEDA0089FF2048911000F7D9FF88FE72
:202880003BE06FF089FF2449911000F7D9FF88FEDA0089FF2C48911000F7D9FF88FE49F4CA
:2028A000280A911000F7D9FF88FE49F5204A6D003536911000F7D9FF88FEDA0789FF2148A8
:2028C000911000F7D9FF88FEDA0889FF2048911000F7D9FF88FEDA0189FF2449911000F7D2
:2028E000D9FF88FEDA0889FF2C48911000F7D9FF88FE49F4280A911000F7D9FF88FE49F503
:20290000204A6D000B36911000F7D9FF88FEDA0789FF2148911000F7D9FF88FEDA0989FF76
:202920002048911000F7D9FF88FE3B0020F089FF2449911000F7D9FF88FEDA0989FF2C4824
:20294000911000F7D9FF88FE49F4280A911000F7D9FF88FE49F5204A6D00E035911000F75A
:20296000D9FF88FEDA0789FF2148911000F7D9FF88FEDA0A89FF2048911000F7D9FF88FE67
:202980003B2020F089FF2449911000F7D9FF88FEDA0A89FF2C48911000F7D9FF88FE49F4CE
:2029A000280A911000F7D9FF88FE49F5204A6D00B5356D00495302246D00A9546D0058533F
:2029C00002246D00CB54911000F7D9FFFCEDDA0234FF0090911000F7D9FF580C14FF5E1DEB
:2029E000911000F7D9FF580CDA0034FFBBF0FE4E82056D00905F3C01911000F7D9FFE8ED9A
:202A000014FFDE13911000F7D9FF88FEC8BFDA1382100FF0000089F01059911000F7D9FF65
:202A2000E8EDDA0034FF3C0182081D006301911000F7D9FF88FE89F80058911000F7D9FF2D
:202A400088FE49FF280AC81402846D000F2B3C01DF121780911000F7D9FF88FE49F4280A43
:202A6000911000F7D9FF88FE49F5005A911000F7D9FF88FE49F6185A6D0063343C09911037
:202A800000F7D9FF88FEC8B402846D00232A911000F7D9FF88FE09FF02593BE06F005F0FD4
:202AA000BD80911000F7D9FFD47C09FFC0083BF06F005F0FB380911000F7D9FF88FE09F01F
:202AC0005858DA107FF04380911000F7D9FF88FE09F05958DA195F0F3A00911000F7D9FF7F
:202AE00088FE09F05958DA315F0F9780911000F7D9FF88FE09F05C58DA155F0F280091104D
:202B000000F7D9FF88FE09F05C58DA16BE0F911000F7D9FF88FE09F05C58DA17BE079110FC
:202B200000F7D9FF88FE09FF5C589E40911000F7D9FF88FE09FF5C581E59911000F7D9FF0D
:202B400088FE09FF5C58DF6F6880911000F7D9FFD87C14FF6E60DA003C18911000F7D9FFBA
:202B600084FE14F053C02000911000F7D9FFCC6E01F000F610FF91100027D92288FE102281
:202B8000092058582830C21FBF8FE9FF911000F7D9FF84FE14FF53CF20F0911000F7D9FF46
:202BA000CC6E10FF91100027D92288FE092F0259B4FF911000F7D9FF84FE14FF53CF20F006
:202BC000911000F7D9FFCC6E10FF91100027D92288FE092F49582CF2911000F7D9FF84FE0A
:202BE00091100027D92284FE142FC21F34FF911000F7D9FF88FE49F4185A82043B80005003
:202C00006D00E385911000F7D9FF88FEDA0089FF02593C013C013C01911000F7D9FF88FE7F
:202C200009FF02596E65911000F7D9FFE0ED54F0DA327FF05E80911000F7D9FF88FEC8B412
:202C400002846D004729911000F7D9FFE0ED54FF538F21F0911000F7D9FF044E10FF91101C
:202C60000027D92288FE4922005A49FF000AA034442F64FFFC4E911000F7D9FFE0ED54FF11
:202C8000538F21F0911000F7D9FF044E10FF49F4100A911000F7D9FF88FE49F5185A3B80B8
:202CA00000406D006085911000F7D9FF88FE49F4185A82043B8000506D008785911000F73B
:202CC000D9FF88FEDA0089FF0259911000F7D9FFE0ED91100027D922E0ED542FC21F74FF35
:202CE000911000F7D9FFD8EDDA0134FF3C01C218BFB89FFE00902008912003F8D9FF98D9B9
:202D000049FF000A49A2000AA07404FF242FFC4EDA3034AFDA002CA1DA002CA23BF06F40A2
:202D200049A4000A82356DFF13F300906DFF7FFA911000F7D9FF88FEC81FDA016D00845104
:202D4000022802846D006E509110003030F3D9330008143037F081F19110003030F3D933B3
:202D60000008343F02846D00D252009049AA20AA91100047D944A49E91100057D955208C5B
:202D80003B0002406D00EF8482183C4D530822F0911000F7D9FFA49E10FF09FF5808DF1F1F
:202DA0004280911000F7D9FF88FE530822F091100027D922A49E10224922000A49FF304A80
:202DC000A034442F64FFFC4E911000F7D9FF88FE49F4105A530822F0911000F7D9FFA49E43
:202DE00010FF49F5100A3B8000406D00BC84911000F7D9FF88FE49FF000A49A2000AC504BE
:202E0000171044FF642FFC4E6D007500530822F0911000F7D9FFA49E10FFDA0089FF1808D9
:202E20003C01C218BFB8B4FF009049AA20AA82183C5E530822F0911000F7D9FFA49E10FFA2
:202E400009FF5808DF1F5380911000F7D9FF88FE530822F091100027D922A49E1022492234
:202E6000000A49FF304AA034442F64FFFC4E911000F7D9FF88FE49F4105A530822F09110E7
:202E800000F7D9FFA49E10FF49F5100A3B8000406D006984530822F0911000F7D9FFA49E46
:202EA00010FFDA0089FF1808911000F7D9FF88FE49FF000A49A2000AC504171044FF642F7E
:202EC000FC4E6D00180082103C0E530822F0911000F7D9FFA49E10FF01F000F6DA0089FFD0
:202EE0001008C210BFB0F3FF3C01C218BFB8A3FF009049A4280A49A5304A49A6105A6D007A
:202F00008C328B0220223C010090911000F7D9FF081F14F1911000F5D9FF3C2C54FF3B80D7
:202F200025007F0F0980911000F5D9FF243CDA0134FF3C01911000F5D9FF003C91100027CA
:202F4000D922141F142F4B0F61F17B802C044B0F51F074FF911000F5D9FF043C91100027A5
:202F6000D9221C1F142F4B0F61F17B802C044B0F51F074FF911000F5D9FF083C9110002779
:202F8000D922181F142F4B0F61F17B802C044B0F51F074FF911000F5D9FF0C3C911000255B
:202FA000D9222C2C142F4B0F61F174FF911000F7D9FFCC1C54FF4B0F7141911000F5D9FF37
:202FC0001C3C91100027D9221C1F142053A0200082524B20112274F2911000F5D9FF203CB2
:202FE00091100027D922181F142053A0200082524B20112274F20B1480000B00C0014B0002
:203000004101911000F5D9FF003C54F24B2001F016038B0F20F26E0302143C01911000F503
:20302000D9FF183C91100027D922081F142F0BF430F134FF8200911000F5D9FF183C14FF8D
:203040006E0C911000F5D9FF0C3C54FF370FE8FB8B0F20F26E0282104B0041F182004B0FBD
:2030600001F0AE2B911000F5D9FF103C3B00C0F39BCF61F474FF3C0F911000F5D9FF103CA7
:203080004B0461F191100025D9220C3C54204B0F51F074FF911000F5D9FF342C14F0DA0058
:2030A000BE04DA015F0FD000DA025F0F7E01DAFE3E043C011D005402911000F5D9FF302CD8
:2030C000DA0034FF1D004C02911000F5D9FF183C14FF6E42911000F5D9FF103C54FF911045
:2030E00000F5D9FF083C54F04B0F01F016038B0F20F26E32911000F5D9FF342CDA0234FFEE
:20310000911000F5D9FF3C2C54FF911000F5D9FF203C54F04B0F1102DF011E80911000F5F7
:20312000D9FF3C2C54FF6E17911000F5D9FF302C14F0DA647FF00F80911000F5D9FF302CA3
:2031400091100025D922302C142F8BAF00F034FF3C013C013C76911000F5D9FF183C14FFB1
:203160006E42911000F5D9FF103C54FF911000F5D9FF043C54F04B0F01F016038B0F20F290
:203180006E32911000F5D9FF342CDA0134FF911000F5D9FF3C2C54FF911000F5D9FF1C3CC4
:2031A00054F04B0F1102DF011E80911000F5D9FF3C2C54FF6E17911000F5D9FF302C14F064
:2031C000DA327F0F0F80911000F5D9FF302C91100025D922302C142F8B6F1FF034FF3C0123
:2031E0003C013C2F911000F5D9FF342CDA0034FF911000F5D9FF3C2C54FF911000F5D9FFB5
:203200001C3C54F04B0F1102DF011C80911000F5D9FF3C2C54FF6E15911000F5D9FF302CB3
:2032200014FF6E0E911000F5D9FF302C91100025D922302C142F8B6F1FF034FF3C013C011F
:203240001D008E01911000F5D9FF183C14FF6E10911000F5D9FF103C54FF911000F5D9FFF4
:20326000043C54F04B0F01F0370F61F16E30911000F5D9FF342CDA0034FF911000F5D9FF00
:203280003C2C54FF911000F5D9FF1C3C54F04B0F1102DF011C80911000F5D9FF3C2C54FF57
:2032A0006E15911000F5D9FF302C14FF6E0E911000F5D9FF302C91100025D922302C142F08
:2032C0008B6F1FF034FF3C013C013C6C911000F5D9FF103C54FF911000F5D9FF083C54F08D
:2032E0004B0F01F016038B0F20F26E32911000F5D9FF342CDA0234FF911000F5D9FF3C2C6B
:2033000054FF911000F5D9FF203C54F04B0F1102DF011E80911000F5D9FF3C2C54FF6E17B3
:20332000911000F5D9FF302C14F0DA647FF00F80911000F5D9FF302C91100025D922302C9C
:20334000142F8BAF00F034FF3C013C013C2B911000F5D9FF3C2C54FF911000F5D9FF1C3CFD
:2033600054F04B0F1102DF011E80911000F5D9FF3C2C54FF6E17911000F5D9FF302C14F0A2
:20338000DA327FF00F80911000F5D9FF302C91100025D922302C142F8BAF00F034FF3C015F
:2033A0003C011D00DD00911000F5D9FF183C14FF6E10911000F5D9FF103C54FF911000F5E0
:2033C000D9FF043C54F04B0F01F0370F61F16E31911000F5D9FF342CDA0034FF911000F59E
:2033E000D9FF3C2C54FF911000F5D9FF1C3C54F04B0F1102DF011C80911000F5D9FF3C2C71
:2034000054FF6E15911000F5D9FF302C14FF6E0E911000F5D9FF302C91100025D922302C96
:20342000142F8B6F1FF034FF3C013C011D009700911000F5D9FF103C54FF911000F5D9FF64
:20344000083C54F04B0F01F0370F61F16E57911000F5D9FF103C54FF911000F5D9FF043C81
:2034600054F04B0F01F016038B0F20F26E47911000F5D9FF342CDA0134FF911000F5D9FFF9
:203480003C2C54FF911000F5D9FF203C54F04B0F1102DF013380911000F5D9FF3C2C54FF3A
:2034A0006E2C911000F5D9FF302C14F0DA327FF00F80911000F5D9FF302C91100025D9220F
:2034C000302C142F8BAF00F034FF3C16911000F5D9FF302C14F0DA327F0F0F80911000F511
:2034E000D9FF302C91100025D922302C142F8B6F1FF034FF3C013C013C31911000F5D9FFA7
:20350000342CDA0234FF911000F5D9FF3C2C54FF911000F5D9FF203C54F04B0F1102DF01B8
:203520001E80911000F5D9FF3C2C54FF6E17911000F5D9FF302C14F0DA647FF00F80911094
:2035400000F5D9FF302C91100025D922302C142F8BAF00F034FF3C013C013C01911000F736
:20356000D9FFCC1C54F0911000F7D9FF081F14FF8F8F20F096FF4B0F61F14BF001F0370FBC
:20358000E1F06E38911000F5D9FF243C14FFDF1F3280911000F5D9FF143C91100025D922A4
:2035A000143C092FC008C21FB4FF911000F5D9FF143C09FFC0083B007D007FF01B803B504C
:2035C0000140821582066D001D14911000F5D9FF342CDAFE34FF911000F5D9FF302CDA0070
:2035E00034FF911000F5D9FF143CDA00B4FF3C013C1B3B500140820582066D0003149110B9
:2036000000F5D9FF342C14F0DAFE7E08911000F5D9FF342CDA0034FF3C01911000F5D9FF95
:20362000143CDA00B4FF911000F5D9FF382C91100025D922342C142F34FF911000F5D9FFD6
:203640003C2C91100025D9223C2C542FC21F74FF0090404F0248025F92F0531020406D0086
:20366000F27F402C49F5110A92F440C46D007B8089F81108C2FF370F704082F540C46D00E9
:20368000DA0C370268F089FF100840C46D00767A0090911000F7D9FF341C54FF3B8025002F
:2036A0003F0F0980911000F7D9FF540CDA0134FF3C01911000F7D9FF04FC14FFEE2C9110DA
:2036C00000F7D9FF108CDA0074FF911000F7D9FF0C8CDA0074FF911000F7D9FF201CDA0057
:2036E00074FF911000F7D9FF301CDA0074FF911000F7D9FF281CDA0074FF911000F7D9FFDD
:20370000241CDA0074FF911000F7D9FF381CDA0074FF3C5F911000F7D9FF108C911000279C
:20372000D922108C542FC21F74FF911000F7D9FF0C8C91100027D9220C8C542FC21F74FFE1
:20374000911000F7D9FF201C91100027D922201C542FC21F74FF911000F7D9FF301C91108A
:203760000027D922301C542FC21F74FF911000F7D9FF281C91100027D922281C542FC21FE5
:2037800074FF911000F7D9FF241C91100027D922241C542FC21F74FF911000F7D9FF341C6C
:2037A00054F0DAC84BF01102DF011480911000F7D9FF341C54FF6E0D911000F7D9FF381C0F
:2037C00091100027D922381C542FC21F74FF3C01911000F7D9FFFCED14FFDF2F218282011E
:2037E0001D001B0253C121F0911000F7D9FF3C1C10FF088FDF0FFC8153C121F0911000F7D4
:20380000D9FF3C1C10FF09F00209DA01BE0F3B0010F05F0F40003B1010F05F0F66003B80FA
:2038200010F05F0FB0003BA010F05F0FDE003BC010F05F0F52013B0020F05F0F5D013B2015
:2038400020F05F0F6E011D00C701911000F7D9FF286C53C121F091100027D9223C1C102220
:20386000092F500834FF911000F7D9FF246C53C121F091100027D9223C1C1022092F510882
:2038800034FF911000F7D9FF281CDA0074FF1D00AE01911000F7D9FF008C53C121F0911066
:2038A0000027D9223C1C1022092F500834FF911000F7D9FF347C53C121F091100027D92291
:2038C0003C1C1022092F510834FF911000F7D9FF108CDA0074FF911000F7D9FF2C1CDA01AE
:2038E00034FF1D008401911000F7D9FF287C53C121F091100027D9223C1C1022092F5008DD
:2039000034FF911000F7D9FF2C7C53C121F091100027D9223C1C1022092F510834FF911085
:2039200000F7D9FF387C53C121F091100027D9223C1C1022092F520834FF911000F7D9FF5D
:20394000346C53C121F091100027D9223C1C1022092F530834FF911000F7D9FF386C53C167
:2039600021F091100027D9223C1C1022092F540834FF911000F7D9FF0C8CDA0074FF1D00B0
:203980003601911000F7D9FF307C53C121F091100027D9223C1C1022092F500834FF9110FE
:2039A00000F7D9FF3C7C53C121F091100027D9223C1C1022092F510834FF911000F7D9FFDA
:2039C000048C53C121F091100027D9223C1C1022092F520834FF911000F7D9FF301CDA008A
:2039E00074FF1D000401911000F7D9FF186C53C121F091100027D9223C1C1022092F50083C
:203A000034FF911000F7D9FF1C6C53C121F091100027D9223C1C1022092F510834FF9110A4
:203A200000F7D9FF206C53C121F091100027D9223C1C1022092F520834FF911000F7D9FF84
:203A4000306C53C121F091100027D9223C1C1022092F530834FF911000F7D9FF187C53C17A
:203A600021F091100027D9223C1C1022092F540834FF911000F7D9FF1C7C53C121F0911053
:203A80000027D9223C1C1022092F550834FF911000F7D9FF088C53C121F091100027D922C6
:203AA0003C1C1022092F560834FF911000F7D9FF3C6C53C121F091100027D9223C1C102229
:203AC000092F570834FF911000F7D9FF201CDA0074FF1D008C00911000F7D9FF2C6C53C15E
:203AE00021F091100027D9223C1C1022092F500834FF3C7C911000F7D9FF146C53C121F0D8
:203B000091100027D9223C1C1022092F500834FF911000F7D9FF241CDA0074FF3C67911054
:203B200000F7D9FF147C53C121F091100027D9223C1C1022092F500834FF911000F7D9FF81
:203B40000C7C53C121F091100027D9223C1C1022092F510834FF911000F7D9FF007C53C1A7
:203B600021F091100027D9223C1C1022092F520834FF911000F7D9FF047C53C121F091106C
:203B80000027D9223C1C1022092F530834FF911000F7D9FF087C53C121F091100027D922D7
:203BA0003C1C1022092F540834FF911000F7D9FF107C53C121F091100027D9223C1C102246
:203BC000092F550834FF911000F7D9FF381CDA0074FF3C0C53C121F0911000F7D9FF3C1CD7
:203BE00010FFDAFF89FF18083C013C0B53C121F0911000F7D9FF3C1C10FFDAFF89FF180834
:203C000053C121F0911000F7D9FF3C1C10FFDA0089FF0209C211BFA1E7FD3C01911000F74F
:203C2000D9FF241C54FF3B007D007FF01080911000F7D9FF2C1C14FF5E193BF0024082151C
:203C40003BA001606D00DE103C083BF0024082053BA001606D00D610911000F7D9FF381C42
:203C600054FF3B007D007FF01080911000F7D9FF2C1C14FF5E193B00034082153BB0016097
:203C80006D00C0103C083B00034082053BB001606D00B810911000F7D9FF346C14FFFF2FCC
:203CA0000E80911000F7D9FF341F14FFDE1B911000F7D9FF346C14FF6E15911000F7D9FF91
:203CC000540C14FF5E1F911000F7D9FF346CDA0034FF3B10034082153BC001606D00921047
:203CE0003C083B10034082053BC001606D008A10911000F7D9FF386C14FFFF2F0E80911084
:203D000000F7D9FF386C14FF6E1B911000F7D9FF3C1F14FFDE15911000F7D9FF540C14FFE0
:203D20005E1F911000F7D9FF386CDA0034FF3B20034082153BD001606D0064103C083B20C4
:203D4000034082053BD001606D005C10911000F7D9FF18EC91100027D922147C142F34FF17
:203D6000911000F7D9FF10EC91100027D9220C7C142F34FF911000F7D9FF04EC91100027EE
:203D8000D922007C142F34FF911000F7D9FF08EC91100027D922047C142F34FF911000F781
:203DA000D9FF0CEC91100027D922087C142F34FF911000F7D9FF14EC91100027D922107CB7
:203DC000142F34FF911000F7D9FF381C54FF3B007D007FF01080911000F7D9FF2C1C14FFD4
:203DE0005E193B00034082153BB001606D000A103C083B00034082053BB001606D00021050
:203E0000911000F7D9FF281C54FF3B007D007FF01C80911000F7D9FF2C1C14FFDE153BB02F
:203E2000024082153B6001606D00EC0F911000F7D9FF247CDA0034FF911000F7D9FF207C1C
:203E4000DA0034FF3C1C911000F7D9FF247C91100027D922286C142F34FF911000F7D9FFB0
:203E6000207C91100027D922246C142F34FF3BB0024082053B6001606D00C40F911000F755
:203E8000D9FF108C54FF3B007D007FF01B80911000F7D9FF188CDAFD34FF3B9001408215D8
:203EA00082466D00AF0F911000F7D9FF347CDA0034FF911000F7D9FF008CDA0034FF3C0D90
:203EC000911000F7D9FF188CDA0034FF3B900140820582466D00960F911000F7D9FF0C8C4C
:203EE00054FF3B007D007FF03480911000F7D9FF2C1C14FFDF1F2D80911000F7D9FF148C0E
:203F0000DAFD34FF3B800140821582366D007A0F911000F7D9FF287CDA0034FF911000F79D
:203F2000D9FF2C7CDA0034FF911000F7D9FF387CDA0034FF911000F7D9FF346CDA0034FFA6
:203F4000911000F7D9FF386CDA0034FF3C0D911000F7D9FF148CDA0034FF3B800140820557
:203F600082366D004F0F911000F7D9FF201C54FF3B007D007FF04080911000F7D9FF2C1C20
:203F800014FFDF1F39803B600140821582166D00390F911000F7D9FF186CDA0034FF9110F5
:203FA00000F7D9FF1C6CDA0034FF911000F7D9FF206CDA0034FF911000F7D9FF306CDA00AE
:203FC00034FF911000F7D9FF187CDA0034FF911000F7D9FF1C7CDA0034FF911000F7D9FF18
:203FE000088CDA0034FF911000F7D9FF3C6CDA0034FF3C073B600140820582166D00020F3F
:20400000911000F7D9FF301C54FF3B007D007FF02180911000F7D9FF2C1C14FFDE1A3B705B
:204020000140821582266D00ED0E911000F7D9FF307CDA0034FF911000F7D9FF3C7CDA006D
:2040400034FF911000F7D9FF048CDA0034FF3C073B700140820582266D00D40E911000F7DB
:20406000D9FF186C14FFBF2F1B80911000F7D9FF540C14FFDE14911000F7D9FF186CDAFDA8
:2040800034FF911000F7D9FF00ECDA0034FF3BB00140821582666D00B50E3C11911000F7C4
:2040A000D9FF00EC91100027D922186C142F34FF3BB00140820582666D00A40E911000F72D
:2040C000D9FF1C6C14F0DA107F0F1B80911000F7D9FF540C14FFDE14911000F7D9FF1C6C9C
:2040E000DAFD34FF911000F7D9FF1CECDA0634FF3BC00140821582766D00840E3C11911073
:2041000000F7D9FF1CEC91100027D9221C6C142F34FF3BC00140820582766D00730E9110BD
:2041200000F7D9FF206C14FFBF4F1C80911000F7D9FF540C14FFDE15911000F7D9FF206C95
:20414000DAFD34FF911000F7D9FF24ECDA0034FF3BD0014082153B8000606D00530E3C12AE
:20416000911000F7D9FF24EC91100027D922206C142F34FF3BD0014082053B8000606D009F
:20418000410E911000F7D9FF306C14FFBF9F1C80911000F7D9FF540C14FFDE15911000F749
:2041A000D9FF306CDAFD34FF911000F7D9FF28ECDA0034FF3BE0014082153B9000606D0065
:2041C000210E3C12911000F7D9FF28EC91100027D922306C142F34FF3BE0014082053B905B
:2041E00000606D000F0E911000F7D9FF187C14FFBF4F1C80911000F7D9FF540C14FFDE153E
:20420000911000F7D9FF187CDAFD34FF911000F7D9FF0CFCDA0034FF3BF0014082153BA02D
:2042200000606D00EF0D3C12911000F7D9FF0CFC91100027D922187C142F34FF3BF00140B6
:2042400082053BA000606D00DD0D911000F7D9FF1C7C14FFFF4F0F80911000F7D9FF3C1F82
:2042600014FFDF1F2280911000F7D9FF1C7C14FF6E1B911000F7D9FF540C14FFDE15911070
:2042800000F7D9FF1C7CDAFD34FF911000F7D9FF10FCDA0034FF3B00024082153BB00060C5
:2042A0006D00B00D3C12911000F7D9FF10FC91100027D9221C7C142F34FF3B000240820535
:2042C0003BB000606D009E0D911000F7D9FF347C14FFBF4F1C80911000F7D9FF540C14FFBB
:2042E000DE15911000F7D9FF347CDAFD34FF911000F7D9FF30ECDA0034FF3B2002408215D4
:204300003BD000606D007E0D3C1F911000F7D9FF3CEC14FF1E28911000F7D9FF30ECDA0088
:2043200034FF3C0B911000F7D9FF30EC91100027D922347C142F34FF3B20024082053BD05F
:2043400000606D005F0D911000F7D9FF287C14FFBF5F1680911000F7D9FF540C14FF5E1FE9
:20436000911000F7D9FF287CDA0034FF3B30024082153BE000606D00450D3C083B300240AD
:2043800082053BE000606D003D0D911000F7D9FF2C7C14FFBF5F1680911000F7D9FF540CB5
:2043A00014FF5E1F911000F7D9FF2C7CDA0034FF3B40024082153BF000606D00230D3C0888
:2043C0003B40024082053BF000606D001B0D911000F7D9FF387C14FFFF4F1A80911000F7C2
:2043E000D9FF341F14FF5E17911000F7D9FF387C14FFEE0D911000F7D9FF387C14FFDE3B88
:20440000911000F7D9FF381F14FFDE15911000F7D9FF540C14FF5E1F911000F7D9FF387C4B
:20442000DA0034FF3BA0024082153B5001606D00E90C3C083BA0024082053B5001606D002C
:20444000E10C911000F7D9FF3C7C14FFBF2F1C80911000F7D9FF540C14FFDE15911000F73C
:20446000D9FF3C7CDAFD34FF911000F7D9FF34ECDA0034FF3B50024082153B0001606D0098
:20448000C10C3C12911000F7D9FF34EC91100027D9223C7C142F34FF3B50024082053B00F1
:2044A00001606D00AF0C911000F7D9FF307C14FFBF4F1C80911000F7D9FF540C14FFDE15C4
:2044C000911000F7D9FF307CDAFD34FF911000F7D9FF2CECDA0034FF3B60024082153B1062
:2044E00001606D008F0C3C12911000F7D9FF2CEC91100027D922307C142F34FF3B600240BB
:2045000082053B1001606D007D0C911000F7D9FF088C14FFBF5F1C80911000F7D9FF540CD1
:2045200014FFDE15911000F7D9FF088CDAFD34FF911000F7D9FF480CDA0034FF3B700240A9
:2045400082153B2001606D005D0C3C12911000F7D9FF480C91100027D922088C142F34FF53
:204560003B70024082053B2001606D004B0C911000F7D9FF3C6C14F0DA637F0F1C80911023
:2045800000F7D9FF540C14FFDE15911000F7D9FF3C6CDAFD34FF911000F7D9FF30FCDA004E
:2045A00034FF3B80024082153B3001606D002A0C3C12911000F7D9FF30FC91100027D92218
:2045C0003C6C142F34FF3B80024082053B3001606D00180C911000F7D9FF048C14FFBF4FBB
:2045E0001C80911000F7D9FF540C14FFDE15911000F7D9FF048CDAFD34FF911000F7D9FFCF
:20460000400CDA0034FF3B90024082153B4001606D00F80B3C12911000F7D9FF400C9110A6
:204620000027D922048C142F34FF3B90024082053B4001606D00E60B911000F7D9FF008C88
:2046400014FFBF3F1C80911000F7D9FF540C14FFDE15911000F7D9FF008CDAFD34FF911030
:2046600000F7D9FF3CECDA0034FF3B10024082153BC000606D00C60B3C12911000F7D9FFBB
:204680003CEC91100027D922008C142F34FF3B10024082053BC000606D00B40B911000F7FA
:2046A000D9FF1C7C14FFDE14911000F7D9FF386C14FF5E1E911000F7D9FF3C1F14FF5E287E
:2046C000911000F7D9FF10FCDA0134FF3C07911000F7D9FF10FCDA0034FF911000F7D9FF14
:2046E000440C14F0DA08FE01911000F7D9FF3CEC14FF5E13DA011E28911000F7D9FF3CECB0
:20470000DA0134FF3C013C01911000F7D9FF287C14FFEE07911000F7D9FF2C7C14FF6E1547
:20472000911000F7D9FF346C14FF6E0F911000F7D9FF008C14FFEE08911000F7D9FF3CEC3C
:20474000DA0134FF3C013C01911000F7D9FF3CEC14F0DA005F0F3500DA01BE0EDA023E08EF
:20476000DAFD5F0F2E00DAFEBE071D00B100911000F7D9FF04FCDA1034FF911000F7D9FF5E
:2047800008FCDA1134FF911000F7D9FF4C0CDA0074FF1D009E00911000F7D9FF04FCDA10CD
:2047A00034FF911000F7D9FF08FCDA1134FF911000F7D9FF4C0CDA0074FF1D008A009110D7
:2047C00000F7D9FF04FCDA1034FF911000F7D9FF08FCDA1134FF911000F7D9FF00ECDA0025
:2047E00034FF911000F7D9FF1CECDA0034FF911000F7D9FF28ECDA0034FF911000F7D9FF00
:20480000480CDA0034FF911000F7D9FF0CFCDA0034FF911000F7D9FF287C14FF6E07911075
:2048200000F7D9FF2C7C14FFEE51911000F7D9FF346C14FFEE4B911000F7D9FF4C0C54FF38
:20484000EE0C911000F7D9FF4C0C91100027D922341C542F74FF3C01911000F7D9FF341C90
:2048600054FF911000F7D9FF4C0C54F0A20F3B007D007FF00F80911000F7D9FF4C0C54FF57
:204880006E08911000F7D9FF08FCDA0034FF3C01911000F7D9FF341C54FF911000F7D9FF61
:2048A0004C0C54F0A20F3B00FA007FF00F80911000F7D9FF4C0C54FF6E08911000F7D9FF77
:2048C00004FCDA0034FF3C013C013C023C01911000F7D9FFD87C14FF6E14911000F7D9FF0D
:2048E00004FCDA1034FF911000F7D9FF08FCDA1134FF911000F7D9FFD8EDDA0134FF3C0189
:20490000911000F7D9FFD8ED14FFDF1F2E80911000F7D9FF500CDA0074FF911000F7D9FF1A
:20492000D8EDDA0034FF911000F7D9FF181CDA0134FF911000F7D9FF700CDA0134FF911058
:2049400000F7D9FFA85D14FF5E18911000F7D9FF1C8CDA0034FF3C07911000F7D9FF1C8C7A
:20496000DA0134FF3C47911000F7D9FF04FC14FFEE41911000F7D9FF08FC14FFEE3B9110A3
:2049800000F7D9FF500C54FFEE0C911000F7D9FF500C91100027D922341C542F74FF3C018D
:2049A000911000F7D9FF341C54FF911000F7D9FF500C54F0A20F3B007D007FF01B809110C0
:2049C00000F7D9FF500C54FF6E14911000F7D9FF1C8CDA0034FF911000F7D9FF181CDA0034
:2049E00034FF911000F7D9FF700CDA0034FF3C013C01911000F7D9FF14FC91100027D922CE
:204A000000FC142F34FF911000F7D9FF38FC91100027D9221C1C142F34FF911000F7D9FF9F
:204A200028FC91100027D9223CEC142F34FF911000F7D9FF208C91100027D9223CEC142FA7
:204A400089FF3008911000F7D9FF208C91100027D92230EC142F89FF3108911000F7D9FF27
:204A6000208C91100027D92200FC142F89FF3208911000F7D9FF208C91100027D922207C4B
:204A8000142F89FF3308911000F7D9FF208C91100027D922247C142F89FF3408911000F7F2
:204AA000D9FF208C91100027D922440C142F89FF3508911000F7D9FF208CDA0689FF2908A2
:204AC000911000F7D9FF208C91100027D9220CFC142F89FF1018911000F7D9FF208C91103F
:204AE0000027D9222CEC142F89FF1118911000F7D9FF208C91100027D92234EC142F89FFBE
:204B00001218911000F7D9FF208C91100027D92230FC142F89FF1318911000F7D9FF208C4E
:204B200091100027D922400C142F89FF1418911000F7D9FF208C91100027D92200EC142F61
:204B400089FF1518911000F7D9FF208CDA0689FF0918911000F7D9FF208C91100027D9221C
:204B600028EC142F89FF3018911000F7D9FF208C91100027D92224EC142F89FF311891106A
:204B800000F7D9FF208C91100027D9221CEC142F89FF3218911000F7D9FF208C91100027D6
:204BA000D92210FC142F89FF3318911000F7D9FF208C91100027D922480C142F89FF34188E
:204BC000911000F7D9FF208CDA0589FF2918911000F7D9FF38EC14FF6E14911000F7D9FF78
:204BE000208C91100027D92238EC142F89FF1028911000F7D9FF208CDA0189FF09283C0132
:204C0000911000F7D9FF208C91100027D92220EC142F89FF3028911000F7D9FF208CDA018F
:204C200089FF2928911000F7D9FF208C91100027D92204FC142F89FF1038911000F7D9FF39
:204C4000208C91100027D92208FC142F89FF1138911000F7D9FF208CDA0289FF093891106B
:204C600000F7D9FF341C54FF911000F7D9FF208C09F03A394B0F11027618911000F7D9FFCF
:204C8000208C09FF1A095E1D911000F7D9FF2CFC91100027D9222CFC142FC21F34FF3C01AB
:204CA000911000F7D9FF341C54FF911000F7D9FF208C09F01A494B0F11027618911000F7D6
:204CC000D9FF208C09FF1A095E1D911000F7D9FF20FC91100027D92220FC142FC21F34FFE8
:204CE0003C01911000F7D9FF341C54FF911000F7D9FF208C09F03A494B0F11027618911030
:204D000000F7D9FF208C09FF1A095E1D911000F7D9FF3CFC91100027D9223CFC142FC21FAB
:204D200034FF3C01911000F7D9FF208C91100027D92224FC142F89FF3038911000F7D9FF61
:204D4000208C91100027D9222CFC142F89FF3138911000F7D9FF208C91100027D9223CEC81
:204D6000142F89FF3238911000F7D9FF208CDA0389FF2938911000F7D9FF208C49F4203A69
:204D8000911000F7D9FF2CFC14F4911000F7D9FF208C09F549386DFF5EF4911000F7D9FFAA
:204DA000208C91100027D92234FC142F89FF1048911000F7D9FF208C91100027D9223CFC1A
:204DC000142F89FF1148911000F7D9FF208C91100027D92238FC142F89FF1248911000F7DF
:204DE000D9FF208CDA0389FF0948911000F7D9FF208C49F4004A911000F7D9FF3CFC14F426
:204E0000911000F7D9FF208C09F569386DFF23F4911000F7D9FF208C91100027D9221CFC5D
:204E2000142F89FF3048911000F7D9FF208C91100027D92220FC142F89FF3148911000F758
:204E4000D9FF208C91100027D92214FC142F89FF3248911000F7D9FF208C91100027D922D7
:204E600018FC142F89FF3348911000F7D9FF208CDA0489FF2948911000F7D9FF208C49F48C
:204E8000204A911000F7D9FF20FC14F4911000F7D9FF208C09F549486DFFDDF3911000F795
:204EA000D9FF208C91100027D92218EC142F89FF1058911000F7D9FF208C91100027D92295
:204EC00010EC142F89FF1158911000F7D9FF208C91100027D92204EC142F89FF12589110FD
:204EE00000F7D9FF208C91100027D92208EC142F89FF1358911000F7D9FF208C9110002766
:204F0000D9220CEC142F89FF1458911000F7D9FF208C91100027D92214EC142F89FF155850
:204F2000911000F7D9FF208CDA0689FF0958911000F7D9FF341C54FF6E34911000F7D9FF67
:204F40001C8C14FFDF1F2E8082103C28911000F7D9FF341C54F1530022F0911000F7D9FF1A
:204F6000208C10FF09FF1A094BF11122763B530022F0911000F7D9FF208C10FF09FF1A0970
:204F80005E1C530022F0911000F7D9FF208C10FFDA0189FF18083C01C210BFB0D9FF3C10E2
:204FA00082103C0C530022F0911000F7D9FF208C10FFDA0089FF1808C210BFB0F5FF91102F
:204FC0000047D944A49E91100057D955208C3B0016406D00C87382103C1D530022F091102F
:204FE00000F7D9FF208C10FFDA0089FF180882013C0E530022F0911000F7D9FF208C10FF48
:2050000001F100F6DA0089FF1008C211BF81F3FFC210BFB0E4FF0D000003911000F7D9FF85
:20502000341C91100027D922341C542FC21F74FF0090404F024F02586D00064002246D0026
:20504000F13E6D00154002246D00143F91100047D944603CB04440F50BF810486D008C2E2D
:20506000022F6D00F13F02246D0051416D00004002246D00734102F23C010090202049A45B
:20508000000A9100005F6D001A3091100047D944603C49A5000A6D00E62F49A4080A9110A4
:2050A0000057D955603C6D00B72FDA0089AF1F08DA0189AF1D0891100047D944603CB04476
:2050C00049A5080A6D00362F00900C418B0F04F02C41911000F7D9FFD47C09FFC0083BF06B
:2050E0006F00FE040C425E18911000F7D9FFA85DDA0034FF3C0A0C42EE08911000F7D9FFFF
:20510000A85DDA0134FF3C013C0100900C418B0F04F02C41911000F7D9FFD47C09FFC0089A
:205120003BF06F007E046D0021063C0100900C418B0F04F02C41911000F7D9FFD47C09FFE2
:20514000C0083BF06F00FE040C425E18910000F7D9FF1C00DA0134FF3C0A0C425E289100F2
:2051600000F7D9FF1C00DA0034FF3C013C0100900C418B0F04F02C41911000F7D9FFD47C25
:2051800009FFC0083BF06F007E08910000FBD9FF1C30DA0134FF3C0100900C418B0F04F0B9
:2051A0002C41911000F7D9FFD47C09FFC0083BF06F007E08910000FBD9FF1C30DA0334FF12
:2051C0003C010090910000FBD9FF1C30DA0234FF911000F7D9FF8C7DDA032CF9911000F730
:2051E000D9FF8C7D3BF06FF089FF0209911000F7D9FF8C7DDA0289FF1008911000F7D9FF4C
:205200008C7DDA5089FF1108911000F7D9FF8C7DDA0289FF1208911000F7D9FF8C7D09FF42
:205220000209370F7040911000F7D9FF8C7D49F4100A911000F7D9FF8C7D09FF5008160F9F
:2052400092156DFF85E06D00CC4FBBF0FD4D82056D00614B0090911000F7D9FFD47C09FF61
:20526000C0083BF06F005F0F4580911000F7D9FF8C7DDA032CF9911000F7D9FF8C7D3BF07A
:205280006FF089FF0209911000F7D9FF8C7DDA0289FF1008911000F7D9FF8C7DDA5189FFFB
:2052A0001108911000F7D9FF8C7DDA0189FF1208911000F7D9FF8C7D09FF0209370F70405D
:2052C000911000F7D9FF8C7D49F4100A911000F7D9FF8C7D09FF5008160F92156DFF38E0D5
:2052E0006D007F4FBBF0FD4D82056D00144B3C010090911000F7D9FFD47C09FFC0083BF0A3
:205300006F005F0F4580911000F7D9FF8C7DDA032CF9911000F7D9FF8C7D3BF06FF089FFE5
:205320000209911000F7D9FF8C7DDA0289FF1008911000F7D9FF8C7DDA5189FF1108911087
:2053400000F7D9FF8C7DDA0389FF1208911000F7D9FF8C7D09FF0209370F7040911000F7DC
:20536000D9FF8C7D49F4100A911000F7D9FF8C7D09FF5008160F92156DFFEADF6D00314F2E
:20538000BBF0FD4D82056D00C64A3C01009091100047D9448C7D91100057D9553CDD3B803F
:2053A00057406D00E07191100047D9443CDD82043B8057506D0009720D00000382081D00F3
:2053C0009501911000F7D9FFD47C09FFC0083BF06F005F0FD18053C821F0911000F7D9FFB2
:2053E0008C7D10FF09FF5808DF1F418053C821F0911000F7D9FF8C7D10FF09FF5A08534FAE
:2054000020F0911000F7D9FFB43D10FFD4FF53C821F091100027D9228C7D10224924100A88
:205420002D0F000053C821F0911000F7D9FF8C7D10FF09FF0209370F704053C821F09110A6
:2054400000F7D9FF8C7D10FF49F4100A53C821F0911000F7D9FF8C7D10FF09FF5008160FD5
:2054600092156DFF75DF1D00850053C821F0911000F7D9FF8C7D10FFDA0389FF1008911051
:2054800000F7D9FFAC5D53C821F091100027D9228C7D1022092F510834FF53C821F0911079
:2054A00000F7D9FF8C7D10FFDA7F89FF110853C821F0911000F7D9FF8C7D10FF911000278F
:2054C000D922AC5D142F89FF120853C821F0911000F7D9FF8C7D10FFDA2289FF130853C875
:2054E00021F0911000F7D9FF8C7D10FFDA0089FF140853C821F0911000F7D9FF8C7D10FFE1
:20550000DA0089FF150853C821F0911000F7D9FF8C7D10FFDA0089FF160853C821F091100B
:2055200000F7D9FF8C7D10FFDA0089FF170853C821F0911000F7D9FF8C7D10FF09FF02093C
:20554000370F704053C821F0911000F7D9FF8C7D10FF49F4100A53C821F0911000F7D9FFAE
:205560008C7D10FF09FF5008160F92156DFFF0DE1D00B30053C821F0911000F7D9FF8C7D38
:2055800010FF09FF5808DF1F258053C821F0911000F7D9FF8C7D10FF09FF0209370F704034
:2055A00053C821F0911000F7D9FF8C7D10FF49F4100A53C821F0911000F7D9FF8C7D10FF2C
:2055C00009FF5008160F92156DFFC2DE1D00850053C821F0911000F7D9FF8C7D10FFDA0360
:2055E00089FF1008911000F7D9FFAC5D53C821F091100027D9228C7D1022092F510834FFA4
:2056000053C821F0911000F7D9FF8C7D10FFDA7F89FF110853C821F0911000F7D9FF8C7D37
:2056200010FF91100027D922AC5D142F89FF120853C821F0911000F7D9FF8C7D10FFDA001C
:2056400089FF130853C821F0911000F7D9FF8C7D10FFDA0089FF140853C821F0911000F7B1
:20566000D9FF8C7D10FFDA0089FF150853C821F0911000F7D9FF8C7D10FFDA0089FF160887
:2056800053C821F0911000F7D9FF8C7D10FFDA0089FF170853C821F0911000F7D9FF8C7D30
:2056A00010FF09FF0209370F704053C821F0911000F7D9FF8C7D10FF49F4100A53C821F09B
:2056C000911000F7D9FF8C7D10FF09FF5008160F92156DFF3DDE911000F7D9FFAC5DDA003C
:2056E00034FFC21837086880911000F7D9FFA05D54FF3FF868FE91100047D9448C7D820485
:205700003B8057506D006170911000F7D9FF9C5D91100027D9229C5D542FC21F74FF00905D
:20572000404F14F0F6431D004701DA195F0F3580BF243180081F3BA000005F0F2C809110D1
:2057400000F7D9FFC4DDDA5934FF911000F7D9FFC4DDDA0A2CF1DA003C0E911000F7D9FFCD
:20576000C4DD10FF91000027D92208A0102214202820C21F3B0005003F0FF1FF3BF06F4037
:2057800091100047D944C4DD3B2005506DFF99DC3C011D001101DA315F0F0E810838FF44DB
:2057A00004801D000901DA153E86DA163E84DA175F8F6B80911000F7D9FFB45DDA7134FF10
:2057C000911000F7D9FFB45D2838DA15FE89911000F7D9FFB05DDA0CB4FFDA003C0E911097
:2057E00000F7D9FFB45D10FF91100027D922283F102214202840C21FBF8FF3FF3C35DA1640
:20580000FE89911000F7D9FFB05DDA0CB4FFDA003C0E911000F7D9FFB45D10FF911000276F
:20582000D922203F102214202840C21FBF8FF3FF3C1B911000F7D9FFB05DDA54B4FFDA0090
:205840003C0E911000F7D9FFB45D10FF91100027D922303F102214202840C21F3B0005004D
:205860003F0FF1FF3C013BF06F4091100047D944B45D911000F7D9FFB05D09F5C0086DFF0E
:2058800020DC1D009800DF480600DF580400DF689280BF540480C2C43C028204DF482380EB
:2058A000BF9405803B8000403C0191100047D944E4FE40F5B0456D00566F91100047D94490
:2058C000283F91100057D955E4FE3B8000406D004A6F822491100047D944283F6D00A34CCA
:2058E0003C48DF582380BF9405803B8000403C0191100047D944ECFE40F5B0456D00336F12
:2059000091100047D944203F91100057D955ECFE3B8000406D00276F821491100047D9447A
:20592000203F6D00804C3C25DF682480DA507F4F05803B0005403C0191100047D944F4FE52
:2059400040F5B0456D000F6F91100047D944303F91100057D955F4FE3B0005406D00036F47
:20596000823491100047D944303F6D005C4C3C0191100027D922887DDA71342F911000276D
:20598000D922887D081F2C2191100027D922887D082F2C22911000F7D9FF887D28383BF046
:2059A0006F4091100047D944887D82456DFF89DB3C013C0100900C418B0F04F02C419110A4
:2059C00000F7D9FFE07CDA01B4FF911000F7D9FFE47CDA00B4FF911000F7D9FFE87CDA0003
:2059E000B4FF00900C418B0F04F02C41911000F7D9FFE07CDA00B4FF911000F7D9FFE47CF3
:205A0000DA01B4FF911000F7D9FFE87CDA00B4FF00900C418B0F04F02C410C455E18911057
:205A200000F7D9FFF07CDA0034FF3C07911000F7D9FFF07CDA0134FF00900C418B0F04F086
:205A40002C41911000F7D9FFE07CDA00B4FF911000F7D9FFE47CDA00B4FF911000F7D9FFB3
:205A6000E87CDA01B4FF00900C418B0F04F02C41911000F7D9FFF47CDA0134FF0090144F7B
:205A8000C21F344F0C418B0F04F02C41910000FBD9FF1C3014FF2C440090144FC24F344FA0
:205AA0000C418B0F04F02C41910000FBD9FF203054FF8F8F1EF02C44910000FBD9FF203047
:205AC00054FF8F0F1FF02C45910000FBD9FF203054FF068F2C46910000FBD9FF203054FF40
:205AE0002C470090144FC24F344F0C418B0F04F02C41911000F7D9FFA45D14FF2C449110CF
:205B000000F7D9FFA45D081F2C45911000F7D9FFA45D082F2C46911000F7D9FFA45D083F4B
:205B20002C4700900C418B0F04F02C41911000F7D9FFFC7CDA0134FF0090911000F7D9FF24
:205B4000F86C14FFDF0F8180911000F7D9FFDC6C14F0DA003E0CDA015F0F2400DA025F0F48
:205B60003B00DAFD3E04DAFE3E023C6C911000F7D9FFE86C14FF6E07911000F7D9FFEC6CFD
:205B800014FFEE0E911000F7D9FFF46CDA0134FF911000F7D9FFFC6CDA0134FF3C013C5366
:205BA000911000F7D9FFE86C14FFEE07911000F7D9FFEC6C14FF6E0E911000F7D9FFF46CF2
:205BC000DA0134FF911000F7D9FFFC6CDA0234FF3C013C39911000F7D9FFD86C14FF8200D5
:205BE0003E0882103E068220BE0182303E0F3C28911000F7D9FFF46CDA0134FF911000F74F
:205C0000D9FFFC6CDA0334FF3C1C911000F7D9FFF46CDA0234FF911000F7D9FFF06C14FF1E
:205C20006E08911000F7D9FFFC6CDA0534FF3C07911000F7D9FFFC6CDA0334FF3C023C015E
:205C40003C023C013C07911000F7D9FFFC6CDA0634FF911000F7D9FFE06C14FF6E189110A5
:205C600000F7D9FFFC6CDA0834FF911000F7D9FFF46CDA0134FF911000F7D9FFC87C9110A5
:205C80000027D922E06C142F34FF3C1C911000F7D9FFC87C14FF6E16DA00EE14911000F709
:205CA000D9FFF46CDA0134FF911000F7D9FFFC6CDA0234FF911000F7D9FFC87CDA0034FFF6
:205CC0003C01911000F7D9FFE46C14FFDF1F4280911000F7D9FFF46CDA0334FF911000F77C
:205CE000D9FFC47C54FFEE0C911000F7D9FFC47C91100027D922C07C542F74FF3C29911094
:205D000000F7D9FFC07C54FF911000F7D9FFC47C54F0A20F3B0032007FF01B80911000F771
:205D2000D9FFE46CDA0034FF911000F7D9FFF46CDAFF34FF911000F7D9FFF47CDA0034FF65
:205D4000911000F7D9FFC47CDA0074FF3C013C01911000F7D9FFC07C91100027D922C07C21
:205D6000542FC21F74FF009082003C0A910000F7D9FF08A001F000F6DA5034FFC210DA50AC
:205D80003FF0F6FF0090DA003C20EE023C0C5E19910000F7D9FF08A0B01F820034F03C03AE
:205DA0005E223C0182204B0F1102DF110C80BF3F0A80910000F7D9FF08A010FF820034F056
:205DC0003C01C21F370F68F03B0005003F0FDFFF009082003C12910000F7D9FF18B001F022
:205DE00000F6DA5034FF910000F7D9FF08A001F000F6DA5034FFC210DA503FF0EEFF00905C
:205E0000910000F7D9FF1C0014FFEE42DF152680532620F0910000F7D9FF08A010FF081F62
:205E20001E1A532620F0910000F7D9FF08A010FF081FEE12532620F0910000F7D9FF08A0D2
:205E400010FF34F4532620F0910000F7D9FF08A010FF28153C013C1B532620F0910000F789
:205E6000D9FF08A010FF081FDE12532620F0910000F7D9FF08A010FF34F4532620F091009A
:205E800000F7D9FF08A010FF28153C013C010090910000FBD9FF20309100002BD92220307A
:205EA000542FC21F74FF911000F7D9FFEC7C54FFEE08910000FBD9FF1C30DA0134FF3C01EF
:205EC000911000F7D9FFC08C14FFFF6F2880911000F7D9FFF07C14FFDF1F2180911000F7B7
:205EE000D9FFDC7C14FF6E07911000F7D9FFDC7C14FFDE14911000F7D9FFFC7C14FF5E1EA6
:205F0000910000FBD9FF1C3014FF5E38911000F7D9FFD87CDA0234FF3C20911000F7D9FF89
:205F2000F07C14FFDE14911000F7D9FFFC7C14FF5E1E910000FBD9FF1C3014FF5E3891107F
:205F400000F7D9FFD87CDA0134FF3C07911000F7D9FFD87CDA0034FF911000F7D9FFE07C30
:205F600009FFC0085E19911000F7D9FFD47C3B1070F0B4FF3C01911000F7D9FFE47C09FFA7
:205F8000C0085E19911000F7D9FFD47C3B3070F0B4FF3C01911000F7D9FFE87C09FFC008A3
:205FA0005E19911000F7D9FFD47C3BF06FF0B4FF3C0182011D00900C53C121F0911000F737
:205FC000D9FFC48C10FF09FF02093BE06F005F0F7080910000FBD9FF1C3014FFBF3F5E80F0
:205FE000911000F7D9FFD87C14FF6E5753C121F0911000F7D9FFC48C10FF09FF5008DF4F83
:206000004C8053C121F0911000F7D9FFC48C10FF09F05108DA315F0F408053C121F091106F
:2060200000F7D9FFC48C10FF09F05408DA225F0F348053C121F0911000F7D9FFC48C10FFCB
:20604000DA1889FF1A0853C121F0911000F7D9FFC48C10FFDA0189FF180853C121F0911067
:2060600000F7D9FFC48C10FFDA0189FF1908911000F7D9FFD47C3BF06FF0B4FF53C121F04C
:20608000911000F7D9FFC48C10FF3BF06FF089FF02091D00280C3C0153C121F0911000F7C9
:2060A000D9FFC48C10FFDA0189FF19083C01911000F7D9FFD47C09FFC0083BF06F005F0F50
:2060C000E48353C121F0911000F7D9FFC48C10FF3BF06FF089FF020953C121F0911000F78B
:2060E000D9FFC48C10FF09F05008DA103FF0188053C121F0911000F7D9FFC48C10FFDA0198
:2061000089FF180853C121F0911000F7D9FFC48C10FFDA0389FF19081D00B50353C121F063
:20612000911000F7D9FFC48C10FF09F05108DA105F0F2200DA115F0FA900DA145F0FDC008A
:20614000DA195F0F0601DA225F0FAE01DA285F0F4301DA2A5F0FFB01DA2E5F0F2102DA31F8
:206160005F0F4702DA3E5F0F2101DA855F0F68011D007E0353C121F0911000F7D9FFC48C07
:2061800010FF09F05208DA013E0DDA025F0F3700DA033E08DA045F0F3200DA055F0F2F00D9
:2061A0003C71910000FBD9FF1C3053C121F091100027D922C48C1022092F520834FF53C13F
:2061C00021F0911000F7D9FFC48C10FFDA0189FF180853C121F0911000F7D9FFC48C10FF68
:2061E00053C121F091100027D922C48C1022092F5208C2FF89FF1A083C46910000FBD9FF52
:206200001C3014FFDF3F3480911000F7D9FFD87C14FF6E2D910000FBD9FF1C3053C121F006
:2062200091100027D922C48C1022092F520834FF53C121F0911000F7D9FFC48C10FFDA0185
:2062400089FF180853C121F0911000F7D9FFC48C10FF53C121F091100027D922C48C102238
:20626000092F5208C2FF89FF1A083C0B53C121F0911000F7D9FFC48C10FFDA0089FF180864
:206280003C023C011D00F50253C121F0911000F7D9FFC48C10FFDA0189FF180853C121F0D3
:2062A000911000F7D9FFC48C10FF09FF52085E1C53C121F0911000F7D9FFC48C10FFDA0560
:2062C00089FF1A083C1653C121F0911000F7D9FFC48C10FF09FF52085E3C53C121F091100C
:2062E00000F7D9FFC48C10FFDA0689FF1A083C011D00BF02911000F7D9FFD87C14FF1E17BF
:20630000911000F7D9FFD87C14FFDE2653C121F0911000F7D9FFC48C10FFDA0189FF18082B
:2063200053C121F0911000F7D9FFC48C10FFDA0989FF1A083C0B53C121F0911000F7D9FF00
:20634000C48C10FFDA0089FF18081D009202911000F7D9FFD87C14FF1E17911000F7D9FF2F
:20636000D87C14FFDE2653C121F0911000F7D9FFC48C10FFDA0189FF180853C121F0911075
:2063800000F7D9FFC48C10FFDA0889FF1A083C0B53C121F0911000F7D9FFC48C10FFDA002E
:2063A00089FF18081D00650253C121F0911000F7D9FFC48C10FFDA0189FF180853C121F015
:2063C000911000F7D9FFC48C10FFDA0789FF1A081D004F02910000FBD9FF1C3014FFDF3F14
:2063E0002380911000F7D9FFD87C14FF1E17911000F7D9FFD87C14FFDE2653C121F091104D
:2064000000F7D9FFC48C10FFDA0189FF180853C121F0911000F7D9FFC48C10FFDA0A89FF6B
:206420001A083C0B53C121F0911000F7D9FFC48C10FFDA0089FF18081D001B02910000FBB7
:20644000D9FF1C3014FFDF3F2380911000F7D9FFD87C14FF1E17911000F7D9FFD87C14FF61
:20646000DE2653C121F0911000F7D9FFC48C10FFDA0189FF180853C121F0911000F7D9FF0C
:20648000C48C10FFDA0B89FF1A083C0B53C121F0911000F7D9FFC48C10FFDA0089FF180851
:2064A0001D00E70153C121F0911000F7D9FFC48C10FF09F05308DA053E07DA80BE0ADA86E9
:2064C0005F0F2D003C4053C121F0911000F7D9FFC48C10FFDA0189FF180853C121F0911068
:2064E00000F7D9FFC48C10FFDA1589FF1A083C2C53C121F0911000F7D9FFC48C10FFDA019E
:2065000089FF180853C121F0911000F7D9FFC48C10FFDA1389FF1A083C1753C121F091102F
:2065200000F7D9FFC48C10FFDA0189FF180853C121F0911000F7D9FFC48C10FFDA1489FF40
:206540001A083C023C011D009401910000FBD9FF1C3014FFDE38911000F7D9FFD87C14FF3C
:206560001E17911000F7D9FFD87C14FF5E2C53C121F0911000F7D9FFC48C10FFDA0189FF2E
:2065800018083C0B53C121F0911000F7D9FFC48C10FFDA0089FF18081D006B01910000FB09
:2065A000D9FF1C3014FFDE38911000F7D9FFD87C14FF1E17911000F7D9FFD87C14FF5E2C21
:2065C00053C121F0911000F7D9FFC48C10FFDA0189FF18083C0B53C121F0911000F7D9FF68
:2065E000C48C10FFDA0089FF18081D004201910000FBD9FF1C3014FFBF3F0F81911000F771
:20660000D9FFD87C14FF1E18911000F7D9FFD87C14FFDF2F028153C121F0911000F7D9FF08
:20662000C48C10FF09F05408DA04BE0EDA055F0F4800DA065F0F7100DA145F0F2C00DA1531
:206640005F0F5500DA165F0F7D00DA205F0F8F00DA215F0FA100DA225F0FB300DA235F0F13
:20666000C5001D00D80053C121F0911000F7D9FFC48C10FFDA0D89FF1A0853C121F0911015
:2066800000F7D9FFC48C10FFDA0189FF18081D00C30053C121F0911000F7D9FFC48C10FF75
:2066A000DA0D89FF1A0853C121F0911000F7D9FFC48C10FFDA0189FF18081D00AD0053C1F4
:2066C00021F0911000F7D9FFC48C10FFDA0E89FF1A0853C121F0911000F7D9FFC48C10FF54
:2066E000DA0189FF18081D00970053C121F0911000F7D9FFC48C10FFDA0F89FF1A0853C1C8
:2067000021F0911000F7D9FFC48C10FFDA0189FF18081D00810053C121F0911000F7D9FFE3
:20672000C48C10FFDA1089FF1A0853C121F0911000F7D9FFC48C10FFDA0189FF18083C6B48
:2067400053C121F0911000F7D9FFC48C10FFDA1189FF1A0853C121F0911000F7D9FFC48CCB
:2067600010FFDA0189FF18083C5653C121F0911000F7D9FFC48C10FFDA1689FF1A0853C153
:2067800021F0911000F7D9FFC48C10FFDA0189FF18083C4153C121F0911000F7D9FFC48C34
:2067A00010FFDA1789FF1A0853C121F0911000F7D9FFC48C10FFDA0189FF18083C2C53C13C
:2067C00021F0911000F7D9FFC48C10FFDA1889FF1A0853C121F0911000F7D9FFC48C10FF49
:2067E000DA0189FF18083C1753C121F0911000F7D9FFC48C10FFDA1989FF1A0853C121F00D
:20680000911000F7D9FFC48C10FFDA0189FF18083C023C013C0B53C121F0911000F7D9FFCF
:20682000C48C10FFDA0089FF180853C121F0911000F7D9FFC48C10FF09F05408DA99FE06B7
:2068400053C121F0911000F7D9FFC48C10FFDA0189FF180853C121F0911000F7D9FFC48CDC
:2068600010FFDA1289FF1A083C013C023C0153C121F0911000F7D9FFC48C10FFDA0189FF64
:2068800019081D002608911000F7D9FFD87C14FFBF1F158853C121F0911000F7D9FFC48C55
:2068A00010FF09F05008DA103FF0898053C121F0911000F7D9FFC48C10FFDA0189FF1808DF
:2068C00053C121F0911000F7D9FFC48C10FFDA0389FF1908911000F7D9FFD47C09F0C008BD
:2068E0003B1070F03E063B3070F05F0F34003C6353C121F0911000F7D9FFC48C10FF09FFA1
:2069000002093BE06F007E0D53C121F0911000F7D9FFC48C10FF3B0070F089FF02093C19E0
:2069200053C121F0911000F7D9FFC48C10FF09FF02093B1070007E0D53C121F0911000F74D
:20694000D9FFC48C10FF3BF06FF089FF02093C013C3353C121F0911000F7D9FFC48C10FF43
:2069600009FF02093BE06F007E0D53C121F0911000F7D9FFC48C10FF3B2070F089FF0209AD
:206980003C1953C121F0911000F7D9FFC48C10FF09FF02093B3070007E0D53C121F091106F
:2069A00000F7D9FFC48C10FF3BF06FF089FF02093C013C023C011D008107911000F7D9FFBF
:2069C000D47C09F0C0083B1070F03E073B3070F05F0FBC031D00710753C121F0911000F76C
:2069E000D9FFC48C10FF09FF02093BE06F00FE0753C121F0911000F7D9FFC48C10FF3B008F
:206A000070F089FF020953C121F0911000F7D9FFC48C10FFDA0489FF19083C2353C121F084
:206A2000911000F7D9FFC48C10FF09FF02093B107000FE0753C121F0911000F7D9FFC48CCF
:206A400010FF3BF06FF089FF020953C121F0911000F7D9FFC48C10FFDA0489FF19083C0152
:206A600053C121F0911000F7D9FFC48C10FF09F05108DA105F0F5500DA115F0FD100DA140B
:206A80005F0F8201DA195F0F8B01DA225F0F2201DA285F0FD700DA2A5F0F3A01DA2E5F0F21
:206AA0005501DA315F0F8801DA345F0FA301DA365F0FAC01DA375F0FB501DA3E5F0FE00098
:206AC000DA505F0FBB01DA515F0F3702DA545F0FE602DA595F0FEE02DA625F0F8802DA6805
:206AE0005F0F3D02DA6A5F0FA002DA6E5F0FBA02DA715F0FEA02DA745F0F0403DA765F0FFD
:206B00000C03DA775F0F1403DA7E5F0F4602DA855F0FC200DAC55F0F4C021D00140353C150
:206B200021F0911000F7D9FFC48C10FF09FF52081E1B53C121F0911000F7D9FFC48C10FFE6
:206B400009FF5208DE3A911000F7D9FFCC7C53C121F091100027D922C48C1022092F520807
:206B600034FF53C121F0911000F7D9FFC48C10FFDA0189FF18083C5153C121F0911000F721
:206B8000D9FFC48C10FF09FF52089E2653C121F0911000F7D9FFC48C10FF09FF52081E4CD8
:206BA00053C121F0911000F7D9FFC48C10FF09FF5208DF5F3380911000F7D9FFCC7C14FFC3
:206BC000DF1F2100911000F7D9FFCC7C14FF6E1A911000F7D9FFCC7C53C121F0911000279E
:206BE000D922C48C1022092F520834FF53C121F0911000F7D9FFC48C10FFDA0189FF1808DC
:206C00003C0B53C121F0911000F7D9FFC48C10FFDA0089FF18083C011D009602911000F72D
:206C2000D9FFCC7CDA0134FF53C121F0911000F7D9FFC48C10FFDA0189FF18081D0084020C
:206C4000911000F7D9FFCC7C14FFBF2F0D8053C121F0911000F7D9FFC48C10FFDA0189FF97
:206C600018083C0B53C121F0911000F7D9FFC48C10FFDA0089FF18081D00660253C121F08D
:206C8000911000F7D9FFC48C10FFDA0189FF18081D005A02911000F7D9FFCC7C14FFBF2F70
:206CA0000D8053C121F0911000F7D9FFC48C10FFDA0189FF18083C0B53C121F0911000F7CC
:206CC000D9FFC48C10FFDA0089FF18081D003C02911000F7D9FFCC7C14FFBF2F0D8053C146
:206CE00021F0911000F7D9FFC48C10FFDA0189FF18083C0B53C121F0911000F7D9FFC48C05
:206D000010FFDA0089FF18081D001E02911000F7D9FFCC7C14FFBF2F0D8053C121F0911099
:206D200000F7D9FFC48C10FFDA0189FF18083C0B53C121F0911000F7D9FFC48C10FFDA008D
:206D400089FF18081D000002911000F7D9FFCC7C14FFBF2F0D8053C121F0911000F7D9FF91
:206D6000C48C10FFDA0189FF18083C0B53C121F0911000F7D9FFC48C10FFDA0089FF180874
:206D80001D00E20153C121F0911000F7D9FFC48C10FFDA0189FF18081D00D60153C121F063
:206DA000911000F7D9FFC48C10FFDA0189FF18081D00CA01911000F7D9FFCC7C14FFBF2FE0
:206DC0000D8053C121F0911000F7D9FFC48C10FFDA0189FF18083C0B53C121F0911000F7AB
:206DE000D9FFC48C10FFDA0089FF18081D00AC0153C121F0911000F7D9FFC48C10FFDA0141
:206E000089FF18081D00A00153C121F0911000F7D9FFC48C10FFDA0189FF18081D009401E3
:206E200053C121F0911000F7D9FFC48C10FFDA0189FF18081D00880153C121F0911000F778
:206E4000D9FFC48C10FF09FF52081E1B53C121F0911000F7D9FFC48C10FF09FF5208DE3AF2
:206E6000911000F7D9FFCC7C53C121F091100027D922C48C1022092F520834FF53C121F006
:206E8000911000F7D9FFC48C10FFDA0189FF18083C5153C121F0911000F7D9FFC48C10FF1F
:206EA00009FF52089E2653C121F0911000F7D9FFC48C10FF09FF52081E4C53C121F0911026
:206EC00000F7D9FFC48C10FF09FF5208DF5F3380911000F7D9FFCC7C14FFDF1F21009110A6
:206EE00000F7D9FFCC7C14FF6E1A911000F7D9FFCC7C53C121F091100027D922C48C1022BE
:206F0000092F520834FF53C121F0911000F7D9FFC48C10FFDA0189FF18083C0B53C121F0C9
:206F2000911000F7D9FFC48C10FFDA0089FF18083C011D00090153C121F0911000F7D9FF07
:206F4000C48C10FFDA0189FF1808911000F7D9FFCC7CDA0134FF1D00F700911000F7D9FF05
:206F6000CC7C14FFBF2F0D8053C121F0911000F7D9FFC48C10FFDA0189FF18083C0B53C169
:206F800021F0911000F7D9FFC48C10FFDA0089FF18081D00D90053C121F0911000F7D9FF04
:206FA000C48C10FFDA0189FF18081D00CD00911000F7D9FFCC7C14FFBF2F0D8053C121F09A
:206FC000911000F7D9FFC48C10FFDA0189FF18083C0B53C121F0911000F7D9FFC48C10FF24
:206FE000DA0089FF18081D00AF00911000F7D9FFCC7C14FFBF2F0D8053C121F0911000F740
:20700000D9FFC48C10FFDA0189FF18083C0B53C121F0911000F7D9FFC48C10FFDA0089FF19
:2070200018081D009100911000F7D9FFCC7C14FFBF2F0D8053C121F0911000F7D9FFC48C57
:2070400010FFDA0189FF18083C0B53C121F0911000F7D9FFC48C10FFDA0089FF18083C7332
:20706000911000F7D9FFCC7C14FFBF2F0D8053C121F0911000F7D9FFC48C10FFDA0189FF73
:2070800018083C0B53C121F0911000F7D9FFC48C10FFDA0089FF18083C5653C121F09110BB
:2070A00000F7D9FFC48C10FFDA0189FF18083C4B53C121F0911000F7D9FFC48C10FFDA01C9
:2070C00089FF18083C40911000F7D9FFCC7C14FFBF2F0D8053C121F0911000F7D9FFC48C61
:2070E00010FFDA0189FF18083C0B53C121F0911000F7D9FFC48C10FFDA0089FF18083C23E2
:2071000053C121F0911000F7D9FFC48C10FFDA0189FF18083C1853C121F0911000F7D9FF0F
:20712000C48C10FFDA0189FF18083C0D53C121F0911000F7D9FFC48C10FFDA0189FF1808AD
:207140003C023C011D00BA0353C121F0911000F7D9FFC48C10FF09FF02093BE06F00FE0744
:2071600053C121F0911000F7D9FFC48C10FF3B2070F089FF020953C121F0911000F7D9FF38
:20718000C48C10FFDA0489FF19083C2353C121F0911000F7D9FFC48C10FF09FF02093B3038
:2071A0007000FE0753C121F0911000F7D9FFC48C10FF3BF06FF089FF020953C121F0911083
:2071C00000F7D9FFC48C10FFDA0489FF19083C0153C121F0911000F7D9FFC48C10FF09F0D0
:2071E0005108DA105F0F5500DA115F0FD100DA145F0F8201DA195F0F8B01DA225F0F220106
:20720000DA285F0FD700DA2A5F0F3A01DA2E5F0F5501DA315F0F8801DA345F0FA301DA367C
:207220005F0FAC01DA375F0FB501DA3E5F0FE000DA505F0FBB01DA515F0F3702DA545F0FD6
:20724000E602DA595F0FEE02DA625F0F8802DA685F0F3D02DA6A5F0FA002DA6E5F0FBA02CC
:20726000DA715F0FEA02DA745F0F0403DA765F0F0C03DA775F0F1403DA7E5F0F4602DA8596
:207280005F0FC200DAC55F0F4C021D00140353C121F0911000F7D9FFC48C10FF09FF5208D9
:2072A0001E1B53C121F0911000F7D9FFC48C10FF09FF5208DE3A911000F7D9FFD07C53C157
:2072C00021F091100027D922C48C1022092F520834FF53C121F0911000F7D9FFC48C10FF9F
:2072E000DA0189FF18083C5153C121F0911000F7D9FFC48C10FF09FF52089E2653C121F03F
:20730000911000F7D9FFC48C10FF09FF52081E4C53C121F0911000F7D9FFC48C10FF09FFD6
:207320005208DF5F3380911000F7D9FFD07C14FFDF1F2100911000F7D9FFD07C14FF6E1ABD
:20734000911000F7D9FFD07C53C121F091100027D922C48C1022092F520834FF53C121F01D
:20736000911000F7D9FFC48C10FFDA0189FF18083C0B53C121F0911000F7D9FFC48C10FF80
:20738000DA0089FF18083C011D009602911000F7D9FFD07CDA0134FF53C121F0911000F7F2
:2073A000D9FFC48C10FFDA0189FF18081D008402911000F7D9FFD07C14FFBF2F0D8053C112
:2073C00021F0911000F7D9FFC48C10FFDA0189FF18083C0B53C121F0911000F7D9FFC48C1E
:2073E00010FFDA0089FF18081D00660253C121F0911000F7D9FFC48C10FFDA0189FF180800
:207400001D005A02911000F7D9FFD07C14FFBF2F0D8053C121F0911000F7D9FFC48C10FFB5
:20742000DA0189FF18083C0B53C121F0911000F7D9FFC48C10FFDA0089FF18081D003C02B1
:20744000911000F7D9FFD07C14FFBF2F0D8053C121F0911000F7D9FFC48C10FFDA0189FF8B
:2074600018083C0B53C121F0911000F7D9FFC48C10FFDA0089FF18081D001E02911000F75A
:20748000D9FFD07C14FFBF2F0D8053C121F0911000F7D9FFC48C10FFDA0189FF18083C0B7C
:2074A00053C121F0911000F7D9FFC48C10FFDA0089FF18081D000002911000F7D9FFD07C7B
:2074C00014FFBF2F0D8053C121F0911000F7D9FFC48C10FFDA0189FF18083C0B53C121F03B
:2074E000911000F7D9FFC48C10FFDA0089FF18081D00E20153C121F0911000F7D9FFC48C56
:2075000010FFDA0189FF18081D00D60153C121F0911000F7D9FFC48C10FFDA0189FF18086E
:207520001D00CA01911000F7D9FFD07C14FFBF2F0D8053C121F0911000F7D9FFC48C10FF25
:20754000DA0189FF18083C0B53C121F0911000F7D9FFC48C10FFDA0089FF18081D00AC0121
:2075600053C121F0911000F7D9FFC48C10FFDA0189FF18081D00A00153C121F0911000F719
:20758000D9FFC48C10FFDA0189FF18081D00940153C121F0911000F7D9FFC48C10FFDA01B0
:2075A00089FF18081D00880153C121F0911000F7D9FFC48C10FF09FF52081E1B53C121F0C9
:2075C000911000F7D9FFC48C10FF09FF5208DE3A911000F7D9FFD07C53C121F091100027B9
:2075E000D922C48C1022092F520834FF53C121F0911000F7D9FFC48C10FFDA0189FF1808D2
:207600003C5153C121F0911000F7D9FFC48C10FF09FF52089E2653C121F0911000F7D9FF2E
:20762000C48C10FF09FF52081E4C53C121F0911000F7D9FFC48C10FF09FF5208DF5F3380D8
:20764000911000F7D9FFD07C14FFDF1F2100911000F7D9FFD07C14FF6E1A911000F7D9FF75
:20766000D07C53C121F091100027D922C48C1022092F520834FF53C121F0911000F7D9FFFA
:20768000C48C10FFDA0189FF18083C0B53C121F0911000F7D9FFC48C10FFDA0089FF18084B
:2076A0003C011D00090153C121F0911000F7D9FFC48C10FFDA0189FF1808911000F7D9FF7F
:2076C000D07CDA0134FF1D00F700911000F7D9FFD07C14FFBF2F0D8053C121F0911000F735
:2076E000D9FFC48C10FFDA0189FF18083C0B53C121F0911000F7D9FFC48C10FFDA0089FF33
:2077000018081D00D90053C121F0911000F7D9FFC48C10FFDA0189FF18081D00CD00911051
:2077200000F7D9FFD07C14FFBF2F0D8053C121F0911000F7D9FFC48C10FFDA0189FF180829
:207740003C0B53C121F0911000F7D9FFC48C10FFDA0089FF18081D00AF00911000F7D9FF30
:20776000D07C14FFBF2F0D8053C121F0911000F7D9FFC48C10FFDA0189FF18083C0B53C15D
:2077800021F0911000F7D9FFC48C10FFDA0089FF18081D009100911000F7D9FFD07C14FF0A
:2077A000BF2F0D8053C121F0911000F7D9FFC48C10FFDA0189FF18083C0B53C121F09110CA
:2077C00000F7D9FFC48C10FFDA0089FF18083C73911000F7D9FFD07C14FFBF2F0D8053C1EC
:2077E00021F0911000F7D9FFC48C10FFDA0189FF18083C0B53C121F0911000F7D9FFC48CFA
:2078000010FFDA0089FF18083C5653C121F0911000F7D9FFC48C10FFDA0189FF18083C4B47
:2078200053C121F0911000F7D9FFC48C10FFDA0189FF18083C40911000F7D9FFD07C14FF86
:20784000BF2F0D8053C121F0911000F7D9FFC48C10FFDA0189FF18083C0B53C121F0911029
:2078600000F7D9FFC48C10FFDA0089FF18083C2353C121F0911000F7D9FFC48C10FFDA012A
:2078800089FF18083C1853C121F0911000F7D9FFC48C10FFDA0189FF18083C0D53C121F007
:2078A000911000F7D9FFC48C10FFDA0189FF18083C023C013C023C013C0B53C121F0911073
:2078C00000F7D9FFC48C10FFDA0089FF1808C21137016810911000F7D9FFF87C54FF3FF10E
:2078E0006DF391100047D9443CDD91100057D955C48C3B8057406D00365F91100047D9443B
:20790000C48C82043B8057506D005F5F911000F7D9FFA05D91100027D922F87C542F74FF6A
:20792000911000F7D9FFF87CDA0074FF0D000003911000F7D9FFEC7C91100027D922EC7C03
:20794000542FC21F74FF0090911000F7D9FF141F14F0DA2D3FF00A80911000F7D9FF141FB6
:2079600014F0DA377F0F0F80911000F7D9FF141FDA3234FF911000F7D9FF143FDA0134FF22
:207980003C01911000F7D9FF1C1F14F0DA1E3FF00A80911000F7D9FF1C1F14F0DA287F0F0B
:2079A0000F80911000F7D9FF1C1FDA1E34FF911000F7D9FF143FDA0134FF3C01911000F7BC
:2079C000D9FF181F14FFBFFF0A80911000F7D9FF181F14F0DA197F0F0F80911000F7D9FF12
:2079E000181FDA0F34FF911000F7D9FF143FDA0134FF3C01911000F7D9FF101F14FF6E09FD
:207A0000911000F7D9FF101F14F0DA0F7F0F0F80911000F7D9FF101FDA0A34FF911000F76F
:207A2000D9FF143FDA0134FF3C01911000F7D9FF0C1F14F0DA4B3FF00A80911000F7D9FFE3
:207A40000C1F14F0DA5A7F0F0F80911000F7D9FF0C1FDA5034FF911000F7D9FF143FDA0110
:207A600034FF3C01911000F7D9FF081F14F0DAFF3E0E911000F7D9FF081FDAFF34FF911092
:207A800000F7D9FF143FDA0134FF3C01911000F7D9FF143F14F23C010090911000F7D9FF73
:207AA000341F14FFBF3F0F80911000F7D9FF341FDA0134FF911000F7D9FF183FDA0134FF2D
:207AC0003C01911000F7D9FF381F14FFBF3F0F80911000F7D9FF381FDA0134FF911000F795
:207AE000D9FF183FDA0134FF3C01911000F7D9FF3C1F14FFBF3F0F80911000F7D9FF3C1FD6
:207B0000DA0134FF911000F7D9FF183FDA0134FF3C01911000F7D9FF183F14F23C010090AB
:207B2000911000F7D9FF141F91100027D922203F142F34FF91100027D9221C1F911000F774
:207B4000D9FF203F081F342F91100027D922181F911000F7D9FF203F082F342F9110002739
:207B6000D922101F911000F7D9FF203F083F342F91100027D9220C1F911000F7D9FF203FA5
:207B8000084F342F91100027D922081F911000F7D9FF203F085F342F911000F7D9FF041F15
:207BA0006DFFD4FE34F20090911000F7D9FF341F91100027D922283F142F34FF91100027A6
:207BC000D922381F911000F7D9FF283F081F342F91100027D9223C1F911000F7D9FF283FFD
:207BE000082F342F911000F7D9FF281F6DFF57FF34F20090911000F7D9FF002F9110004735
:207C0000D944303F91100057D955005F3B0005406D009C5DBA0234FF911000F7D9FF002FDF
:207C200014FF5E1E91100047D944303F91100057D955042F3B0005406D00955D3C07911025
:207C400000F7D9FF002FDA0234FF0090911000F7D9FF1C3F14FFEE4D6DFF64FF6DFFA6FF8E
:207C60006DFFCAFF911000F7D9FF041F14FF5E193BD0024082153B8001606DFFC3F03C084F
:207C80003BD0024082053B8001606DFFBBF0911000F7D9FF281F14FF5E193BC002408215C8
:207CA0003B7001606DFFAEF03C083BC0024082053B7001606DFFA6F0911000F7D9FF002FF9
:207CC00014FF5E193BE0024082153B9001606DFF99F03C083BE0024082053B9001606DFF45
:207CE00091F0911000F7D9FF1C3FDA0134FF3C0100906D00BD2902246D00BC287B00F00A1E
:207D0000DA409110F0FAD9FF909A9110F02AD922989A9110F04AD944A8AA9110F05AD95571
:207D2000A8AA74F0742FDA80744FDA50745F0D008004DA008200EE0B3C01914080FF484FC6
:207D400082110F011010261FEEF93C023C040D0080043C016D008C2902246D00FF2A00907A
:207D6000024302568B860000C2F0DA084BF0114282013C1DDA0803F10A03532120F07F6F02
:207D80000A80534F2020014200F66002542274F23C0192127F620B80C21F534F20F0104FC1
:207DA000C2406002542F74FF3C01C2113F41E4FF00900248404C02596D005A29022A8B8905
:207DC0000000C2F0DA084BF011C2820B3C7FDA0803FB0AE89100F0FAD9FF5455B70E18000E
:207DE0007B0000FA7E04DA5074FF3C0CB70E18007B00F0FA7E04DA5D74FF3C040D00800468
:207E00003C01DA008200EE0B3C01914080FF484F82110F011010261FEEF93C023C040D0032
:207E200080043C01532B20007F900780534020F010CF54F13C0282F19A107F9F0880C210B3
:207E4000534020F010CF54FF3C0282FF76E19100F0FAD9FF70750D00800474F1B04F0D00FD
:207E6000800474FF0D00800402A46D0003289110F0FAD9FF909A9110F02AD922989A911026
:207E8000F04AD944A8AA9110F05AD955A8AA74FEDA00742FDAA0744FDAAA745F0D008004BA
:207EA00002A46D005B2ADA008200EE0B3C01914080FF484F82110F011010261FEEF93C0284
:207EC0003C040D0080043C01C21B3FCB82FF0090DA207FF40880DA010F4F00F0894F186925
:207EE0003C08DA018B041E000F0F00F0894F1C690090FF9403803C09FFD40580C2A4062478
:207F00003C048B541F400644C2348FE41F203C0100900C462E570C462E4382223C02821214
:207F20003C0282023C010090094F7D681607FF5F0680C22F534F20203C04C2DF530F21201D
:207F40003C0100900B451088026ADA086DFFEEFF422FE2AF429842F860823C010090094FA8
:207F60007C681607FF5F0680C22F534F20203C04C2DF530F21203C0100900B451088026AA4
:207F8000DA086DFFEEFF422FE2AF429842F860823C010090094F7C68370F63F2FF5F068026
:207FA000C22F534F20203C04C2DF530F21203C0100900B451088026ADA086DFFEDFF422F9E
:207FC000E2AF429842F860823C010090534620F0425442F460423C010090094F4878160734
:207FE000FF5F0680C22F534F20203C04C2DF530F21203C0100900B451088026ADA086DFFD7
:20800000EEFF422FE2AF429842F860823C010090404C405F0258C82408CF3704685002F47D
:208020006D00C21EC82408C402856D00EF1E09CF401809F05008370F03F089CF001882127C
:208040003C010090404F0258C82408CF09F55008A64502F46D00A81EC82408C402856D0091
:20806000D51E82123C010090DA207FF40D80DA010F4F00F00940186926F0760382123C025E
:2080800082023C0EDA018B041E000F0F00F009401C6926F0760382123C0282023C010090FC
:2080A000405F494C080A6DFF26FF82003C0A534020F010F2534020F010C4544F742FC210ED
:2080C0003F20F7FF009020080B451088026A74A73B0020203B0010303B8000408215821604
:2080E0003B8000704B0961B18B030800C210821C3C404B0C41114B1851D04B0961114B1D12
:2081000051104B0131E1F6E23C364B0E41114B1D51D04B0961116B0131FD82014B1F01F0E4
:20812000AE064B0961F16B0F311D3C074B0961F16B0F31FD67FFBF1F7F4E03003C1C3FE001
:2081400018004B1B01F016068B0F20F26E1102C502E7021BDA143FEF0C00BBD0CCFC9BCFB7
:20816000DCF34BF101F0370F61F06E023C04C21C7FC2C17FF6559A127EC302250207F655AA
:208180007F4E0400821502474B0A61F17B00E8034B0F41807F3703000273023402393C1912
:2081A0009A193B007102E2F04B7001220BA280000B00C0014B0041114B180110370161F11A
:2081C0006E0402944B0041817FA203003C04C2F9FF39E87F5A4792F3DA807F3F04003B004F
:2081E0000830FF23030082233B0000249BC26124821A3C163B007102E2A04B70018254A0EC
:208200000B0880000B00C0014B0041114B120110370161F16E0402A64B004121C21A7FA3A5
:20822000EB7F094FDE48C2F537057000370F09F0894F9E48094F5F48C2F637066800370F54
:2082400087F0894F1F48094F5D48C2F437046800370F08F0894F1D48094F5C48C2F33703AC
:208260006800370F07F0894F1C480090094F1C4937046800370F87FC376F08F4375F07F035
:20828000377F09F8894F1C49009020080B451088026A74A73B0002203B0002303B800040FE
:2082A000821582163B8000704B0961B18B030100C210821C3C404B0C41114B1851D04B0902
:2082C00061114B1D51104B0131E1F6E23C364B0E41114B1D51D04B0961116B0131FD8201A4
:2082E0004B1F01F0AE064B0961F16B0F311D3C074B0961F16B0F31FD67FFBF1F7F4E03005C
:208300003C1C3FE018004B1B01F016068B0F20F26E1102C502E7021BDA143FEF0C00BBD0B0
:20832000CCFC9BCFDCF34BF101F0370F61F06E023C04C21C7FC2C17FF6559A127EC302250A
:208340000207F6557F4E0400821502474B0A61F17B00E8034B0F41807F370300027302348C
:2083600002393C199A193B007102E2F04B7001220BA280000B00C0014B0041114B18011052
:20838000370161F16E0402944B0041817FA203003C04C2F9FF39E87F5A4792F3DA107F3FB2
:2083A00004003B000130FF23030082233B0000249BC26124821A3C163B007102E2A04B7069
:2083C000018254A00B0880000B00C0014B0041114B120110370161F16E0402A64B0041216B
:2083E000C21A7FA3EB7F094F4E48C2F537056800370F05F0894F0E48094F4C48C2F6370682
:208400006800370F04F0894F0C48094F4D48C2F437046800370F05F0894F0D48094F4C48F4
:20842000C2F337036800370F04F2894F0C480090094F0C4937046800370F04F0376F05F4C4
:20844000375F04F237076800370F05F8894F0C490090DA003E46DA01BE41DA02BE4B3C256C
:20846000094F5948B70F01F0894F1948094F5948B70F81F0894F19483C18094F59489601C6
:20848000894F1948094F5948B70F81F0894F19483C0C094F59489601894F1948094F594830
:2084A0009602894F19483C010090DA003E46DA013E4DDA02BE433C190C46B70F81F22C462B
:2084C0000C46B70F01F22C463C100C4696202C460C46B70F01F22C463C080C4696202C461E
:2084E0000C4696102C463C010090FF840A804C45534420000F051050A65F6C453C0D094034
:208500001809DA084BF40122534320F00FF51050A650894018090090405F494C080A6DFFCA
:20852000EAFC82003C0A534020F010C2534020F010F4544F742FC2103F20F7FF0090404FE5
:208540006D008225022802846D006C249110003030F3D9330008143FB70F01F09110003077
:2085600030F3D9330008343F3C019110003030F3D9330008143F370FE1F0BA0F3C016EF638
:2085800002846D00C426009082F282003C17538020F0910003F8D9FFD03110FFD4FF7D4F2F
:2085A0000D80538020F0910003F8D9FFD03110FF481F370F48203C04C210BF20EAFF3C01AB
:2085C00000906D00BE1C3C0100902008024F6DFFDDFF910003F8D9FF043009F2C00989A2AF
:2085E000C009534F2000534220F010AFD4FF01F000263C010090911000303043D93330084D
:208600005430DA0137F0810FDA0137F0010F911000303043D93330087430DA003E48DA01CB
:208620003E49DA023E4ADA033E4B3C0D375002003C0A375002013C07375002023C043750B2
:2086400002033C01911000303043D93330087430DA0037F0810FDA0037F0010F9110003039
:208660003043D9333008743000902010910003F8D9FF0C3049FF000A49A2000AA03544FFE0
:20868000642FFC5E49AF000A4942000AA03444FF642FFC4E0090D45FF44FD44F9110003068
:2086A00030F3D9330008143F370FE1F0BA0F3C011E14D4446DFF45FF0090910003F8D9FF25
:2086C0001C30D4FFF44FF4450090405FD4F2F442820809FF04083B004000E20F10259110F4
:2086E00000303053D93C00483C01894C840949F5001A49440C0AA046445F644FFC6E09FF22
:208700000408370F6840085540246DFF76FF09CF58481601DE1709CF5848B70F81F089CF32
:2087200018483C0109CF58486F1FFEFF09CF5848B70F01F089CF18483C0109CF58486F0F7F
:20874000FEFF09CF5848960189CF18483C0109CF58481601DF1FFDFF09CF18498210370F7E
:2087600001F08210370F81F089CF18496DFF2BFF022909FF55386E0B482509F6CC0809F7F7
:20878000CE0840C402946DFFA0FC3C0C09F4CE0809F5530809F6520809F7D00840C46DFF4C
:2087A00067FD087F6E2909FF55386E0B485509F6D80809F7DA0840C402946DFF68FD3C0C18
:2087C00009F4DA0809F55F0809F65E0809F7DC0840C46DFF2FFE09FF60086E0E09F0600822
:2087E00009CF4E48968089CF0E4809CF4958370F07F089CF0958086F1E18086F1E26086FF9
:208800001E34086FDF4FAD8009FF670809C0487837F003F089CF087809FFD01809C0C07851
:2088200086EF37F00EF189CF807809FF64081E2809FF64081E3509FF6408DF4F488009FF5A
:20884000650809C0427837F006F089CF027809FF64081E3509FF6408DF4F248009FF6408B8
:208860005E3BDA006E025E1809C0437837F001F389CF03783C0109FF64085E4BDA016E0288
:208880005E1809C0437837F001F389CF03783C0109FF660809C0437837F006F089CF0378C9
:2088A000DA003C0C370F681082100F10000009C12079A60189C12079C21F09F0650809F1F9
:2088C000660842103F0FF0FF3C2D09FF64086E0509FF6408DF1F278009FF64086E025E18D8
:2088E00009C0437837F001F389CF03783C0109FF660809C0437837F006F089CF0378DA0005
:208900003C0C370F681082100F10000009C12079A60189C12079C21F09F066083F0FF3FF2B
:208920003C0109FF68086E1809F06808DA203F0F148009FFCE1809C0F07886EF37F00EF1FD
:2089400089CFB07809FF680809C0727837F006F089CF32783C01087440C46DFF7CFD086F34
:208960006E06086F1E24086FDF4FD98009FF74086E0A09FF74081E3709FF74081E4409FF09
:208980007408DE5209FF750809C07D6837F003F089CF3D6809FFCC1809C0EC6886EF37F03C
:2089A0000EF189CFAC6809FF74081E1809FF74081E3509FF7408DF5F2B8009FF760809C0FF
:2089C0007C6837F003F089CF3C6809FFC81809C0E06886EF37F00EF189CFA06809FF7C081D
:2089E00009C0626837F007F089CF226809FF780809C0636837F081F389CF236809FF7A08C0
:208A000009C0636837F007F089CF236809FF74081E2809FF74081E4509FF7408DF5F2B80A3
:208A200009FF770809C07C6837F003F289CF3C6809FFCA1809C0F06886EF37F00EF189CFEC
:208A4000B06809FF7D0809C0726837F007F089CF326809FF790809C0736837F081F389CF9E
:208A6000336809FF7B0809C0736837F007F089CF3368087440C46DFFEEFC09FF6C086E0556
:208A800009FF6C08DF2F238009FFC41809C0C46886EF37F00EF189CF846809FF6D0809C0AB
:208AA000466837F008F089CF066809FF710809C0406837F002F289CF006809FF6F085E1663
:208AC00009CF4068960289CF006809FF6C081E1509FF6C08DF2F238009FFC61809C0C86803
:208AE00086EF37F00EF189CF886809FF6E0809C04A6837F007F089CF0A6809FF720809C067
:208B0000406837F002F189CF006809FF70085E1609CF4068960189CF006809FF10396E2722
:208B200009F29039542F6E0F09F29039D42409F290390924440809F2903909254D086DFFC5
:208B400083FAA62809F290394C226E1109F290390925880909F2903909240C0809F29039CD
:208B600009254D0840C46DFF55FAA62809FF54386E0609CF4118960189CF011809FFF21892
:208B8000EE0509FF7418DF1F2180820409F5701840C46DFFACFCD4F409F470186DFF17FDBE
:208BA00009F0741809FFF2181421370F68F037F108F0342F0C21370F83F12C210C239602CD
:208BC0002C230C2196042C2109FFF818EE0509FF7A18DF1F2180821409F5761840C46DFF5C
:208BE00086FCD4F409F476186DFFF1FC09F07A1809FFF8181421370F68F037F108F0342F4E
:208C00000C21370F83F12C210C2396022C230C2196042C2109FFFE18EE0509FF4028DF1F77
:208C20002180822409F57C1840C46DFF60FCD4F409F47C186DFFCBFC09F0402809FFFE1884
:208C40001421370F68F037F108F0342F0C21370F83F12C210C2396022C230C2196042C2160
:208C600009FFC428EE0509FF4628DF1F2180823409F5422840C46DFF3AFCD4F409F4422805
:208C80006DFFA5FC09F0462809FFC4281421370F68F037F108F0342F0C21370F83F12C21E2
:208CA0000C2396022C230C2196042C2109FFCA28EE0509FF4C28DF1F2180824409F548284E
:208CC00040C46DFF14FCD4F409F448286DFF7FFC09F04C2809FFCA281421370F68F037F196
:208CE00008F0342F0C21370F83F12C210C2396022C230C2196042C2109FFD028EE0509FFC0
:208D00005228DF1F2180825409F54E2840C46DFFEEFBD4F409F44E286DFF59FC09F0522828
:208D200009FFD0281421370F68F037F108F0342F0C21370F83F12C210C2396022C230C2166
:208D400096042C2109FFD628EE0509FF5828DF1F2180826409F5542840C46DFFC8FBD4F4B1
:208D600009F454286DFF33FC09F0582809FFD6281421370F68F037F108F0342F0C21370F97
:208D800083F12C210C2396022C230C2196042C2109FFDC28EE0509FF5E28DF1F21808274C6
:208DA00009F55A2840C46DFFA2FBD4F409F45A286DFF0DFC09F05E2809FFDC281421370F64
:208DC00068F037F108F0342F0C21370F83F12C210C2396022C230C2196042C2109FFE22848
:208DE000EE0509FF6428DF1F22803B80004009F5602840C46DFF7BFBD4F409F460286DFF2C
:208E0000E6FB09F0642809FFE2281421370F68F037F108F0342F0C21370F83F12C210C2321
:208E200096022C230C2196042C2109FFE828EE0509FF6A28DF1F22803B90004009F566285B
:208E400040C46DFF54FBD4F409F466286DFFBFFB09F06A2809FFE8281421370F68F037F13C
:208E600008F0342F0C21370F83F12C210C2396022C230C2196042C2109FFEE28EE0509FF20
:208E80007028DF1F22803BA0004009F56C2840C46DFF2DFBD4F409F46C286DFF98FB09F004
:208EA000702809FFEE281421370F68F037F108F0342F0C21370F83F12C210C2396022C235C
:208EC0000C2196042C2109FFF428EE0509FF6A28DF1F22803BB0004009F5722840C46DFFFA
:208EE00006FBD4F409F472286DFF71FB09F0762809FFF4281421370F68F037F108F0342F29
:208F00000C21370F83F12C210C2396022C230C2196042C2109FFFA28EE0509FF7C28DF1F2C
:208F200022803BC0004009F5782840C46DFFDFFAD4F409F478286DFF4AFB09F07C2809FFB2
:208F4000FA281421370F68F037F108F0342F0C21370F83F12C210C2396022C230C21960488
:208F60002C2109FFC038EE0509FF4238DF1F22803BD0004009F57E2840C46DFFB8FAD4F4B6
:208F800009F47E286DFF23FB09F0423809FFC0381421370F68F037F108F0342F0C21370F68
:208FA00083F12C210C2396022C230C2196042C2109FFC638EE0509FF4838DF1F22803BE08A
:208FC000004009F5443840C46DFF91FAD4F409F444386DFFFCFA09F0483809FFC638142185
:208FE000370F68F037F108F0342F0C21370F83F12C210C2396022C230C2196042C2109FFEA
:20900000CC38EE0509FF4E38DF1F22803BF0004009F54A3840C46DFF6AFAD4F409F44A3825
:209020006DFFD5FA09F04E3809FFCC381421370F68F037F108F0342F0C21370F83F12C21E0
:209040000C2396022C230C2196042C2109FF54186E0A8200DA010F0F00F009C01459A6F0C3
:2090600089C0145909FF55186E0A8210DA010F0F00F009C01459A6F089C0145909FF5618DA
:209080006E0A8220DA010F0F00F009C01459A6F089C0145909FF57186E0A8230DA010F0FB1
:2090A00000F009C01459A6F089C0145909FF58186E0A8240DA010F0F00F009C01459A6F0D7
:2090C00089C0145909FF59186E0A8250DA010F0F00F009C01459A6F089C0145909FF5A1832
:2090E0006E0A8260DA010F0F00F009C01459A6F089C0145909FF5B186E0A8270DA010F0FCD
:2091000000F009C01459A6F089C0145909FF5C186E0ADA0882100FF0000009CF1459A60F7C
:2091200089CF145909FF5D186E0ADA0982100FF0000009CF1459A60F89CF145909FF5E18C4
:209140006E0ADA0A82100FF0000009CF1459A60F89CF145909FF5F186E0ADA0B82100FF0F6
:20916000000009CF1459A60F89CF145909FF60186E0ADA0C82100FF0000009CF1459A60FC7
:2091800089CF145909FF61186E0ADA0D82100FF0000009CF1459A60F89CF145909FF621858
:2091A0006E0ADA0E82100FF0000009CF1459A60F89CF145909FF63186E0ADA0F82100FF08A
:2091C000000009CF1459A60F89CF145909FF64186E0ADA1082100FF0000009CF1459A60F5F
:2091E00089CF145909FF65186E0ADA1182100FF0000009CF1459A60F89CF145909FF6618EC
:209200006E0ADA1282100FF0000009CF1459A60F89CF145909FF67186E0ADA1382100FF01D
:20922000000009CF1459A60F89CF145909FF68186E0ADA1682100FF0000009CF1459A60FF4
:2092400089CF145909FF69186E0ADA1782100FF0000009CF1459A60F89CF145909FF6A187D
:209260006E0ADA1882100FF0000009CF1459A60F89CF145909FF6B186E0ADA1982100FF0AD
:20928000000009CF1459A60F89CF145909FF6C186E0ADA1A82100FF0000009CF1459A60F8C
:2092A00089CF145909FF6D186E0ADA1B82100FF0000009CF1459A60F89CF145909FF6E1811
:2092C0006E0ADA1C82100FF0000009CF1459A60F89CF145909CF5848B70F81F089CF184869
:2092E0003C0109CF58486F1FFEFF09CF5848B70F01F089CF18483C0109CF58486F0FFEFF17
:2093000002823C01009020D8910003F8D9FF90F149FF000A49A2000AC506350044FF642F02
:20932000FC6E545F781049AF000A4942000AC506350044FF642FFC6ED45FF44F0090404F1C
:20934000405C406D0CCDEE030CCE6E210CCD6E10C812092F65688FFF03813C01C8144834B4
:2093600009F5D40802866DFF0AF6402E3C0FC812092F75688FFF03813C01C814483409F5D2
:20938000D60802866DFF17F6402E3C0A14C8C814483409F5D80802866DFFD6F5402E0CE30C
:2093A000370F61F36E03DA003C02DA1254E037007D00325F0FF010003C0189C002090CE396
:2093C000370F61F32CC70CE6160F3C012CC940E46DFFA1F589C20A0834C809C4490840E4F6
:2093E00040D56DFF5FF60CCD6E09C812092F6868378F06F0892F28683C0A0CCE6E08C812F1
:20940000092F7868378F06F0892F3868C81402846DFF60F50090404C405D406E82080CDC24
:20942000EE0314D93C0809C28409092F46788FFF01913C01CCC182100F90000009F10C7922
:2094400026017613DA013C02DA003C013C015E143B0002803C5F09C4840909C40C0909C51B
:20946000DC0802966DFFC9F5402F09D002090CD71E1382013C02821108323712011328319B
:209480006E03DA003C02DA1254F10FF0000037011DF074FF0CDB5E1EDA016E0382103C02DC
:2094A0008200086F370F81F32CF6087F379F08F02CF70CD66E0382103C028200083F370F2D
:2094C00081F22CF30CDA1E130CDA5E2A0CD86E0382103C028200083F370F81F32CF309D0D5
:2094E0004908086F370F04F02CF609D4490840F440E56DFF13F809D44A0840F46DFFD7F7AD
:20950000CCC1DA010F9F00F009F01079A6F089F0107902823C010090404C405F09C40C09CD
:2095200009C5D00814F66DFF53F509C48409094F58481601DE17094F5848B70F81F0894F62
:2095400018483C01094F58486F1FFEFF094F5848B70F01F0894F18483C01094F58486F0F51
:20956000FEFF094F58489601894F18483C01094F58481601DF1FFDFF094F18498210370F50
:2095800001F08210370F81F0894F1849081F1E7A482F0920C008370F70F037F00BF0B42F86
:2095A0003C0708CF0920C00837F00BF0B42F481F0920C208370F70F037F00BF0AC21081F85
:2095C0000920430837F083F12C23082F0920430837F002F32C23CCC109FF5848B70F81F0AB
:2095E00089FF18483C0109FF58486F1FFEFF09FF5848B70F01F089FF18483C0109FF5848E7
:209600006F0FFEFF0090823282003C17538020F0910003F8D9FFE43110FFD4FF7D4F0D801F
:20962000538020F0910003F8D9FFE43110FF481F370F68203C04C210BF30EAFF3C010090D3
:20964000913000FFD9FF28A654F037006E018FF083113C01913000FF19F028A66F10120042
:209660008F2120F09601913000FF19F028A6370070088F002100A6F0913000FF59F028A630
:209680008F2120F09602913000FF19F028A6370070088F002100A6F0913000FF59F028A60F
:2096A0003C01913000FF19FF28A61601DF1FFB7FDA003E48DA015F4F2900DA025F4F490053
:2096C0003C6A913000FF39FF0C36B71F02F0913000FFE9FF0C363C01913000FF39FF243669
:2096E0006F1FFCFF913000FF39FF1036B71F02F0913000FFE9FF10363C01913000FF39FFB8
:2097000024366F2FFCFF3C48913000FF39FF0836B71F02F0913000FFE9FF08363C019130F0
:2097200000FF39FF24366F0FFCFF913000FF39FF1036B71F02F0913000FFE9FF10363C01EE
:20974000913000FF39FF24366F2FFCFF3C25913000FF39FF0836B71F02F0913000FFE9FF17
:2097600008363C01913000FF39FF24366F0FFCFF913000FF39FF0C36B71F02F0913000FFE1
:20978000E9FF0C363C01913000FF39FF24366F1FFCFF3C023C01913000FF19FF28A66F1FD8
:2097A00012008F2120F09601913000FF19F028A6370070088F002100A60F913000FF59FF7D
:2097C00028A686218F3140F1913000FF19F028A6370070088F002100A60F913000FF59FF60
:2097E00028A63C01913000FF19FF28A66F0FFC7F0090024F6DFF09FF0B2F10486D00FC115E
:209800003C0100902008910003F8D9FFE03149FF000A49A2000AA02404FF242FFC4E01A48E
:2098200000F614F23C010090200840BF3C0180F2370368F4B75F08F037F30834370468F0EC
:2098400037F308304DC0E1FF16073C013703680837F003F037F308383C0189A2400909A0D7
:20986000400900A00D00400200800090200840BF3C0180F2370368F4B74F08F037F30834D0
:20988000370468F037F308304DC0E1FF16073C013703680837F003F037F308383C0189A2F6
:2098A000400909A440096D008E2900A00D00400200800090200840BF3C0180F2370368F4DA
:2098C000B73F08F037F30834370468F037F308304DC0E1FF16073C013703680837F003F034
:2098E00037F308383C0189A2400909A440096D007E2800A00D00400200800090200840BF1E
:209900003C0180F2370368F4B72F08F037F30834370468F037F308304DC0E1FF16073C0182
:209920003703680837F003F037F308383C0189A2400909A440096D00532800A00D0040027B
:2099400000800090200840BF3C0180F2370368F4B71F08F037F30834370468F037F3083062
:209960004DC0E1FF16073C013703680837F003F037F308383C0189A2400909A440096D005E
:20998000282800A00D00400200800090200840BF3C0180F2370368F4B70F08F037F30834E8
:2099A000370468F037F308304DC0E1FF16073C013703680837F003F037F308383C0189A2D5
:2099C000400909A0400900A00D00400200800090200840BF3C0180F2370368F4B77F08F0B3
:2099E00037F30834370468F037F308304DC0E1FF16073C013703680837F003F037F3083897
:209A00003C0189A2400909A440096D00E3280D00400200800090200840BF3C0180F23703B8
:209A200068F4B76F08F037F30834370468F037F308304DC0E1FF16073C013703680837F039
:209A400003F037F308383C0189A240090CA48FFF0F416D007F4F0D004002008000902008A8
:209A600040BF3C0180F2370368F4B76F08F037F30834370468F037F308304DC0E1FF16071F
:209A80003C013703680837F003F037F308383C0189A240090CA48FFF0F416D0048520D0008
:209AA000400200800090200840BF3C0180F2370368F4B76F08F037F30834370468F037F3A7
:209AC00008304DC0E1FF16073C013703680837F003F037F308383C0189A240090CA48FFFEA
:209AE0000F416D008C550D00400200800090DA000950DA08370F0EF009505C08370F03F812
:209B000009505D08370F81F909505E08370F01FA09505F08370F83FA09506108370F01FE3D
:209B200009506008370F03FC6C458201095064083701031009506508370181110950660884
:209B40003701041409506B083701011A095067083701031209506808370181130950690822
:209B60003701041609506C083701811A09506A083701041809506D083701011B09506E08E3
:209B80003701011C09506F083701811C095F70086E0382203C028200095F71086E03DA01EB
:209BA0003C02DA00A6F03701021D095F720837F1041E89411009095F0408534F20F0D45F38
:209BC000D4FF10FF19F0C081095F730837F00102095F0408534F20F0D45FD4FF10FF59F0C8
:209BE000C081095F06096C42095F0A096C43095F16096C41095F1209744F095F6A086E0A09
:209C0000095F6A081E17095F6A081E24095F0E096C460090F4450090404F405CD4C2D42DCD
:209C2000F4FD09CF04082CF409CF0408530F22F010D2D9220002E822C82440C56DFF59FF39
:209C4000820009CF63086E05DA0137F001083C04DA0137F0810809FF0408534F20F010D24E
:209C60005920C08109CFF4086E22D4F209FF0408BC21534F20F060FF9140003F30F3D93FB3
:209C800030D83C0109C0760809CFF40814F1370F68F037F108F034FF081F370F83F12CF170
:209CA000083F96022CF3081F96042CF100902038910003F8D9FFFC3149FF000A49A2000A08
:209CC000A0D644FF642FFC6E49AF000A4942000AA0D644FF642FFC6EF4450090BB3033F9A1
:209CE0009B8F38F46B0F21F43B608F029B000F044B0F41F04B0F3121CE2382023C073BF08B
:209D0000FFF07F2F04003BF0FF203C0100904B0461F13B608F029B000F044B0F51F0BB308A
:209D200033099B8038046B00312F3C010090404C9150022FB92F0878B70F0CF09150022F1E
:209D4000F92F08789150022FB92F0A783BF0FF00370F0CF0915002FFF9FF0A7809C402093F
:209D60006DFFBEFF915002FFB9FF0878372F0CF0915002FFF9FF087809C406096DFFB0FFED
:209D8000915002FFB9FF0A78372F0CF0915002FFF9FF0A7809CFCA086E1A914000FFD9FF0F
:209DA000AC283C0109C04C0809CFCA0814F1370F68F037F108F034FF081F370F83F12CF1D7
:209DC000083F96022CF3081F96042CF10090DA00344F7B0022FC894F02097BA032F4894F25
:209DE0000609DA002C4CDA00AC450090DA003E56DA013E58DA023E5A3C0DA66489441049DB
:209E00003C09A664894430493C05A664894410593C010090404F02496D002A190228028425
:209E20006D002818DA207FF90B8009F0082982110F911010A61089F008293C19DA407FF9B4
:209E40000D8009F00C2982118FF901F10FF11010A61089F00C293C0B09F0102982118FF922
:209E600003F10FF11010A61089F0102902846D00751A0090DA003E46DA013E4BDA02BE40B8
:209E80003C16094F4448B70F01F1894F04483C0F094F6448B70F01F1894F24483C08094FC9
:209EA0004458B70F01F1894F04583C010090404F02496D00DD18022802846D00DB17DA2008
:209EC0007FF90D8009F0082982110F91101082FFC6F1261089F008293C1DDA407FF90F806E
:209EE00009F00C2982118FF901F10FF1101082FFC6F1261089F00C293C0D09F010298211DD
:209F00008FF903F10FF1101082FFC6F1261089F0102902846D00221A0090DA003E46DA018D
:209F20003E4ADA023E4E3C13094F44489604894F04483C0D094F64489604894F24483C07D2
:209F4000094F44589604894F04583C010090404F024F405C82146D0006113C014B027141A0
:209F60008F2400004BF011029A2006EFC2FF8BFF21F392104B0411223B00D0029B101300E3
:209F80007F200980C21F8BFF21F392104B0411223C013B90D00306503F0208803B00D002EF
:209FA0009B1013007F20048082023C0A370F68F0BCF109C0CA2837F005F289CF8A283C018B
:209FC0000090DF043B00094F04298B8701000F041040A64F894F0429094F0429823053470D
:209FE00020100F10000082F1C610260F894F0429094F0429534720000F051050A65F894FFF
:20A000000429766D094F0429821053472010C2310F100000A60F894F04293C0E094F0429B4
:20A02000821053472010C2310F10000082F1C610260F894F04293C0D094F042982108B87BD
:20A0400001100F10000082F1C610260F894F04290090DA003E67DA01BE65DA025F6F230073
:20A060003C31094F00498210370F81FB374F04F8894F0049094F4448375F02F0894F04484B
:20A080003C21094F20498210370F81FB374F04F8894F2049094F6448375F02F0894F2448BB
:20A0A0003C11094F00598210370F81FB374F04F8894F0059094F4458375F02F0894F0458EB
:20A0C0003C010090DA003E66DA01BE60DA02BE6A3C25094F00498210370F81F7374F82F6E8
:20A0E000375F04F4894F00493C19094F20498210370F81F7374F82F6375F04F4894F20497E
:20A100003C0D094F00598210370F81F7374F82F6375F04F4894F00593C010090404F3B00A1
:20A12000054040F46DFFC5FE09FF4328968089FF03283B00054040F46DFF6EFE82008201AA
:20A140003C13BF4104809A413C02021F3B004020E22F10F2392F4320370F61F23C016E0332
:20A1600082103C01C211DA083FF1ED7FDF10E87F0090404C405F8208C852D42D3C01C852B2
:20A18000092E84093C01C85289C2840909C284090929480809FA0C0840D402946DFF89FE3E
:20A1A00008E0534A20F010E2534A20F010E43941018037018101E920018008F0534A20F093
:20A1C00010E2534A20F010E4394F0280370F04F0E92F028009F05008534A20F010E2534A81
:20A1E00020F010E4394F0080370F02F2E92F008009F05108534A20F010E2534A20F010E4EF
:20A20000394F0080370F02F3E92F00800810534A20F010E2534A20F010E4394F0180370FBC
:20A2200001F1E92F018008D0534A20F010E2534A20F010E4394F0080370F02F0E92F0080A3
:20A2400009F05308534A20F010E2534A20F010E4394F0180370F02F0E92F01800820534ACB
:20A2600020F010E2534A20F010E4394F0280370F81F2E92F028009F05208534A20F010E2EC
:20A28000534A20F010E4394F0180370F04F2E92F018009FFC608EE04089FDF1F768002904A
:20A2A00008B1BFC90580DA147FF90280BF890780FFC905808BC91F003C0FBFC90880DA1418
:20A2C0007FF905808BC91F003C07DA143E93DA157E938B891F0086204201534120F09100BB
:20A2E0000027D92220001022D4223C0109F00C08DA087FF0190008B009E12069DA0F534A8F
:20A3000020200F2F00F082F2C62F26F189E1206909EF2069534A20100F101000A60F89EFB2
:20A3200020693C1708B009E12469DA0F534A20200F2F00F082F2C62F26F189E1246909EFAF
:20A340002469534A20100F101000A60F89EF246909F00C08DA010F0F10F089EF106908902B
:20A3600009FFC6081421370F68F037F108F0342F0C21370F83F12C210C2396022C230C213A
:20A3800096042C213C0109FFC408EE04088FDF1F8280029008A1BFC90580DA147FF902800C
:20A3A000BF890780FFC905808BC91F003C0FBFC90880DA147FF905808BC91F003C07DA1424
:20A3C0003E93DA157E938B891F0086204201534120F091000027D92220001022D4223C01B4
:20A3E00008F0534020F010E4534020F010E5395F03A09680E94F03A008FFFF8F1A8008A033
:20A4000008F109E23069DA0F534120300F3F00F082F3C63F26F289E2306909EF30695341F9
:20A4200020100F101000A60F89EF30693C1B08A008F109E234693BF000309A81534F20F04F
:20A440000FF3003082FFC6F3263289E2346909EF3469C281534120100F101000A60F89EF38
:20A460003469BBF0FFFF89EF1469088009FFC4081421370F68F037F108F0342F0C21370F7C
:20A4800083F12C210C2396022C230C2196042C213C0140D402946DFFBFFC08FF2CC109FFC7
:20A4A0000C0834CF02823C010090910003F8D9FFC47149FF000A4942000AA06644FF642FD8
:20A4C000FC6E894594090090404F405C8208D4C2D42D0CC43B004000E20F10D2D92E400066
:20A4E000E81ED4C2D422F4F209C9440828898B0901003700684040D46DFFDBFC3B004000CF
:20A50000E29001D00026D922400009C04B187691BF490780BF890C80DA0C7FF90900092170
:20A520004B28370181F0892F0B283C013B0040F0E29F10D2D922400009C04C187691BF4992
:20A540000780BF890C80DA0C7FF90900092F4A28370F81F1892F0A283C013B0040F0E29FC4
:20A5600010D2D922400009C04D187691BF490780BF890C80DA0C7FF90900092F4A28370FCF
:20A5800003F0892F0A283C013B0040F0E29F10D2D922400009C049187691BF490780BF8990
:20A5A0000C80DA0C7FF90900092F4828370F01F3892F08283C013B0040F0E29F10D2D922D8
:20A5C000400009C04E187691BF490780BF890C80DA0C7FF90900092F4828370F02F2892FA1
:20A5E00008283C013B0040F0E29F10D2D922400009C04F187691BF490780BF890C80DA0C65
:20A600007FF90900092F4828370F81F1892F08283C013B0040F0E29F10D2D922400009CF53
:20A62000D41809C0D6180921382937F10C1037010C188921382909CF50186E163B0040F012
:20A64000E29F10D2D92240007691BF490780BF890B80DA0C7FF90800092F48289604892F93
:20A6600008283C013C163B0040F0E29F10D2D92240007691BF490780BF890C80DA0C7FF94A
:20A680000900092F4828B70F01F1892F08283C0109CF51186E163B0040F0E29F10D2D9229E
:20A6A00040007691BF490780BF890B80DA0C7FF90800092F48289602892F08283C013C16D4
:20A6C0003B0040F0E29F10D2D92240007691BF490780BF890C80DA0C7FF90900092F4828F8
:20A6E000B70F81F0892F08283C013B0040F0E29F10D2D922400009C052187691BF4907802C
:20A70000BF890C80DA0C7FF90900092F4828370F01F0892F08283C013B0040F0E29F10D22C
:20A72000D922400009CF53180920402837F002F0892F00283BC039A59B9A64A382046D0009
:20A74000120D9130002F392F3006160F4B0F41F14BF251F03C014BAF41F04B0F71F185F183
:20A7600010013C0185F01001A2103FF0FDFF8B0901F0370F684040D46DFF4EFB09CF0419F7
:20A780004B0F7141C81540D46DFFE3FBF62482121D003702C81F82146D00E50C3C0109FF4E
:20A7A000CA28370F65F2C21F4B0F61F14BF251A03C0109CF48185E1440D46DFFB1FC8B09A7
:20A7C00001F0370F684040D46DFF73FB09CF41185E1B821409C56E0809C66F08820740E435
:20A7E0006DFFF1FB3C08820482058206820740E46DFFE9FB09CF42185E1B821409C576089E
:20A8000009C67708821740E46DFFDDFB3C08820482058206821740E46DFFD5FB09CF4318E4
:20A820005E1B821409C57E0809C67F08822740E46DFFC9FB3C08820482058206822740E4BC
:20A840006DFFC1FB0CC5BE9C0CC553C92000910003F8D9FFF44101F000F610FF14F03C01C8
:20A8600009EF4038370F02F089EF003809E10039DA080F0F00F0A6F189E100393C01DA001C
:20A8800009E0402837F002F089EF00283BC039B59B9B64B382046D00660C913000FF39FF1B
:20A8A0003006160F4B0F41F14BF251F03C014BBF41F04B0F71F185F110013C0185F01001B5
:20A8C000A2103FF0FDFF09CF4118DF1F548049CF280A09CF6D086E1A820440E46DFF1FFB49
:20A8E00009C46D0809C56B08820640E46DFFECFB09C06B08DA0F7E0909C46A0882158206CC
:20A9000040E46DFFA8FB3C013C05820440E46DFFB3FA09C06B08DA0F3E0A09C46A0809C549
:20A920006C08820640E46DFF96FB3C0114FF6E0382103C028200DA0082013E1682113E1B4A
:20A940008221BE103C1609EF4548370F01F189EF05483C0F09EF6548370F01F189EF2548A5
:20A960003C0809EF4558370F01F189EF05583C013C0109CF4218DF1F548049CF300A09CF49
:20A9800075086E1A821440E46DFFC9FA09C4750809C57308821640E46DFF96FB09C0730839
:20A9A000DA0F7E0909C472088215821640E46DFF52FB3C013C05821440E46DFF5DFA09C010
:20A9C0007308DA0F3E0A09C4720809C57408821640E46DFF40FB3C0114FF6E0382103C0246
:20A9E0008200DA0182013E1682113E1B8221BE103C1609EF4548370F01F189EF05483C0FA7
:20AA000009EF6548370F01F189EF25483C0809EF4558370F01F189EF05583C013C0109CF3C
:20AA20004318DF1F548049CF380A09CF7D086E1A822440E46DFF73FA09C47D0809C57B0864
:20AA4000822640E46DFF40FB09C07B08DA0F7E0909C47A088215822640E46DFFFCFA3C0176
:20AA60003C05822440E46DFF07FA09C07B08DA0F3E0A09C47A0809C57C08822640E46DFF08
:20AA8000EAFA3C0114FF6E0382103C028200DA0282013E1682113E1B8221BE103C1609EF65
:20AAA0004548370F01F189EF05483C0F09EF6548370F01F189EF25483C0809EF4558370FE0
:20AAC00001F189EF05583C013C0109CF531809E0402837F002F089EF002809CF53186E0433
:20AAE00009CF5318DE1F3BC039B59B9B64B382046D00390B913000FF39FF3006160F4B0FFC
:20AB000041F14BF251F03C014BBF41F04B0F71F185F110013C0185F01001A2103FF0FDFF2A
:20AB20003C1EBB50F9BB9B6B45B382046D001B0B913000FF39FF3006160F4B0F41F14BF2C9
:20AB400051F03C014BBF41F04B0F71F185F110013C0185F01001A2103FF0FDFF09C049182F
:20AB60007691BF490780BF890C80DA0C7FF9090009EF4828370F01F389EF08283C018201FA
:20AB80003C34530121F010CF08C0534120F010EF534120F010E2092F6128370F02F089FF7F
:20ABA0002128530121F010CF482F4BAF41F04B0F7101C2E0DA1F7F0F0780DA104BF0112292
:20ABC0008BF200008BF02F033C01534120F010EF534120F010E2092F602837006800370F30
:20ABE00005F089FF2028C211BF21CDFF8B0901F0370F684040D46DFF0FF902823C010090C5
:20AC0000910003F8D9FFE07149FF000A4942000AC506150044FF642FFC6EDA002C44F445F5
:20AC20000C442C45DA00894F0918DA00894F0B18DA00894F0C18DA00894F0D18DA01894F4B
:20AC40000E18DA00894F0F18DA00894F1018DA00894F1118DA00894F1218DA03894F131884
:20AC6000DA00894F0A180090405C8208D4CDF44D6D00EA11022F02F46D00D410820074D0C2
:20AC800002F46D00441382003C12530021F010CF0881534020F010DF534020F010D2092F0F
:20ACA0006128371F02F089FF2128C210BF20EFFF40D440C56D00270009CFE80809C0EA0823
:20ACC00009D1382937F10C1037010C1889D1382902823C010090F445DA002C48DA00894F54
:20ACE0001808DA00894F2608DA00894F2408DA00894F2508DA00894FA808DA00894FAA08D1
:20AD00000090094F00298210370F81F709506408370F01F609506508370F82F60950660885
:20AD2000370F81FF894F00290090404F6D008C11022802846D00761009FF7038960189FFB1
:20AD4000303809FF7438960189FF343802846D00DE123C0109FF74386F1FFE7F02846D007A
:20AD6000611009FF6C38960189FF2C3802846D00CE120090404FD4F609F05508D4F2530008
:20AD800022F01024BBE0AFFC9BEFACFF894F1049530022F0102289241049D4F248115300B2
:20ADA00022F01024BBE0AFFC9BEFACFF894F1449530022F0102289211449D4F2530022F0D4
:20ADC00010228925184909FF5508530F22F010624922004A09FF5408DF1F908009FF56085A
:20ADE0006E0409FF56085E14820282233C0909FF56085E24821282133C0382228203805F43
:20AE0000B70F1CF07B00000D7E0F4DC0E1FF16073C018050B7000C0AB770030E7B000011A3
:20AE2000E21FA2F03C028050C82409FF0C08530F22F0104459400802C82409FF0C08530F94
:20AE400022F01044802F594F0C02C82209F00C08530022F01024530022F01022B92F140202
:20AE6000374F0EF0F94F1402C82209F00C08530022F01024530022F01022392F1602373FD3
:20AE800083F2E94F1602C82209F00C0882118223530022F0102419441002372403423714CB
:20AEA000814337340446530022F010225924100249F2080AD42209F00C08530022F010240A
:20AEC000530022F01022392F1F029680E94F1F023C0149F2080AD42209FF0C08534F20F095
:20AEE0001022392FC081370FE1F18B0F20F23C013C01DF1FF07F3C09DA003C055450742034
:20AF0000B045C21F3F4FFCFF09FF5508530F22F01062092F044909FF5508530F22F0106FAA
:20AF200009F204493C010090D4446DFF00FF00902040404D405FD4F2F4D2D4FC09FF0A09E6
:20AF40006CD109FF560889DF150809FF570889DF16086D007910022802846D00630F8200D5
:20AF600009FF500837F0010009FF510837F0810009FF520837F0010109FF530837F08101A9
:20AF8000084F37F00102085F37F08102086F37F00104087F37F0810408EF37F00105088F8E
:20AFA00037F0810509FF570837F0040809FF5608530F22F010C28920084902846D00A711F9
:20AFC00009FF540889DF140809DF5408DF1F23809110005F49A4000A6DFF1EF649A4040A32
:20AFE00049A5000A6DFF65F609FF15082CA8DA0189AF2108DA0189AF2208DA0289AF2D08D7
:20B00000DA0189AF300849D4080A49A5040A6DFF05F60090D45FF44FDA00894F1708DA00A2
:20B02000894F1608DA012C44DA002C45DA012C46DA012C47DA002C48DA012C4EDA00894F94
:20B040001008DA01894F1108DA01894F1208DA01894F1308DA00894F140882FF894F15082D
:20B060000090405CD4CFF44FD4CF6D00ED0F022F02F46D00D70E14F0B700010034F002F463
:20B080006D004511BCF1914000FFD9FF30C83C0109C0460809CFC40814F1370F68F037F1DD
:20B0A00008F034FF081F370F83F12CF1083F96022CF3081F96042CF10090F445DA00AC42FA
:20B0C000DA002C4600902008024882096D00D00F022A913000FF19FF28A616013C015E15B2
:20B0E00002A46D00C70E821902846D00B60002A46D0034113C020000DA3F7F8F08008B08CC
:20B100001C008F8000F096023C0CDA1F7F8F08008B081EF08F8F00F096013C038F8820F079
:20B120003C0174AF54AF068F780154AF160F74AF916000FF49FF101A54AF534F20F010FF2D
:20B1400054F05801570061FF3C016ED602A46D00910E02846D000800DF19058002A46D00DD
:20B16000FD10009020080248820502846D00E4008FB83F00534020003B0001109B61001FC2
:20B180004210600F82108FF801F10FF0100054FF82F1C610260F74FF6D006A0F02290294E9
:20B1A0006D00DC103C020000DA3F7F8F08008B081CF08F8F00F096023C0CDA1F7F8F08002D
:20B1C0008B081EF08F8F00F096013C038F8820F03C0174AF54AF068F780154AF160F74AF07
:20B1E000916000FF49FF101A54AF534F20F010FF54F05801570061FF3C016ED602946D0051
:20B20000390E3B0010F0E28F60FF9160003F30F3D93F000109FFEE38962089FFAE3809FF16
:20B22000EE38961089FFAE383C018FB83FF0534F20F03B8003009B60000F420F60FF821065
:20B240008FF801F10FF0100054FF260F8B0F20F23C01EEEC00903B0010F0E24F60FF9160CF
:20B26000003F30F3D93F00013B0010F0E24F60F29160003F3023D9320001092FEE38B70FE2
:20B2800081F2892FAE38092FEE38B70F01F2892FAE388FB43FF0534F20F03B0001009B608D
:20B2A000000F420F60F282108FF401F10FF01000542FA60F742F3C018FB43FF0534F20F08A
:20B2C0003B8003009B60000F420F60F282108FF401F10FF01000542F260F8B0F20F23C014C
:20B2E000EEEC3B000004B71081F79601ACF2B71081F7ACF20090821282003C18CC4153602A
:20B3000020F010FF09FF00083B001010E21F60FF9160003F30F3D93F000109FFD008BBC07C
:20B320000018261F6E028202C2100C423FF0E8FF3C01009020083B0010F0E24F60FF9160D5
:20B34000003F30F3D93F00013B0000048F8040F1ACF23B1000F1B4FFDA00ACF1A8458F80F3
:20B3600040F19601ACF28F8040F1ACF23C020000DA3F7F4F08008B041CF08F8F00F096021B
:20B380003C0CDA1F7F4F08008B041EF08F8F00F096013C038F8420F03C0174AF54AF068FFA
:20B3A000780154AF160F74AF916000FF49FF101A54AF534F20F010FF54F05801570061FF4F
:20B3C0003C016ED60090404F6D003E0E02289160002F142F370FE1F0BA0F3C01EE1C0284DA
:20B3E0006D00200DDA006D001D0EDF1208806D002B0E02246D00160DDA019160002F8200EF
:20B4000074205E166D00200E02246D00800F02846D007D0F40F4911003F8D9FF7C6BDC0F6E
:20B4200082023C010090404F820882096D000C0E022A6D001D0E022B3C19534820F010F29D
:20B44000D4246DFFC2FF762A534820F010F2D4246DFF53FFF62282193C028219C21802A4B8
:20B460006D004F0F02B46D004F0F534820F010F2542FEEE402923C01009082021D009600E6
:20B48000913000FF19FF34A6370F6EF18FFF83F1862F7BC0FF0FA60F913000FF59FF34A6AE
:20B4A000913000FF19FF34A682003C1DCC41536020F010FF084F6E16CC41536020F010FF66
:20B4C00009FF00083B001010E21F60FF9160003F30F3D93F0001BB1000FCACF2BB0000FC19
:20B4E000ACF2C2100C423FF0E3FF913000FF19FF34A6370F6EF18FFF83F1862F7BC0FF0F26
:20B50000A60F9602913000FF59FF34A6913000FF19FF34A63B000031821482053C38CC4130
:20B52000536520F010FF084F6E31CC41536520F010FF09F000083B001010E210600F9160AC
:20B54000003F30F3D93F000109428409536520F01022092F00088FBF3F00534020003B8063
:20B5600003109B61001F421060028210161F0FF01000542F260F8B0F20023C0109FFC6088C
:20B580008F1F0011BA0026F12614C2150C423FF5C8FFC2F34E370244911003F8D9FFA45BCE
:20B5A000DC0FDF04BB7FC2120C433FF26BFF4044911003F8D9FF60BBDC0F00908201820230
:20B5C000820382043C37CC41536420F010FF09F00008DA207FF00E008210CC41536420F02C
:20B5E00010FF09FF0008161F0FF00000A6013C21CC41536420F010FF09F00008DA407FF087
:20B600000E008210CC41536420F010FF09FF0008161F0FF00000A6023C0C8210CC4153641D
:20B6200020F010FF09FF0008161F0FF00000A603C2140C423FF4C97F913000FF19FF34A6AD
:20B64000370F6EF18FFF83F1862F7BC0FF0FA60F913000FF59FF34A6913000FF19FF34A6EC
:20B66000916000FF6841916000FF6852916000FF6863913000FF19FF34A6370F6EF18FFFE7
:20B6800083F1862F7BC0FF0FA60F9602913000FF59FF34A6913000FF19FF34A63B0000F11B
:20B6A0003C0AC2FF4EF8DA0002F4911003F8D9FFA45BDC0F916000FF48405F10F4FF916044
:20B6C00000FF48505F20EFFF916000FF48605F30EAFF4044911003F8D9FFA01BDC0F009028
:20B6E000820382021D00B400913000FF19FF34A6370F6EF18FFF83F1862F7BC0FF0FA60F64
:20B70000913000FF59FF34A6913000FF19FF34A682003C21CC41536020F010FF09FF0008B7
:20B720003B001010E21F60FF9160003F30F3D93F000109428809534220F01022092FC0082F
:20B74000B4FF09428809534220F01022092FC208ACF1C2100C423FF0DFFF82003C18CC41D4
:20B76000536020F010FF09FF00083B001010E21F60FF9160003F30F3D93F0001094FC008A0
:20B780009601ACF2094FC008ACF2C2100C423FF0E8FF913000FF19FF34A6370F6EF18FFF9B
:20B7A00083F1862F7BC0FF0FA60F9602913000FF59FF34A6913000FF19FF34A63B000041AA
:20B7C000821382053C36CC41536520F010FF09F000083B001010E210600F9160003F30F3E7
:20B7E000D93F000109428409536520F01022092F00088FBF3F00534020003B8003109B6114
:20B80000001F421060028210161F0FF01000542F260F8B0F20023C0109FFC608160109F1E7
:20B82000C6083701E110A6F1BA0026F12613C2150C423FF5CAFFC2F44E470234911003F831
:20B84000D9FFA45BDC0FDF03BD7FC2120C433FF24DFF0234911003F8D9FFA45BDC0F009044
:20B86000913000FF19FF34A6370F6EF18FFF83F1862F7BC0FF0FA60F913000FF59FF34A6CA
:20B88000913000FF19FF34A682023C4ECC41536220F010FF09FF00083B001000E20F60FF5C
:20B8A0009160003F30F3D93F00013C0109428409536220F01022092F00088FBF3F005340B0
:20B8C00020003B8003109B61001F421060028210161F0FF01000542F260F8B0F20F23C0134
:20B8E000EEE609428409536220F010220C22867FB71F810709428409536220F010220C2118
:20B90000A6F0A84009FFEE38B70F81F289FFAE3809FFEE38B70F01F289FFAE38DA10ACF8F1
:20B92000DA1FACF7C2120C423FF2B2FF913000FF19FF34A6370F6EF18FFF83F1862F7BC01E
:20B94000FF0FA60F9602913000FF59FF34A6913000FF19FF34A64044911003F8D9FF7A1B5B
:20B96000DC0F00903B000011913000FF19FF34A6370F6EF18FFF83F1862F7BC0FF0FA60FF4
:20B98000913000FF59FF34A6913000FF19FF34A6DA00916000FF6CF4DA00916000FF6CF5AE
:20B9A000DA00916000FF6CF6913000FF19FF34A6370F6EF18FFF83F1862F7BC0FF0FA60F4F
:20B9C0009602913000FF59FF34A6913000FF19FF34A63C05C2F14E1382043C0D916000FF17
:20B9E000484FEEF9916000FF485FEEF5916000FF486FEEF1370468203C010090404F0B455A
:20BA000010886D00350B022A02A46D00330A09FB3C1909FC0429DA00BE90DA01BE9D8220DA
:20BA20005F902800DA035F9F3400DA045F9F4000DA055F9F4C003C59BB90D4F99B8F0BF4C5
:20BA40004BF851F07B00F8036B00214F6D001436372B08B03C4A7B0017F44BF851F07B0035
:20BA6000F8036B00214F6D000736372B08B43C3DBB20DBF99B8F1BF44BF851F07B00F803CD
:20BA80006B00214F6D00F835372B08B83C2EBB90D4F99B8F0BF44BF851F07B00F8036B00FF
:20BAA000214F6D00E935372C08C03C1FBB20DBF99B8F1BF44BF851F07B00F8036B00214F48
:20BAC0006D00DA35372C08C43C10BB20DBF99B8F1BF44BF851F07B00F8036B00214F6D0045
:20BAE000CB35372C08C83C0189FB3C1989FC042902A46D00330C0090404F0B4510886D0085
:20BB0000B70A022A02A46D00B50909FB381909FC0029DA00BE90DA01BE9D82205F902800CD
:20BB2000DA035F9F3400DA045F9F4000DA055F9F4C003C59BB90D4F99B8F0BF44BF851F057
:20BB40007B00F8036B00214F6D009635372B08B03C4A7B0017F44BF851F07B00F8036B00D1
:20BB6000214F6D008935372B08B43C3DBB20DBF99B8F1BF44BF851F07B00F8036B00214FD6
:20BB80006D007A35372B08B83C2EBB90D4F99B8F0BF44BF851F07B00F8036B00214F6D007A
:20BBA0006B35372C08C03C1FBB20DBF99B8F1BF44BF851F07B00F8036B00214F6D005C35A4
:20BBC000372C08C43C10BB20DBF99B8F1BF44BF851F07B00F8036B00214F6D004D35372CDB
:20BBE00008C83C0189FB381989FC002902A46D00B50B009002487653DF45048082093C02CE
:20BC00008219DA013E58DA023E54DA033E563C07821A3C08820A3C06822A3C0482021D00BB
:20BC20008A00DF1986804DC0E1FF16073C015F8F4F006D001D0A022B02B46D001B09DA0016
:20BC40003E86DA013E8FDA02BE883C22913000FF39FF083637AF02F0913000FFE9FF083604
:20BC60003C17913000FF39FF0C3637AF02F0913000FFE9FF0C363C0C913000FF39FF1036EF
:20BC800037AF02F0913000FFE9FF10363C0102B46D00640BFF380B80538820F0910003F8D6
:20BCA000D9FFE43110FFD4FF3C02A00F3C019120003030F3D933C04F543FB72F82F09120D0
:20BCC000003030F3D933C04F743F3C326D00BC09022B02B46D00A608DA003E86DA013E8F5F
:20BCE000DA02BE883C22913000FF39FF083637AF02F0913000FFE9FF08363C17913000FFBD
:20BD000039FF0C3637AF02F0913000FFE9FF0C363C0C913000FF39FF103637AF02F09130C8
:20BD200000FFE9FF10363C0102B46D00F00A02923C010090A00282003C13538020F0912014
:20BD400003F8D9FFA88910FF481F7E49538020F0912003F8D9FFA88910FFD4F2C210DA1178
:20BD60007FF00480BD02EB7F3C010090404F0248025F6D007D09022902946D007B0849FFB4
:20BD8000241A82100F8000000F8F10F0020302F249F2400802946D00E10A009082056DFFB9
:20BDA000E7FF0090404F0B4510A849FC100A82404B0A01828F3A00F1538F20C09140002F01
:20BDC000D922800C7D2F15806D003E09022F02F46D00280809F0201982110FA1101082F21A
:20BDE000C621261089F0201902F46D00900A534820F010CFDAFF0FCF00F00FCB10B002F3B7
:20BE000002B249F240080090404F0B4510886D001B09022A02A46D00050849FF001ADA08C3
:20BE20004BF801028F7800F1534F2040534020F010FFDA0F0F4F00F00F49109002F3029258
:20BE400049F2400802A46D00620A0090404CCCC1DA003C11D4FDD4D409D4440808456DFFB5
:20BE6000A3FFD4D409D4440808556DFFCFFFC21F49FF080A54C03F0FEFFF0090534420F0F6
:20BE8000912003F8D9FFB0A910FF54F1404CB04C913000FFD9FF00069130002F392F1B06D2
:20BEA000370F62F3EE06BB00C2FB9BEFCBF43C1A9130002F392F1B06370F62F35E16BB0099
:20BEC00068F99B8FB9F43C0E9130002F392F1B06370F62F35E26BB0068F99B8FB9F43C0217
:20BEE000DA003C0109F059083700E700C2104B0041014B0F410009FF5B081607C21F4B0FF6
:20BF000041F14BF051F07B802C044B0151007B0000144B104100BB00A01B9BB1A5144B1F9B
:20BF200051F04BF041F0744F544F7B0020047B00F0136B0F61416D00B533B4C200908208D0
:20BF4000913000FF39FF3406370F62F282103E048220BE053C1A82146D000501913000FFBD
:20BF600039FF3406160F6E0A913000FF39FF3406160F4B0F41F14BF251803C08BB006889D1
:20BF80009B88B9843C013C023C0102823C010090913000FFD9FF00069130002F392F1B0621
:20BFA000370F62F3EE06BB00C2FB9BEFCBF43C1A9130002F392F1B06370F62F35E16BB0098
:20BFC00068F99B8FB9F43C0E9130002F392F1B06370F62F35E26BB0068F99B8FB9F43C0216
:20BFE000DA003C0109F069083700E700C2104B0041014B0F411009FF6B081607921009FF56
:20C000006C081607C21FE2F04B0041F14BF151203C010090913000FFD9FF00069130002F57
:20C02000392F1B06370F62F3EE06BB00C2FB9BEFCBF43C1A9130002F392F1B06370F62F3BD
:20C040005E16BB0068F99B8FB9F43C0E9130002F392F1B06370F62F35E26BB0068F99B8F51
:20C06000B9F43C02DA003C0109F068086F001F8009F069083700E700C2104B0041014B0F06
:20C08000411009FF6B081607921009FF6D081607C21FE2F04B0041F1BBD0CC0C9BC0FC038E
:20C0A0004B0F41F04BF151203C1909F069083700E700C2104B0041014B0F411009FF6B08E6
:20C0C0001607921009FF6D081607C21FE2F0532020F04B0F41F14BF151203C01009091300A
:20C0E00000FFD9FF00069130002F392F1B06370F62F3EE06BB00C2FB9BEFCBF43C1A913083
:20C10000002F392F1B06370F62F35E16BB0068F99B8FB9F43C0E9130002F392F1B06370F5C
:20C1200062F35E26BB0068F99B8FB9F43C02DA003C0109F059083700E700C2104B00410107
:20C140004B0F411009FF5C081607921009FF5B081607C21FE2F04B0041F14BF151203C0167
:20C160000090913000FF39FF3306370F62F282003E0482103E083C23BB00C22B9BE2CB2455
:20C180003C013C1FDA003E46DA013E47DA02BE413C136DFFA6FF3C126DFFFCFE913000FF9A
:20C1A00039FF3406AE757B0000F44BF251203C066DFF32FF3C0382023C013C0382023C01EE
:20C1C0003C01009082046DFFCEFF913000FF39FF3106370F6302DA003E0EDA015F0F240066
:20C1E000DA025F0F2600DA035F0F2800DA045F0F2A003C2D913000FF39FF3206160F6E07B3
:20C20000913000FF39FF3206160F5E1382023C0A913000FF39FF3206160F4B0F41F14BF270
:20C2200051203C177B001FF44BF251203C127B0027F44BF251203C0D7B002FF44BF25120D7
:20C240003C087B0037F44BF251203C0382023C013C010090404F82029130002FD92228A6AD
:20C26000542F370F6EF18FFF83113C019130002F192F28A66F1F12008F2120F09601913079
:20C28000002F192028A6370070088F002100A60F9130002F592F28A68F2120F096029130F5
:20C2A000002F192028A6370070088F002100A60F9130002F592F28A63C019130002F192F79
:20C2C00028A61601DF1FFB7F3B0000013C05C2F04E0382123C089130002F392F3306370FD2
:20C2E000E1F3EEF69130002F192F30068200370F02FE8210370F01FF9130002F592F3006CA
:20C300003B0000013C05C2F04E0382123C089130002F392F3306370FE1F3EEF6DABC9130DF
:20C32000002F592FB4069130002F192FA0563B20FE0F260F9130002F592FA0569130002F63
:20C34000192FA4563B20FE0F260F9130002F592FA4569130002F192FA8563B20FE0F260FB9
:20C360009130002F592FA856DA009130002F592FB4069130002F392F1A06B70F01F091304B
:20C38000002FE92F1A069130002F392F2A06B70F01F09130002FE92F2A063B0000F33C0550
:20C3A000C2FF4EF382123C0D9130002F392014066F10F87F9130002F392024066F10F27FE2
:20C3C000084F1E13084FDE289130002F192F10068200370F82F254F03B90D03306634B30F8
:20C3E00011428B141F0037006800370F05F89130002F592F10069130002F19201806086FFE
:20C4000037F0030C087F37F08704084F37F0020F9130002F592018069130002F1920280640
:20C4200008EF37F0010008AF37F0030C08BF37F087049130002F592028069130002F392F88
:20C440001A0696019130002FE92F1A069130002F392F2A0696019130002FE92F2A063B006B
:20C4600000F33C05C2FF4EF382123C119130002F392014063700E100DF10F67F9130002FD6
:20C48000392024063700E100DF10EE7F3B0000063C05C2F04E0382123C169130002F392FE2
:20C4A0001406370FE1F26EF69130002F392F2406370FE1F26EEF9130002F392F2406370F25
:20C4C00061F26EE89130002F39201C06088F37F003F09130002FE92F1C069130002F192044
:20C4E0002C0608CF37F0030008DF37F003049130002F59202C063B0000063C05C2F04E03D4
:20C5000082123C169130002F392F1406370FE1F26EF69130002F392F2406370FE1F26EEF4E
:20C520009130002F392F2406370F61F26EE83BF0490206503C05C2F04E0382123C0C9130DD
:20C54000002F392F1006AE179130002F392F11066F0FF37F9130002F392F1A069604913037
:20C56000002FE92F1A069130002F392F2A0696049130002FE92F2A063B0000F33C05C2FFCA
:20C580004EF382123C0D9130002F392014066F20F87F9130002F392024066F20F27FDABC0B
:20C5A0009130002F592FB406DA059130002F592FA006DA1D9130002F592FA076DA0091302C
:20C5C000002F592FB4069130002F19203006DA0137F0020EDA0137F0010F3B0000313C05BA
:20C5E000C2F34E3382123C089130002F392F3306370FE1F3EEF69130002F592030063B00C4
:20C6000000013C05C2F04E0382123C089130002F392F3306370FE1F3EEF69130002F192F36
:20C6200028A66F1F12008F2120F096019130002F192028A6370070088F002100A60F913069
:20C64000002F592F28A686218F3140F19130002F192028A6370070088F002100A60F9130F1
:20C66000002F592F28A63C019130002F192F28A66F0FFC7F022F3C01EE0509F498196D007D
:20C680008502DF0FCF8149F21C0A82029130004FD94428A6544F370F6EF18FFF83113C014E
:20C6A0009130004F194F28A66F1F12008F2120F096019130004F194028A6370070088F00C8
:20C6C0002100A60F9130004F594F28A68F2120F096029130004F194028A6370070088F0031
:20C6E0002100A60F9130004F594F28A63C019130004F194F28A61601DF1FFB7F9130004FBC
:20C7000019403006488F82F3C63F26F0488F5423263FA6F03B0000313C05C2F34E33821263
:20C720003C089130002F392F3306370FE1F3EEF69130002F592030063B0000013C05C2F058
:20C740004E0382123C089130002F392F3306370FE1F3EEF69130002F19203406370062F233
:20C76000EE07370062FAEE04370062FE6E369130002F1920340648AF82F3C63F26F048AF23
:20C780004893263FA6F0DA0037F00202DA0037F0020ADA0037F0020E3B0000313C05C2F33E
:20C7A0004E3382123C089130002F392F3706370FE1F3EEF69130002F592034063B000001AE
:20C7C0003C05C2F04E0382123C089130002F392F3706370FE1F3EEF69130002F1920340647
:20C7E00048AF82F3C63F26F048AF4893263FA6F03B0000313C05C2F34E3382123C08913069
:20C80000002F392F3706370FE1F3EEF69130002F592034063B0000013C05C2F04E0382128F
:20C820003C089130002F392F3706370FE1F3EEF69130002F192F0016370F62F66E309130D6
:20C84000002F1920001648CF82F3C63F26F048CF48B3263FA6F0DA0037F002063B00003131
:20C860003C05C2F34E3382123C089130002F392F0316370FE1F3EEF69130002F592000167B
:20C880003B0000013C05C2F04E0382123C089130002F392F0316370FE1F3EEF69130002FE1
:20C8A0001920001648CF82F3C63F26F048CF48B3263FA6F03B0000313C05C2F34E338212FE
:20C8C0003C089130002F392F0316370FE1F3EEF69130002F592000163B0000013C05C2F0F7
:20C8E0004E0382123C089130002F392F0316370FE1F3EEF69130002F19200C1648EF82F3A9
:20C90000C63F26F048EF48D3263FA6F0DA0137F0010F3B0000313C05C2F34E3382123C08E2
:20C920009130002F392F0F16370FE1F3EEF69130002F59200C163B0000013C05C2F04E0371
:20C9400082123C089130002F392F0F16370FE1F3EEF69130002F1920002609FF001982F39F
:20C96000C63F26F009F3001948FF26F3A6309130002F592000269130002F192F042609F067
:20C98000081982F3C630260F09F0081909F304192630A60F9130002F592F04269130002F06
:20C9A000192F082609F0101982F3C630260F09F0101909F30C192630A60F9130002F592F79
:20C9C00008269130002F192F28A66F1F12008F2120F096019130002F192028A63700700886
:20C9E0008F002100A60F9130002F592F28A686218F3140F19130002F192028A6370070084E
:20CA00008F002100A60F9130002F592F28A63C019130002F192F28A66F0FFC7F022F3C01C1
:20CA2000DF0FB18049FC140A82089130002FD92228A6542F370F6EF18FFF83A13C0182098F
:20CA40001D009C009130002F192F28A66F1F12008F2A20F096019130002F192028A63700E9
:20CA600070088F002100A60F9130002F592F28A68F2A20F096029130002F192028A6370004
:20CA800070088F002100A60F9130002F592F28A63C019130002F192F28A61601DF1FFB7FA1
:20CAA0003B0000063C05C2F04E0382183C089130002F392F1406370FE1F26EF69130002F34
:20CAC00039201C06536920F0C8621022142F37F003F09130002FE92F1C069130002F192FF4
:20CAE00028A66F1F12008F2A20F096019130002F192028A6370070088F002100A60F91309C
:20CB0000002F592F28A68F2A20F096039130002F192028A6370070088F002100A60F913062
:20CB2000002F592F28A63C019130002F192F28A66F0FFC7F536920F0C8621022092B0209CD
:20CB400082046DFF10FB9130002F392F3006160F4B0F41F14BF251F03C014BBF41F04B0F49
:20CB600071F185F110013C0185F01001A2103FF0FDFFC2193709689014CF3FF965FF028F09
:20CB80003C0102F23C0100902008144F09444108DF1F298049A4000A6DFF72F96D0068022A
:20CBA000022F02F46D006601913000FF19F1200609A0C408BB00402FA6203701101091300C
:20CBC00000FF59F12006913000FF19F01806821137100101913000FF59F0180602F46D0099
:20CBE000BD03009002488202913000FFD9FF340654F9370962F282103E0482203E063C0B63
:20CC000082146DFFB0FA3C08BB0068299B82B9243C013C023C014B8251F04B8251004B00AF
:20CC200031014B0041016B0031FF7B00F0034B0F01F0AE264B8251F04B0F31F13C064B8274
:20CC400051F04B0F31F1C21F8B1F60F3BF7F0680FFEF04802E02C2FF3BE000007E02DA0C91
:20CC60006D000602022802846D000401370F68F037F904903C01913000FF39FF3706370F03
:20CC8000E1F3EEFA913000FF59F9340602846D0065033C01913000FF39FF3706370FE1F3A5
:20CCA000EEFA6DFF4EF93C0100900B4510886D00DF01913000FF19F028A66F1012008F22FE
:20CCC00020F09601913000FF19F028A6370070088F002100A60F913000FF59FF28A6862274
:20CCE0008F2240F1913000FF19F028A6370070088F002100A60F913000FF59FF28A63C0184
:20CD0000913000FF19FF28A61601DF1FFB7FDF180D80913000FF39FF1916B71F02F09130AA
:20CD200000FFE9FF19163C0B913000FF39FF1916B72F02F0913000FFE9FF19164DC0E1FFD3
:20CD400016073C0153CF20F060FF9130003F30F3D93F0C9654FF370F6EF18FFF83013C01C4
:20CD60004DC0E1FF16073C0153CF20F060FF9130003F30F3D93F0C9654FF2E1B8F2020F0A3
:20CD8000960154F1370170188F012110A61F74FF86208F2040F154F0370070088F002100D5
:20CDA000A60F74FF3C0154FF1601DF1FFE7F913000FFB9FF2616379F10F0913000FFF9FFE7
:20CDC0002616913000FF39FF20169602913000FFE9FF2016DA003C02C21F3B905F01064009
:20CDE0003F0FFCFF00904DC0E1FF16073C01913000FFD9FF0C9653CF20F010FF54FF2E1700
:20CE00009601B70F81F0374F0EF174FF96019602375F10F874FF3C0154FF6F0FFF7F0090F0
:20CE20004DC0E1FF16073C0153CF20F060FF9130003F30F3D93F0C9654FF2E1B8F2420F0DE
:20CE4000960154F0370070088F002100A60F74FF86248F2440F154F0370070088F0021003F
:20CE6000A60F74FF3C0154FF1601DF1FFE7F0090913000FF19FF28A66F1F12008F2420F0CF
:20CE80009601913000FF19F028A6370070088F002100A60F913000FF59FF28A686248F240D
:20CEA00040F1913000FF19F028A6370070088F002100A60F913000FF59FF28A63C019130B2
:20CEC00000FF19FF28A61601DF1FFB7F00904DC0E1FF16073C01913000FFD9FF0C9653CFAB
:20CEE00020F010FF54FF2E1B8F2420F0960154F0370070088F002100A60F74FF8F2420F08F
:20CF0000960254F0370070088F002100A60F74FF3C0154FF1601DF1FFE7F084F96082CF477
:20CF200054FF2E1B8F2420F0960154F0370070088F002100A60F74FF86248F3440F154F04E
:20CF4000370070088F002100A60F74FF3C0154FF6F0FFF7F0090913000FF19FF28A66F1FFA
:20CF600012008F2420F09601913000FF19F028A6370070088F002100A60F913000FF59FF82
:20CF800028A68F2420F09602913000FF19F028A6370070088F002100A60F913000FF59FFA5
:20CFA00028A63C01913000FF19FF28A61601DF1FFB7F913000FF39FF2CA69608913000FF09
:20CFC000E9FF2CA6913000FF19FF28A66F1F12008F2420F09601913000FF19F028A6370029
:20CFE00070088F002100A60F913000FF59FF28A686248F3440F1913000FF19F028A6370002
:20D0000070088F002100A60F913000FF59FF28A63C01913000FF19FF28A66F0FFC7F0090E1
:20D020004DC0E1FF16073C0153CF20F060FF9130003F30F3D93F0C9654FF8F1F00213C01DC
:20D040003C0100904DC0E1FF16073C0153CF20F060FF9130003F30F3D93F0C9654FF370FB5
:20D060006EF18FFF83213C013C010090913000FFD9FF28A654FF370F6EF18FFF83213C0148
:20D080003C010090DA3CB44FBBC0FFFFAC41DA002C44DA002C45DA002C46DA002C47DA003C
:20D0A0002C48DA002C49DA002C4ADA002C4B0090544F82022E1B9601B70F810037006E1178
:20D0C0008FF1831137100EF1744FB70F01F096020950C008370F0E010951C20837101008EB
:20D0E00074403C01544F1601DF1FFE7F0C5482003E0682103E0B8220BE003C16DA0037F254
:20D100000121DA0037F281223C0FDA0137F20121DA0037F281223C08DA0037F20121DA01EC
:20D1200037F281223C010C556E03DA013C02DA0037F281210C566E03DA013C02DA0037F267
:20D1400001230C576E03DA013C02DA0037F281230C586E03DA013C02DA0037F201240C599C
:20D160006E03DA013C02DA0037F2872489420409913000FFD9FF000682000C5B82013E1641
:20D1800082113E1B8221BE103C16DA0037F00101DA0037F081023C0FDA0137F00101DA0030
:20D1A00037F081023C08DA0037F00101DA0137F081023C010C556E03DA013C02DA0037F0D0
:20D1C000810159F020A00954C0086D00A0000090544F82022E1B9601B70F810037006E11FE
:20D1E0008FF1831137100EF1744FB70F01F096020950C008370F0E010951C20837101008CA
:20D2000074403C01544F1601DF1FFE7F0C5482003E0682103E0B8220BE003C16DA0037F232
:20D220000121DA0037F281223C0FDA0137F20121DA0037F281223C08DA0037F20121DA01CB
:20D2400037F281223C010C556E03DA013C02DA0037F281210C566E03DA013C02DA0037F246
:20D2600001230C576E03DA013C02DA0037F281230C586E03DA013C02DA0037F201240C597B
:20D280006E03DA013C02DA0037F287240C5A6E03DA013C02DA0037F20120894204099130A9
:20D2A00000FFD9FF000682000C5B82013E1682113E1B8221BE103C16DA0037F00101DA0045
:20D2C00037F081023C0FDA0137F00101DA0037F081023C08DA0037F00101DA0137F0810205
:20D2E0003C010C556E03DA013C02DA0037F0810159F038A00954C0086D00300000906D00A3
:20D30000060000906D002A0000904DC0E1FF16073C0153CF20F060FF9130003F30F3D93F3D
:20D320000C9654FF2E1B8F2420F0960154F0370070088F002100A60F74FF86248F3440F1EC
:20D3400054F0370070088F002100A60F74FF3C0154FF6F0FFF7F0090913000FF19FF28A640
:20D360006F1F12008F2420F09601913000FF19F028A6370070088F002100A60F913000FF48
:20D3800059FF28A686248F3440F1913000FF19F028A6370070088F002100A60F913000FF5E
:20D3A00059FF28A63C01913000FF19FF28A66F0FFC7F0090DA00913000FF59FFA006913082
:20D3C00000FF19FFA406370F61243C01009002486DFF4EFE022ADA204BF80102370070904F
:20D3E000DA204BF80102370168F08250913000FF59F0A00602A46DFF3DFD53492000600F65
:20D400009130003F30F3D93F807682100FF0000074F002A46DFFA2FF913000FF19FFA406B1
:20D42000370F61243C010090024F6DFF21FE022802846DFF1FFD913000FF19F0AC0637F09E
:20D4400005FC913000FF59FFAC0602846DFF86FF0090DA204BF4010237007000DA204BF4DE
:20D460000122370368F053402000600F9130003F30F3D93F807654F05700612F3C010090AC
:20D48000913000FF39FFB8068F3F00213C010090DA02913000FF59FFA006913000FF19FFA8
:20D4A000A406370F61243C0100900258DA204BF4010237007090DA204BF40102370168A0E1
:20D4C0006DFFD6FD022C82100FA0000082FF0FF0C0B08F1800F10FAF10D08FF83FF01601AB
:20D4E0000FAF10E086E88F1800F10FAF108002C46DFFC0FCDABC913000FF59FFB40653C9B8
:20D5000020F060FF9130003F30F3D93F804653C920F060F29130003F3023D9328046542F76
:20D5200026BFA6FD74FD53C920F060FF9130003F30F3D932804653C920F060FF9130003FE8
:20D5400030F3D93F8046481F26BFA6FE892E040953C920F060FF9130003F30F3D932804697
:20D5600053C920F060FF9130003F30F3D93F8046482F26BFA6F889280809DA00913000FFC9
:20D5800059FFB40602C46DFFE9FE009002486DFF6FFD0229DA204BF80102370070A0DA2002
:20D5A0004BF80102370168B08208913000FF39FFB8061603EE1402946DFF5CFC534A20F073
:20D5C00060FF9130003F30F3D93F8076DA010FBF00F074FF02946DFFC1FE3C13913000FFDF
:20D5E00019FFA006B76F04F037BF04F2913000FF59FFA006913000FF19FFA406370F6184FC
:20D6000002823C0100906DFF33FD022F02F46DFF31FC8200913000FF59F0B40602F46DFFB6
:20D620009DFE00908218913000FF19FFB406370F6804DAFFBE006DFF1BFD022902946DFF99
:20D6400019FCDABC913000FF59FFB40602946DFF85FE3C02820802823C010090024B025907
:20D66000026A6DFF05FD022802846DFF03FC915002FF19F01C688211371081018211371010
:20D68000010F915002FF59F01C68DA14FEB7915002FF19F00868DF1A0780DA010F9F00F0D4
:20D6A000A6F03C07DA010F9F00F082F1C61F26F0915002FF59F008683C19DA15FEB7915035
:20D6C00002FF19FF0C68DF1A078082100F900000A60F3C0782100F90000082F1C610260F65
:20D6E000915002FF59FF0C683C0102846DFF36FE0090404F6DFFA8FC022802846DFF92FB41
:20D7000014FF960134FF02846DFF01FE009091000348D9440C5282129130002F192F34A6AE
:20D72000370F6EF18FFF83313C019150022F392F2C081601DF1F7080094584093C648F23E5
:20D7400020F07BC0FF0FA60F9130002F592F34A63C019130002F192F34A6370FE1F0DF1F05
:20D76000FA7FCC513C0DD4F25420482F82F1C61F26F0481FA6F0D4F2742049FF0C0A80F086
:20D78000145F53CF20104C5142F13F10EEFF9150022F392F0B4896409150022FE92F0B4898
:20D7A0008F2320F07BC0FF0FA60F96029130002F592F34A63C01913000FF19FF34A66F1F42
:20D7C000FC7F3B0010F0C2FF4EF382023C09915002FF39F00B4837006103DF10F67F4C52CD
:20D7E000BB00520C9BB0BF044B0F41F04B0F71F185F110013C0185F01001A2103FF0FDFF94
:20D8000049550C0A8050144F53CF20104C4142F13F1097FF022F3C01EE073B60174082153E
:20D820006D0079083C01DC0B009091000328D92214528210915002FF39FF2C081601DE1C38
:20D8400082023C0DCC2153C220F010FFD4F45441482F26F1481F3E128200C212142F3FF26E
:20D86000F37FDF100A80915002FF39FF2E08370FE1F21E1282003C01F6073B7017408215CF
:20D880006D0049083C01DC0B0090913000FF19FF28A6370F6EF18FFF83F1062F960191303C
:20D8A00000FF19F028A6370070088F000100A60F913000FF59FF28A6913000FF19FF28A612
:20D8C000370F6EF18FFF83F1062F9602913000FF19F028A6370070088F000100A60F913088
:20D8E00000FF59FF28A6913000FF19FF28A6DA019B0F00F4915002FF59FF1C68DA029B0FA0
:20D9000000F4915002FF59FF18687B0000F2915002FF59FF30183B0000013C01915002FF0F
:20D9200019FF30187B0000123E14020FC2F0EEF7BB505AFA9B5F0AF0915002FF59FF281833
:20D940003B0000013C01915002FF19FF2818BB505A1A9B510A103E14020FC2F0EEF59150B6
:20D9600002FF19FF3418B70F0CF0915002FF59FF34187B0000F4915002FF59FF24687B004A
:20D9800000F4915002FF59FF2868915002FF19FF1C683B8000009B000004A60F915002FF5A
:20D9A00059FF1C68BB00FFFF915002FF59FF0868915002FF19FF1C683B8000009B00000450
:20D9C000A60F915002FF59FF1C68BBF0FFFF9B1F00F0915002FF59FF0C68DA00915002FF17
:20D9E00059FF3018DA019B0F00F4915002FF59FF18683B0000013C01915002FF39FF106849
:20DA0000370F61F11E16915002FF39FF1068AE34020FC2F0EEF27B0000F4915002FF59FF7A
:20DA20001C68913000FF19FF28A6370F6EF18FFF83F1062F9601913000FF19F028A637007B
:20DA400070088F000100A60F913000FF59FF28A6913000FF19FF28A6370F6EF18FFF83F1D6
:20DA6000062F9603913000FF19F028A6370070088F000100A60F913000FF59FF28A69130A6
:20DA800000FF19FF28A6911003F8D9FF92ADDC0F0090915002FF39FF106816016E0F91506C
:20DAA00002FF39FF1068370F61F21E18915002FF39FF1068370FE1F25E173BA017408215FD
:20DAC0006D0029073C01DC0B0090544F2E1B8F2400F096015440370070088F000100A60F47
:20DAE000744F06248F2440F15440370070088F000100A60F744F544F0090913000FF19FFFF
:20DB000028A66F1F12008F2400F09601913000FF19F028A6370070088F000100A60F913011
:20DB200000FF59FF28A606248F2440F1913000FF19F028A6370070088F000100A60F913066
:20DB400000FF59FF28A6913000FF19FF28A6009002484DC0E1FF16078B5F20F33C0153CFBA
:20DB600020F060FF9130003F30F3D93F0C9640F402846DFFACFF084F96082CF440F40284B9
:20DB80006D008F000090024802846DFFB8FF913000FF39FF2CA69608913000FFE9FF2CA624
:20DBA00002846D00960000906D0034266D006C2C009002484DC0E1FF16078B5F20F33C0162
:20DBC00053CF20F060FF9130003F30F3D93F0C9640F402846DFF7BFF084FB70F81F12CF488
:20DBE00040F402846D005D000090024F02F46DFF86FF913000FF39F02CA6B7008101913024
:20DC000000FFE9F02CA602F46D0063000090BB00C20B9BE0CB04913000FF39FF1B06370FD3
:20DC200062F35E26BB0068199B81B9143C0B5E16BB0068199B81B9143C05BB00C21B9BE1B1
:20DC4000CB14913000FF39FF3306370F62F26E1D913000FF39FF1906370FE7F0C21F4B0F20
:20DC600061F14BF14110913000FF39FF1B0616079210913000FF39FF1C061607C21FE2F003
:20DC80004B0061F14BF15100913000FF39FF3006160F4B0F41F14BF051203C010090544F5F
:20DCA0002E1B8F2400F096015440370070088F000100A60F744F06248F3440F154403700AD
:20DCC00070088F000100A60F744F544F0090913000FF19FF28A66F1F12008F2400F0960111
:20DCE000913000FF19F028A6370070088F000100A60F913000FF59FF28A606248F3440F195
:20DD0000913000FF19F028A6370070088F000100A60F913000FF59FF28A6913000FF19FFBA
:20DD200028A600909120003030434933088A543F06F4374F9FF09120003030434933088A1F
:20DD4000743F9120003030434933148A543FEF8F0A00B70F01FC9120003030434933148A56
:20DD6000743F00900D000002911000F7D9FF88FEC8BFDA1782180FF8008089F81059911037
:20DD800000F7D9FF88FEC8BFDA1182180FF8008089F81059911000F7D9FF88FEC8BFDA1248
:20DDA00082180FF8008089F81059911000F7D9FF88FEC8BFDA1482180FF8008089F81059E2
:20DDC000911000F7D9FF88FEC8BFDA1582180FF8008089F81059911000F7D9FF88FEC8BF4F
:20DDE000DA1882180FF8008089F81059911000F7D9FF88FEC8BFDA1B82180FF8008089F812
:20DE00001059911000F7D9FF88FEC8BFDA1C82180FF8008089F81059911000F7D9FFDCEDE2
:20DE2000911000C7D9CCDCED14CFC21F34FF0D00400200800D000002911000F7D9FF88FE41
:20DE4000C8BFDA1982180FF8008089F81059911000F7D9FFE4ED911000C7D9CCE4ED14CF3B
:20DE6000C21F34FF0D00400200800D000002911000F7D9FF88FEC8BFDA1682180FF8008022
:20DE800089F81059911000F7D9FFECED911000C7D9CCECED14CFC21F34FF0D0040020080A3
:20DEA0000D000002911000F7D9FF88FEC8BFDA1782180FF8008089F81059911000F7D9FF6A
:20DEC00088FEC8BFDA1182180FF8008089F81059911000F7D9FF88FEC8BFDA1282180FF835
:20DEE000008089F81059911000F7D9FF88FEC8BFDA1482180FF8008089F81059911000F7AA
:20DF0000D9FF88FEC8BFDA1582180FF8008089F81059911000F7D9FF88FEC8BFDA18821819
:20DF20000FF8008089F81059911000F7D9FF88FEC8BFDA1B82180FF8008089F81059911052
:20DF400000F7D9FF88FEC8BFDA1C82180FF8008089F81059911000F7D9FFF4ED911000C72B
:20DF6000D9CCF4ED14CFC21F34FF0D00400200800D000002911000F7D9FFE8EDDA0134FFF3
:20DF80006DFF2AA50D0040020080911000F5D9FF301C54FF3B8025003F0F3C82911000F5E8
:20DFA000D9FF201C14FF6E14911000F5D9FF201C14FF911000F5D9FF282C14F03E0991005D
:20DFC00000FBD9FF2430DA0189FF20083C01911000F5D9FF381C14F0DAFDFE00DAFD91103F
:20DFE00000F5D9FF042C14F03E09910000FBD9FF2430DA0189FF18083C01911000F5D9FFF3
:20E00000341C14F0DAFDFE00DAFD911000F5D9FF082C14F03E09910000FBD9FF2430DA0180
:20E0200089FF18083C01911000F5D9FF141C14FF5E4E911000F5D9FF0C2C14FFEE0891005E
:20E0400000FBD9FF2430DA0134FF3C01911000F5D9FF181C14FF5E4E911000F5D9FF102C43
:20E0600014FFEE08910000FBD9FF2430DA012CF43C01911000F5D9FF0C1C14F0DAFD7E0FA9
:20E08000DAFD911000F5D9FF142C14F03E08910000FBD9FF2430DA012CF83C01911000F527
:20E0A000D9FF101C14F0DAFD3E08911000F5D9FF101C14F0DAFEFE04911000F5D9FF101C29
:20E0C00014FF911000F5D9FF182C14F03E09910000FBD9FF2430DA0189FF1C083C01911013
:20E0E00000F5D9FF081C14FF6E24911000F5D9FF202C14FF911000F5D9FF081C14F0BE0960
:20E10000911000F5D9FF202C91100025D922081C142F34FF911000F5D9FF081CDA0034FF4B
:20E12000910000FBD9FF2430DA0189FF18083C01911000F5D9FF1C1C14FFDE1B911000F51F
:20E14000D9FF242C14FF9E15911000F5D9FF242CDA0134FF911000F5D9FF1C1CDA0034FF52
:20E16000910000FBD9FF2430DA0189FF14083C01910000FBD9FF2430088F9E16910000FB9C
:20E18000D9FF243009FF54081E1F910000FBD9FF243009FF58081E18910000FBD9FF2430A4
:20E1A00009FF5C085E18911000F5D9FF281CDA0134FF3C1B911000F5D9FF381C14FFEE0F94
:20E1C000911000F5D9FF0C1C14FFFF4F0980911000F5D9FF281CDA0034FF3C07911000F527
:20E1E000D9FF281CDA0134FF82023C6B911000F5D9FF3C1C54FFEE33534220F0910000FB5F
:20E20000D9FF243010FF14F0DF102980534220F0910000FBD9FF243010F2534220F0910092
:20E2200000FBD9FF243010FF081FC21F2C21911000F5D9FF3C1C91100025D922301C54200C
:20E2400074F0911000F5D9FF002C74F2911000F5D9FF241C9A1234FF3C013C32911000F58C
:20E26000D9FF301C54F0911000F5D9FF3C1C54F1A2103B8025103F102380911000F5D9FF29
:20E280003C1C820074F0911000F5D9FF002C54F0534020F0910000FBD9FF243010FFDA001E
:20E2A00034FF911000F5D9FF002CDA0074FF911000F5D9FF241CDA0034FF3C023C04C21237
:20E2C000BF9296FF911000F5D9FF042C91100025D922381C142F34FF911000F5D9FF082C8D
:20E2E00091100025D922341C142F34FF911000F5D9FF0C2C91100025D922141C142F34FF8A
:20E30000911000F5D9FF102C91100025D922181C142F34FF911000F5D9FF142C9110002574
:20E32000D9220C1C142F34FF911000F5D9FF182C91100025D922101C142F34FF911000F599
:20E34000D9FF1C2C91100025D9222C1C142F34FF911000F5D9FF242C91100025D9221C1C67
:20E36000142F34FF911000F5D9FF282C91100025D922201C142F34FF911000F5D9FF101C58
:20E3800014FFDF1F4680911000F5D9FF101C14FFDF2F3F80911000F5D9FF042CDA0034FF81
:20E3A000911000F5D9FF082CDA0034FF911000F5D9FF0C2CDA0034FF911000F5D9FF102C51
:20E3C000DA0034FF911000F5D9FF142CDA0034FF911000F5D9FF182CDA0034FF911000F520
:20E3E000D9FF1C2CDA0034FF911000F5D9FF202CDA0034FF911000F5D9FF242CDA0034FF5E
:20E40000911000F5D9FF282CDA0034FF3C013C01911000F5D9FF301C91100025D922301CEC
:20E42000542FC21F74FF0090913000FF19F2AC06913000FFD9FF28A654FF370F6EF18FFF0C
:20E4400083013C01913000FF19FF28A66F1F12008F2020F09601913000FF19F128A637018F
:20E4600070188F012110A61F913000FF59FF28A686208F2040F1913000FF19F028A6370054
:20E4800070088F002100A60F913000FF59FF28A63C01913000FF19FF28A61601DF1FFB7F47
:20E4A000913000FF19FFAC069607913000FF59FFAC06913000FFD9FF28A654FF370F6EF10D
:20E4C0008FFF83013C01913000FF19FF28A66F1F12008F2020F09601913000FF19F128A6B9
:20E4E000370170188F012110A61F913000FF59FF28A686208F3040F1913000FF19F028A6C3
:20E50000370070088F002100A60F913000FF59FF28A63C01913000FF19FF28A66F0FFC7F25
:20E52000913000FF19FFAC065F2F7700913000FFD9FF28A654FF370F6EF18FFF83013C019F
:20E54000913000FF19FF28A66F1F12008F2020F09601913000FF19F128A6370170188F0137
:20E560002110A61F913000FF59FF28A686208F2040F1913000FF19F028A6370070088F0064
:20E580002100A60F913000FF59FF28A63C01913000FF19FF28A61601DF1FFB7F913000FF8D
:20E5A00059F2AC06913000FFD9FF28A654FF370F6EF18FFF83013C01913000FF19FF28A60B
:20E5C0006F1F12008F2020F09601913000FF19F128A6370170188F012110A61F913000FFA7
:20E5E00059FF28A686208F3040F1913000FF19F028A6370070088F002100A60F913000FFF4
:20E6000059FF28A63C01913000FF19FF28A66F0FFC7F82123C0382023C0100906DFFF5F77C
:20E62000913000FF19F8AC06913000FFD9FF28A654F037006E018FF083013C01913000FF07
:20E6400019F128A66F1112008F2020F09601913000FF19F128A6370170188F012110A61F1C
:20E66000913000FF59FF28A686208F2040F1913000FF19F028A6370070088F002100A60F83
:20E68000913000FF59FF28A63C01913000FF19FF28A61601DF1FFB7F913000FF19FFAC0698
:20E6A0009607913000FF59FFAC06913000FFD9FF28A654FF370F6EF18FFF83013C01913085
:20E6C00000FF19FF28A66F1F12008F2020F09601913000FF19F128A6370170188F01211046
:20E6E000A61F913000FF59FF28A686208F3040F1913000FF19F028A6370070088F002100E3
:20E70000A60F913000FF59FF28A63C01913000FF19FF28A66F0FFC7F910000F7D9FF28C03A
:20E7200091000027D92228C0092F54086DFF7CF7262F89FF1408910000F7D9FF28C009FF82
:20E7400054085E19910000F7D9FF28C0DA0189FF1A083C08910000F7D9FF28C0DA0089FF2B
:20E760001A08913000FF19FFAC067E8382123C0382023C0100906DFF53FF910000F7D9FFAA
:20E7800028C089F21E086DFF51FE910000F7D9FF28C089F21F0800906DFF6AF402246DFF5F
:20E7A00069F37B0000F5911088FF59FF000E3B00FEF79B1F00F5911088FF59FF040E3B70E3
:20E7C00077F19B0F00F1911088FF59FF080EDA00911088FF59FF0C0E82FF911088FF59FF2B
:20E7E000082E82FF911088FF59FF0C2E7B0000F6913088FF59FF000EBBF0FFFB9B3F00F614
:20E80000913088FF59FF040E3B7077F19B0F00F1913088FF59FF080EDA00913088FF59FF68
:20E820000C0E82FF913088FF59FF082E82FF913088FF59FF0C2E7B0000F7915088FF59FFDA
:20E84000000EBB00FEFB9B3F00F7915088FF59FF040E3B7077F19B0F00F1915088FF59FFE5
:20E86000080EDA00915088FF59FF0C0E82FF915088FF59FF082E82FF915088FF59FF0C2EDC
:20E880007B0000FB911088FF59FF008EBB00FEFF9B0F00FB911088FF59FF008E3B7077F176
:20E8A0009B0F00F1911088FF59FF088EDA00911088FF59FF0C8E82FF911088FF59FF08AEFC
:20E8C00082FF911088FF59FF0CAE82FF911088FF59FF104E82FF913088FF59FF104E82FF1E
:20E8E000915088FF59FF104E82FF911088FF59FF144E82FF913088FF59FF144E82FF9150B2
:20E9000088FF59FF144E6DFFB3F302246DFF26F50090DF045D00910000FBD9FF300074F42B
:20E92000910000FBD9FF340074F5910000FBD9FF183054FF538F20F0910000FBD9FF380049
:20E9400010FF74F4910000FBD9FF183054FF538F20F0910000FBD9FF380010FF6815910096
:20E9600000FBD9FF18309100002BD9221830542FC21F74FFBBF0FEFEBE46BBF0FDFDBE4355
:20E98000910000FBD9FF08409100002BD9220840142FC21F34FF910000FBD9FF2030DA00E7
:20E9A00074FF3C01910000FBD9FF183054F0DA137F0F0980910000FBD9FF1830DA0074FFBA
:20E9C0003C01822482056DFF72F13C0100903B301740370568506DFF9EFF00903B40174010
:20E9E000370568506DFF97FF00909130002FD92228A64DC0E1FF160753CF20F060FF91307C
:20EA0000003F30F3D9340C96910000FBD9FF30003B5017F074FF910000FBD9FF3400370578
:20EA200068F074FF910000FBD9FF183054FF538F20F0910000FBD9FF380010FF3B5017F0DD
:20EA400074FF910000FBD9FF183054FF538F20F0910000FBD9FF380010FF370568F06CF1B6
:20EA6000910000FBD9FF18309100005BD9551830545FC21F74FF910000FBD9FF183054F091
:20EA8000DA137F0F0980910000FBD9FF1830DA0074FF3C01542F370F6EF18FFF8301913041
:20EAA00000FF19FF28A66F1F13008F2020F09601913000FF19F128A6370170188F01211061
:20EAC000A61F913000FF59FF28A63C0186208F2040F1913000FF19F028A6370070088F00F3
:20EAE0002100A60F913000FF59FF28A63C01913000FF19FF28A61601DF1FFB7F913000FF28
:20EB000039FF1916B72F02F0913000FFE9FF1916544F370F6EF18FFF8311544F2E1C8F21D8
:20EB200020F096015440370070088F002100A60F744F3C018F2120F09602544037007008EB
:20EB40008F002100A60F744F3C01544F1601DF1FFE7F544F2E1B8F2120F09601544037000D
:20EB600070088F002100A60F744F86218F2140F15440370070088F002100A60F744F3C01C5
:20EB8000544F1601DF1FFE7F913000FFB9F02616DA2237F010F0913000FFF9FF26169130C3
:20EBA00000FF39FF20169602913000FFE9FF2016DA003C02C21F3B905F0106403F0FFCFFBF
:20EBC00000903B601740370568506DFFA4FE009082048205910000FBD9FF00009130002FC0
:20EBE000192F80469130002F19208846260F9130002F1920844682F1C610260F74FF910066
:20EC000000FBD9FF00009130002F192F8C469130002F19209446260F9130002F19209046E0
:20EC200082F1C610260F6CF1910000FBD9FF00009130002F192F98469130002F1920A04670
:20EC4000260F9130002F19209C4682F1C610260F6CF2910000FBD9FF00009130002F192FFC
:20EC600088569130002F19209056260F9130002F19208C5682F1C610260F6CF6910000FBFB
:20EC8000D9FF00009130002F192F94569130002F19209C56260F9130002F1920985682F1A0
:20ECA000C610260F6CF7910000FBD9FF00009130002F192FA0569130002F1920A856260FF8
:20ECC0009130002F1920A45682F1C610260F6CF8910000FBD9FF00009130002F192FAC5691
:20ECE0009130002F1920B456260F9130002F1920B05682F1C610260F6CF9910000FBD9FF36
:20ED000000009130002F192FB8569130002F19208066260F9130002F1920BC5682F1C610E5
:20ED2000260F6CFA910000FBD9FF00009130002F192F84669130002F19208C66260F9130A1
:20ED4000002F1920886682F1C610260F6CFB913000FFD9FF807682003C2A534020F010F25D
:20ED60005421534020F09100002BD92200001022542F26F1DF0119000204534020F010FF47
:20ED800054F1534020F0910000FBD9FF000010FF54FF26F10F01B0F1370F68F08BFF01F1E3
:20EDA000370F48503C06C21037004800BFC0D7FF6DFFB1FD00902018911000F7D9FFE84C07
:20EDC00054F8912003F8D9FF98D9481154F089A1040974A0BB00FBAF9B3AF0AA8209F6892C
:20EDE0007B00F08A911000F7D9FFE84C74F83C017B00F0FA3E857B20F00A5F08C38049A47D
:20EE0000000A3B80005002846DFFACC754A0BB505A1A9B515A1A5F107D805801BB505A0A71
:20EE20009B505A0A5F0F76808B8800B03C6D49A4080A3B80005002B46DFF94C709A2480831
:20EE4000DF025C00FF525A800CA853C22000911000F7D9FFDC2C01F000F614F05F0F4680CA
:20EE600009A0CA0853C220F0911000F7D9FFDC2C10FF09F1C2085F10398053C220F09110B9
:20EE800000F7D9FFEC4C10FF0CA834FF53C220F0911000F7D9FFEC4C10FF09AFCA08ACF172
:20EEA000538220F0911000F7D9FFE85C10FF09AFCA08B4FF538220F0911000F7D9FFE85CD4
:20EEC00010FF8B8B00F089FF020909AFCA088B8F00F042FB911000F7D9FFE84C74FB02B8EC
:20EEE000C219370968903C088B8B00B0911000F7D9FFE84C74FB3C088B8B00B0911000F740
:20EF0000D9FFE84C74FB8B8B00F03FAF92FF3C3854AF6E1E58016E1C6DFFEDC6BB505AFA8D
:20EF20009B5F5AFA74AFBB505AFA9B5F5AFA780149A4000A3B80005002846DFF3CC78B8830
:20EF40000080911000F7D9FFE84C74F83C19BB505AFA9B5F5AFA74AFBB505AFA9B5F5AFA4F
:20EF6000780149A4000A3B80005002846DFF23C78B880080911000F7D9FFE84C74F83C015A
:20EF8000911000F7D9FFE84C8B8800F074FF0D00000300902008912003F8D9FF98D9481141
:20EFA00054F089A1040974A06DFF07FF82181D00C90053C820F0911000F7D9FFEC4C10FFEE
:20EFC00014FFDF0F8F0053C820F0911000F7D9FFEC4C10FF14F0DAFF5F0F840053C820F0C5
:20EFE000911000F7D9FFEC4C10FF09FFC2086E7953C820F0911000F7D9FFEC4C10FF09F0C6
:20F00000C208DAFF5F0F6E00538820F0911000F7D9FFE85C10FF09F40209538820F091102F
:20F0200000F7D9FFEC1C10FFD4F4538820F0911000F7D9FFE85C10FF09F5C0086DFF92C6EA
:20F04000538820F0911000F7D9FFE85C10FF09F40209538820F0911000F7D9FFE85C10FF4C
:20F0600009FFC00842F449A4000A3B8000506DFF79C6538820F0911000F7D9FFEC1C10FF6B
:20F08000D4F4538820F0911000F7D9FFE85C10FF09FFC00882404B0F114282056DFFCBAF4E
:20F0A00054AF7E223C1D538820F0911000F7D9FFEC1C10F4538820F0911000F7D9FFC04C86
:20F0C00010F582446D004F23538820F0911000F7D9FFEC1C10FFD4F402846D00A4003C3049
:20F0E00053C820F0911000F7D9FFEC4C10F453C820F0911000F7D9FFDC2C10F53BC0004056
:20F100006D003123538820F0911000F7D9FFE85C10F4538820F0911000F7D9FFD83C10F517
:20F120003B8000406D001F23538820F0911000F7D9FFC04C10FFD4F402846D007400C218A6
:20F14000BF5839FF911000F7D9FFD06CDA0234FF0D00000300902008912003F8D9FF98D9E8
:20F16000481154F089A1040974A06DFFC4C5911000F7D9FFE84C7B00F0FA74FFBB505AFAD7
:20F180009B5F5AFA74AFBB505AFA9B5F5AFA78017B00F04A49A4000A3B8000506DFF0BC6E4
:20F1A000911000F7D9FFE84C91100027D922E84C542F8B8F00F074FF82183C0D538820F0E6
:20F1C000911000F7D9FFEC1C10FFD4F402846D002A00C218BF58F4FF0D00000300908208B5
:20F1E0003C16911000F7D9FFD42C01F800F614FF5E1D538820F0911000F7D9FFEC1C10FF5E
:20F20000D4F402846D000F003C01C218BF58EBFF911000F7D9FFD46CDA0234FF0D0000033D
:20F22000009020080248404C912003F8D9FF98D9481154F089A1040974A0BB00FB9F9B393A
:20F24000F09A911000F7D9FFE84C54FA538820F0911000F7D9FFE85C10FF09FFC0088240F2
:20F260004B0F1102820540C402046DFFE4AE022B8B8A0000538820F0911000F7D9FFE85CB1
:20F2800010FF09FFC00842F08B8000F07F9F408053C820F0911000F7D9FFEC4C10F43B80F2
:20F2A000005002A46DFF87C58B8A0090538820F0911000F7D9FFE85C10FF89F902095388E5
:20F2C00020F0911000F7D9FFE85C10FF09F5C008029440C46DFF6FC5538820F0911000F7D8
:20F2E000D9FFE85C10FF09FFC00842F974AB49A4000A3B80005002946DFF5DC58B8900F08F
:20F30000911000F7D9FFE84C74FF3C406DFF25FF53C820F0911000F7D9FFEC4C10F43B8038
:20F32000005002A46DFF47C58B8A0090538820F0911000F7D9FFE85C10FF89F902095388A4
:20F3400020F0911000F7D9FFE85C10FF09F5C008029440C46DFF2FC5538820F0911000F797
:20F36000D9FFE85C10FF09FFC00842F974AB49A4000A3B80005002946DFF1DC58B8900F04E
:20F38000911000F7D9FFE84C74FF0D00000300903C19911000F7D9FF441C14FFDE109110EF
:20F3A00000F7D9FF640C14FF5E2A911000F7D9FF441CDA0034FF6DFF56873C01A0046D00FF
:20F3C00041373CE800903C1F911000F7D9FF481C14FFDE16911000F7D9FF640C14FF1E2793
:20F3E000911000F7D9FF640C14FF5E3A911000F7D9FF481CDA0034FF6DFF4DA13C01A00466
:20F400006D0020373CE200903C19911000F7D9FF4C1C14FFDE10911000F7D9FF640C14FF59
:20F420005E2A911000F7D9FF4C1CDA0034FF6DFF6E9D3C01A0046D00CC3E3CE800903C1987
:20F44000911000F7D9FF501C14FFDE10911000F7D9FF640C14FF5E2A911000F7D9FF501C78
:20F46000DA0034FF6DFF93F53C01A0046D00CC463CE800903C15911000F7D9FF541C14FF33
:20F480005E1C911000F7D9FF541CDA0034FF6DFF53886D0094183C01A0046D00D3363CEC26
:20F4A00000903C13911000F7D9FF581C14FF5E1A911000F7D9FF581CDA0034FF6DFFA68972
:20F4C0003C01A0046D00853E3CEE00903C13911000F7D9FF5C1C14FF5E1A911000F7D9FF2F
:20F4E0005C1CDA0034FF6DFFBB893C01A0046D008B463CEE0090911000F7D9FF441CDA0153
:20F5000034FF911000F7D9FF582CD4F46D00E3350090911000F7D9FF481CDA0134FF911064
:20F5200000F7D9FF5C2CD4F46D00D5350090911000F7D9FF4C1CDA0134FF911000F7D9FF4F
:20F54000602CD4F46D008E3D0090911000F7D9FF501CDA0134FF911000F7D9FF642CD4F4DD
:20F560006D009B450090911000F7D9FF541CDA0134FF911000F7D9FF682CD4F46D00AB35A7
:20F580000090911000F7D9FF581CDA0134FF911000F7D9FF6C2CD4F46D00643D00909110DA
:20F5A00000F7D9FF5C1CDA0134FF911000F7D9FF702CD4F46D0071450090911000F7D9FFFF
:20F5C000601CDA0134FF911000F7D9FF583CD4F46D0081350090911000F7D9FF641CDA0157
:20F5E00034FF911000F7D9FF5C3CD4F46D007335009091100348D94406FF91200358D9551B
:20F60000C0393B004040A0063B90015091100077D9775C2C6D001D3791100348D944BC5F9F
:20F6200091200358D955E0393B004040A0063BD0015091100077D977583C6D000A3791106F
:20F640000348D944741F91200358D955FC393B001040A0063BC0015091100077D977682CC7
:20F660006D00F73691100348D94410EF91200358D955D0493B001040A0063BB00150911087
:20F680000077D977582C6D00E43691100348D944827F91200358D955E4493B001040A006F6
:20F6A0003BA0015091100077D9775C3C6D00D136911000F7D9FF782C91200348D944F44940
:20F6C00082548215A00591100368D966524F6D002D4CF4F2911000F7D9FF443C9120034874
:20F6E000D944E45982548215A00591100368D966665F6D001B4CF4F2911000F7D9FF742CC4
:20F7000091200348D944C86982548215A00591100368D966763F6D00094CF4F2911000F74D
:20F72000D9FF543C91200348D944A0D982548215A00591100368D966567F6D00F74BF4F208
:20F74000911000F7D9FF503C91200348D94484E982548215A00591100368D9667A6F6D0074
:20F76000E54BF4F26D00C236911000F7D9FF782CD4F48214A005825602256D00F04B6D00E3
:20F78000B536911000F7D9FF443CD4F48214A005825602256D00E34B6D00A836911000F70E
:20F7A000D9FF742CD4F48214A005825602256D00D64B6D009B36911000F7D9FF543CD4F43B
:20F7C0008214A005825602256D00C94B6D008E36911000F7D9FF503CD4F48214A005825666
:20F7E00002256D00BC4B009091100348D944622F91200358D955B0E93B004040A0063BD005
:20F80000015091100077D9776C2C6D00E93D91100348D944480F91200358D95584F93B00B2
:20F820004040A0063BC0015091100077D977602C6D00D63D911000F7D9FF483C91200348F2
:20F84000D944A4F982548215A00591100368D966426F6D00BF4DF4F2911000F7D9FF7C2C69
:20F8600091200348D944C80982548215A00591100368D9666E4F6D00AD4DF4F26D00FD3D90
:20F88000911000F7D9FF483CD4F48214A005825602256D00B84D6D00F03D911000F7D9FFF6
:20F8A0007C2CD4F48214A005825602256D00AB4D009091100348D9447E0F91200358D955D9
:20F8C000F8093B004040A0063BD0015091100077D977642C6D009F4591100348D9444C3F8D
:20F8E00091200358D955D8193B004040A0063BC0015091100077D977702C6D008C4591104D
:20F9000000F7D9FF403C91200348D944EC1982548215A00591100368D9664A5F6D00AE4F0E
:20F92000F4F2911000F7D9FF4C3C91200348D944DC2982548215A00591100368D9665E6FA1
:20F940006D009C4FF4F26D00B345911000F7D9FF403CD4F48214A005825602256D00A74FB3
:20F960006D00A645911000F7D9FF4C3CD4F48214A005825602256D009A4F00903C21911051
:20F9800000F7D9FF601C14FFDE18911000F7D9FF640C14FF1E27911000F7D9FF640C14FFE8
:20F9A0005E3C911000F7D9FF601CDA0034FF6DFFC6B06DFF6FB23C01A0046D0043343CE064
:20F9C00000903C21911000F7D9FF641C14FFDE18911000F7D9FF640C14FF1E27911000F771
:20F9E000D9FF640C14FF5E3C911000F7D9FF641CDA0034FF6DFFCDAC6DFFDA8C3C01A0047D
:20FA00006D0020343CE00090911000F7D9FF681C91100027D922681C092040098B108000B1
:20FA20008B01A01089F040090090911000F7D9FF701C91100027D922701C092040098B10E0
:20FA400080008B01A01089F040090090911000F7D9FF781C91100027D922781C09204009CB
:20FA60008B1080008B01A01089F0400900903BC0174082156DFF4FF700903BC017408225B9
:20FA80006DFF49F700903BC0174082356DFF43F70090911000F7D9FF402C91100027D9224C
:20FAA000402C092040098B1080008B01A01089F040090090911000F7D9FF482C9110002713
:20FAC000D922482C092040098B1080008B01A01089F040090090911000F7D9FF502C91100F
:20FAE0000027D922502C092040098B1080008B01A01089F040090090914002FF9140022F79
:20FB0000D922F8F1DA003C05820034F0B01FC21F3B0080003F0FFAFF82003C08532020F045
:20FB2000102FBB50A5FAB4FFC210BF40F9FF00907B0010F0915002FF59FF04383C019150C1
:20FB400002FF39FF16386F0FFCFF0090915002FF19F004388F0421F09603A6F0915002FF39
:20FB600059F004383C01915002FF39FF16386F1FFC7F915002FF39FF2A389601915002FF5D
:20FB8000E9FF2A383C01915002FF39FF382816FF3B0008005F0FF9FF00900D000002910076
:20FBA00000F7D9FF184014FFFF3F0F80910000F7D9FF1840910000C7D9CC184014CFC21F6D
:20FBC00034FF1D009700915002FFB9FF0078370F6C403C016DFF9DD002283C01913000FFFD
:20FBE000B9FF0446370F6C406DFF93D04B8201F0AE246B0231983C036B083192910000F77F
:20FC0000D9FF28C089F80C39910000F7D9FF28C089F21039910000F7D9FF28C089F914393B
:20FC2000910000F7D9FF28C009FF1039910000F7D9FF28C009F80C394B8F01F0AE2891006B
:20FC400000F7D9FF28C009FA0C393C07910000F7D9FF28C009FA1039910000F7D9FF28C086
:20FC600009FF1039910000F7D9FF28C009F80C394B8F01F0AE08910000F7D9FF28C009F8DB
:20FC80000C393C07910000F7D9FF28C009F81039910000F7D9FF28C009FF18394BFA01F073
:20FCA000370F61F16E08910000F7D9FF28C089FA18393C01910000F7D9FF28C009FF1C3938
:20FCC0004BF801F0370F61F06E08910000F7D9FF28C089F81C393C017B0011F44BF901F0D3
:20FCE000370F61F16E063BD014406D005D593C010D0040020080201049A4000A6DFF69D09E
:20FD00007B0022FC89AF02097BC030F489AF0609DAE6ACA582146DFF77CD89A20C089150EA
:20FD200002FF39FF0978B70F81F3915002FFE9FF0978915002FF39FF0B78B70F81F39150CC
:20FD400002FFE9FF0B7849A4000A6DFFF2CF913000FF39FF0946B70F81F3913000FFE9FFEA
:20FD60000946913000FF39FF0B46B70F81F3913000FFE9FF0B46913000FFB9FF0846B70F2C
:20FD80000CF0913000FFF9FF0846913000FFB9FF0A463BF0FF00370F0CF0913000FFF9FF75
:20FDA0000A467B00224C6DFF9BCF913000FFB9FF0846372F0CF0913000FFF9FF08467BC0CB
:20FDC00030446DFF8DCF913000FFB9FF0A46372F0CF0913000FFF9FF0A46913000FF39FFBD
:20FDE00009469640913000FFE9FF0946910000F7D9FF28C07BC030F489FF1C39910000F7DB
:20FE0000D9FF28C07B0022FC89FF183900902010DA003E46DA013E49DA023E4C3C109130BD
:20FE200000FFD9FF0C963C0C913000FFD9FF18963C07913000FFD9FF24963C023C0149A4BE
:20FE4000000A6DFF21E9DA002CA46DFFBDE1BB00F0FFACA149A5000A40F46DFF2BE96DFF5F
:20FE6000E1E876276DFFF0E802246DFF4AEA3C0100902010913000FFD9FF28A649A4000AB8
:20FE80006DFF02E9DA002CA46DFF9EE1BB00F0FFACA149A5000A40F46DFF9CE9913000FFA2
:20FEA00019FF28A616013C016E076DFFE1E802246DFF2AEA3C0100904DC0E1FF16073C01A4
:20FEC00053CF20F060FF9130003F30F3D93F0C9654FF16013C016E3A4DC0E1FF16073C011E
:20FEE00053CF20F060FF9130003F30F3D93F0C9654FF370F6EF18FFF83013C014DC0E1FF60
:20FF000016073C0153CF20F060FF9130003F30F3D93F0C9654FF2E1B8F2020F0960154F1E2
:20FF2000370170188F012110A61F74FF86208F3040F154F0370070088F002100A60F74FFA7
:20FF40003C0154FF6F0FFF7F3C010090913000FF19FF28A616013C016E39913000FFD9FF0F
:20FF600028A654FF370F6EF18FFF83013C01913000FF19FF28A66F1F12008F2020F09601D0
:20FF8000913000FF19F128A6370170188F012110A61F913000FF59FF28A686208F3040F107
:20FFA000913000FF19F028A6370070088F002100A60F913000FF59FF28A63C01913000FFB3
:20FFC00019FF28A66F0FFC7F3C0100906D002A006D0045066D0058586DFF70FF6DFFB8FF0B
:20FFE0006DFF8BFE6D00960E910000F7D9FF28C0DA0134FF00900000000000000000000015
:02000004803149
:20000000912003F8D9FF849BDC0F00900000000000000000000000000000000000000000C2
:20002000910000F7D9FF28C082FF89FF1508DA0182083C0D912003F8D9FFEC6901F800F6DC
:2000400009F400086D00DE00262FC218912003F8D9FFD07954F03F08EF7F5E19910000F75C
:20006000D9FF28C0DA0189FF15083C08910000F7D9FF28C0DA0089FF150800907051308034
:20008000C45130809A5130807CAE31807CAE318056523080F2523080245B30807CAE3180F4
:2000A0000C513080CA5030802E5130807CAE31807CAE31807CAE31807CAE31807CAE3180F3
:2000C0007CAE3180125A3080E45A30807E5A30809A5A3080B6593080E45930803A5A30801F
:2000E000685A3080000000000000000000000000000000000000000000000000000000008E
:20010000911003F8D9FF8C690D00000202F4DC0F0000000000000000000000000000000086
:20012000911003F8D9FF84590D00000202F4DC0F000000000000000000000000000000007E
:20014000911003F8D9FFBC390D00000202F4DC0F0000000000000000000000000000000046
:20016000911003F8D9FFB42902F4DC0F00000000000000000000000000000000000000004D
:20018000911003F8D9FFAC190D00000202F4DC0F0000000000000000000000000000000036
:2001A000911003F8D9FFA8090D00000202F4DC0F000000000000000000000000000000002A
:2001C000911003F8D9FF9E990D00000202F4DC0F0000000000000000000000000000000084
:2001E000911003F8D9FF90790D00000202F4DC0F0090000000000000000000000000000002
:20020000916000FFD9FF00013B0010F0E2F401F400F682196DFF2CE7022802846DFF2AE6D3
:2002200009FFCE08B71F81F5ACF702846DFF96E885FF1001820102F085F32C0182020F201F
:20024000A0600F31A0703C013BF0FF0085FF1001820302F285F52C018204A642A6533C018E
:200260000B62C0A00B73D0B0C2F009FFCE082EB3FF10EEFFC5F20001BC2182046DFF73DF6D
:200280009130002F392F3006160F4B0F41F14BF251F03C013C010BAB10486D0019124BF244
:2002A000510009FFF038370F66F46E0382093C01BBC05AFC9B7F72F34BF001F0370F61F1D0
:2002C0006E0382093C01DA00ACF86DFFD1E6022F02F46DFFCFE5820089F0B03802F46DFFB8
:2002E0003DE802923C0100906D00A602910000F7D9FF28C06D002700A83389F20209910095
:2003000000F7D9FF28C06D0058022882910000F7D9FF28C0DA012CFD6DFFB9EA910000F7D2
:20032000D9FF28C0DA022CFD6D005B066D0004086D0039086D00DB086D00D50A6D0084571F
:200340000090910000F7D9FF1C4014FFDF0F2C82910000F7D9FF78009130002F192F241658
:20036000370FE6F38BFF03F234FF910000F7D9FF7800DA052CF1910000F7D9FF7800DAFF27
:200380002CF2910000F7D9FF7800DA00ACF2913000FF19F11016913000FF19FF18163701C1
:2003A00068006F001700910000F7D9FF7800370F62F02CF1910000F7D9FF7800DA002CF2F2
:2003C000910000F7D9FF7800DA00ACF21D005701370168006F101700910000F7D9FF78004A
:2003E000370F62F12CF1910000F7D9FF7800DA012CF2910000F7D9FF7800DA00ACF21D0009
:200400003E01370168006F301700910000F7D9FF7800370F62F32CF1910000F7D9FF7800DF
:20042000DA032CF2910000F7D9FF7800DA00ACF21D002501370168006F401C00910000F73B
:20044000D9FF7800370F62F42CF1910000F7D9FF7800DA042CF2910000F7D9FF7800913026
:20046000002FB92F2616370F70F0ACF21D000701370168006F501700910000F7D9FF780072
:20048000370F62F52CF1910000F7D9FF7800DA052CF2910000F7D9FF7800DA00ACF21D0060
:2004A000EE00370168006F601700910000F7D9FF7800370F62F62CF1910000F7D9FF78005D
:2004C000DA062CF2910000F7D9FF7800DA00ACF21D00D500370168006F701700910000F7BE
:2004E000D9FF7800370F62F72CF1910000F7D9FF7800DA072CF2910000F7D9FF7800DA0067
:20050000ACF21D00BC00370168F86F2F1600910000F7D9FF7800DA012CF1910000F7D9FFE8
:200520007800DA122CF2910000F7D9FF7800DA00ACF21D00A400370168F86F3F160091003B
:2005400000F7D9FF7800DA042CF1910000F7D9FF7800DA132CF2910000F7D9FF7800DA00C4
:20056000ACF21D008C00370168F86F4F1500910000F7D9FF7800DA022CF1910000F7D9FF98
:200580007800DA142CF2910000F7D9FF7800DA00ACF23C74370168FC6F6F1500910000F7C0
:2005A000D9FF7800DA0F2CF1910000F7D9FF7800DA192CF2910000F7D9FF7800DA00ACF2AC
:2005C0003C5D370168F86F7F1500910000F7D9FF7800DA002CF1910000F7D9FF7800DA174F
:2005E0002CF2910000F7D9FF7800DA00ACF23C46370168FC6F0F1500910000F7D9FF780004
:20060000DA002CF1910000F7D9FF7800DA182CF2910000F7D9FF7800DA00ACF23C2F370108
:2006200068FC6F1F1500910000F7D9FF7800DA002CF1910000F7D9FF7800DA192CF291006A
:2006400000F7D9FF7800DA00ACF23C18370168FC6F4F1500910000F7D9FF7800DA002CF149
:20066000910000F7D9FF7800DA1C2CF2910000F7D9FF7800DA00ACF23C01370168F86F0FEB
:200680002400910000F7D9FF7800081F6E16910000F7D9FF7800081F3BF000003E0E9100AC
:2006A00000F7D9FF7800DA032CF1910000F7D9FF7800DA102CF23C01910000F7D9FF780004
:2006C000DA00ACF23C01910000F7D9FF1C40DA0134FF4DC0E1FF16073C0153CF20F060FFC3
:2006E0009130003F30F3D93F0C9654FF370F6EF18FFF83113C014DC0E1FF16073C0153CF5D
:2007000020F060FF9130003F30F3D93F0C9654FF2E1B8F2120F0960154F0370070088F0018
:200720002100A60F74FF8F2120F0960254F0370070088F002100A60F74FF3C0154FF1601A6
:20074000DF1FFE7F913000FF39FF24169602913000FFE9FF24164DC0E1FF16073C0153CF09
:2007600020F060FF9130003F30F3D93F0C9654FF2E1B8F2120F0960154F0370070088F00B8
:200780002100A60F74FF86218F3140F154F0370070088F002100A60F74FF3C0154FF6F0F9F
:2007A000FF7F3C01910000F7D9FF780009F3C40854F23C010090910000F7D9FF204014FFF8
:2007C000EE2B915002FF19FF183816FF6E1F6DFF4FE4022802846DFF4DE3915002FF19F03E
:2007E0002838915002FF19FF183816FFA6F0915002FF59F0283802846DFFB0E5910000F70A
:20080000D9FF2440DA0134FF3C07910000F7D9FF2440DA0034FF910000F7D9FF244014F2B0
:200820003C010090913000FF39FF1316370FE1223C0100906DFFF8FFDF02D880913000FF58
:2008400039FF2756370F61F23C01DF0FBF00913000FF39FF0056163F3B300100FE0691209C
:2008600003F8D9FFD479484F8201913000FF19F030567E09913000FF39F01316370061F3CB
:200880005E1282113C013C15912003F8D9FF84D9484F8201913000FF19F030567E09913035
:2008A00000FF39F01316370061F35E1282113C01913000FFD9FF28A654F037006E018FF04D
:2008C00083213C01913000FF19F028A66F1012008F2220F09601913000FF19F028A63700E9
:2008E00070088F002100A60F913000FF59FF28A68F2220F09602913000FF19F028A637000E
:2009000070088F002100A60F913000FF59FF28A63C01913000FF19FF28A61601DF1FFB7FA2
:20092000913000FF39FF24569602913000FFE9FF2456913000FF19FF28A66F1F12008F2294
:2009400020F09601913000FF19F028A6370070088F002100A60F913000FF59FF28A68622B7
:200960008F3240F1913000FF19F028A6370070088F002100A60F913000FF59FF28A63C01B7
:20098000913000FF19FF28A66F0FFC7F3BF00F003C02C2F0913000FF39FF2756370F61F280
:2009A0005E13FF10F8FF7618910000F7D9FF28C0DA022CFC3C09910000F7D9FF28C0DA017E
:2009C0002CFC6D001A003C10913000FF19FF10167B003801260F82000BF030F13C016E04E8
:2009E0006D000B003C013C07910000F7D9FF28C0DA012CFC00904DC0E1FF16073C0153CFBB
:200A000020F060FF9130003F30F3D93F0C9654FF370F6EF18FFF83113C014DC0E1FF160729
:200A20003C0153CF20F060FF9130003F30F3D93F0C9654FF2E1B8F2120F0960154F037009D
:200A400070088F002100A60F74FF8F2120F0960254F0370070088F002100A60F74FF3C01E6
:200A600054FF1601DF1FFE7F913000FF39FF24169602913000FFE9FF24164DC0E1FF1607DB
:200A80003C0153CF20F060FF9130003F30F3D93F0C9654FF2E1B8F2120F0960154F037003D
:200AA00070088F002100A60F74FF86218F3140F154F0370070088F002100A60F74FF3C0146
:200AC00054FF6F0FFF7F913000FF39FF0056163F3B3001005F0F5680912003F8D9FFD479A3
:200AE0009130002F192F34A6370F6EF18FFF83F13C01862F7BC0FF0FA60F9130002F592FD5
:200B000034A63C019130002F192F34A6370FE1F0DF1FFA7F14FF8FBF2100481FA6F0082F68
:200B20008F8F21F0A6F0081F8FCF21F0A6F09130002F592028569130002F19202456482FC3
:200B400037F012F19130002F592F24569130002FB9202C56483F370F70F037F00CF091301D
:200B600000FFF9FF2C56913000FF19FF245682109B000008A60F913000FF59FF24563C549E
:200B8000912003F8D9FF84D99130002F192F34A6370F6EF18FFF83F13C01862F7BC0FF0F80
:200BA000A60F9130002F592F34A63C019130002F192F34A6370FE1F0DF1FFA7F14FF8FBFF0
:200BC0002100481FA6F0082F8F8F21F0A6F0081F8FCF21F0A6F09130002F59202856913027
:200BE000002F19202456482F37F012F19130002F592F24569130002FB9202C56483F370F68
:200C000070F037F00CF0913000FFF9FF2C56913000FF19FF245682109B000008A60F91301A
:200C200000FF59FF24563C0200003CFF00906DFF1FE2022F916000FFD9FF90038200B4F0BB
:200C400002F46DFF17E1916000FFD9FFB0338200B4F002F46DFF82E3009091200348D944F9
:200C6000344A912003F8D9FF389A54F46D00DD0000902008404C024882093C76534921F096
:200C800010CF09FF00083B001000E20F60FF9160003F30F3D93D0001534921F010CF09FFCC
:200CA000C208DE10534921F010CF09F4C4086D00F600DF120580DA09B4AF3C03DA01B4AF8B
:200CC0003C1C534921F010CF09FFC208DE20534921F010CF09F4C4086D00C700DF12058061
:200CE000DA09B4AF3C03DA01B4AF3C07534921F010CF09FFC808B4AF534921F010CF09FF93
:200D0000C608ACA1534921F010CF09FFCA08ACA2910000F7D9FF28C0088F6E14534921F0F6
:200D200010CF09FFCE08B4AF534921F010CF09FFCC08ACA1534921F010CF09FFD008ACA224
:200D40003C0109DFD00809A0C2087E0B09DFF03809A0C0087E0609DFF23809A0C4083E03CD
:200D600082F23C06C2193F898B7F82F23C010090DA003E4BDA01BE4DDA025F4F2500DA03FA
:200D80003E4EDA0F3E423C29912003C8D9CCE889912003F8D9FF243A54F83C20912003C861
:200DA000D9CC4C7A912003F8D9FF243A54F83C16912003C8D9CC10CA912003F8D9FF243A6B
:200DC00054F83C0C912003C8D9CCE879912003F8D9FFE48954F83C023C016DFF49E1022984
:200DE000820A3C1F534A21F010CF09FF00083B001000E20F60FF9160003F30F3D93F000168
:200E0000DA00ACF802946DFF35E0DA0089FFB03809FFD0089610ACF802946DFF9FE2C21A6A
:200E20003F8AE27F0090404F02486DFF21E102296DFFFFFE02946DFF1DE082003C0FDA0572
:200E40009130002F592FA006534022F010F2D42282FF742FC210370068003F80F27F02947C
:200E60006DFF7CE20090914080FF09FF4C2816036E07914080FF09FF4C2816035E2C91407E
:200E800080FF09FF4F28167F264FEE0382123C0582023C0382023C010090914080FF09FF18
:200EA0004C2816036E07914080FF09FF4C2816035E2C914080FF09FF4E28163F264FEE0338
:200EC00082123C0582023C0382023C010090821282013C42DA003E5BDA01BE5482205F50E3
:200EE0001800DA033E59DA0F3E523C18534122F01042B0423C14534122F0104F49F20C0A09
:200F00003C0E534122F0104F49F2140A3C08534122F0104F49F21C0A3C023C01534122F05E
:200F2000104FD4FF54F04C2126F05423536120F0105F89F002095F30048082103C02820025
:200F4000536120F0105F2810370068F0EE028212C211370168103F41BF7F3C010090DA002B
:200F60003E4CDA015F4F2200DA025F4F2B00DA03BE40DA0F3E423C3191200348D944E8894C
:200F8000912003F8D9FF243A54F46DFF74FE3C2691200348D9444C7A912003F8D9FF243A26
:200FA00054F46DFF68FE3C1A91200348D94410CA912003F8D9FF243A54F46DFF5CFE3C0E94
:200FC00091200348D944E879912003F8D9FFE48954F46DFF50FE3C023C013C01009091606B
:200FE00000FF14FF370FE1F08B0F00823C01DF081880DA006DFF16E0DF1208806DFF24E0CB
:2010000002246DFF0FDFDA01916000FF820074F05E166DFF19E002246DFF79E13C0182001B
:201020003C13534020F0910000F7D9FF401010FF5340201060129130003F3023D932807676
:20104000542174F1C210BFC0EEFF91200348D944344A912003F8D9FF389A54F4910000F7BB
:20106000D9FF28C0083591000057D95534406DFF30FFDF12B88091200348D9443C9A912085
:2010800003F8D9FF0CCA54F4910000F7D9FF28C0083591000057D9553C506DFF1AFFDF12C2
:2010A000A28091200348D944283A912003F8D9FF304A54F4910000F7D9FF28C00835910037
:2010C0000057D95528406DFF04FFDF128C80910000F7D9FF28C008346DFF43FFDFF28380B1
:2010E000910000F7D9FF28C0DA022CFE910000F7D9FF28C008346DFF3DFE91200348D9445E
:20110000344A912003F8D9FF389A54F46DFF8DFE4DC0E1FF16073C0153CF20F060FF913023
:20112000003F30F3D93F0C9654FF370F6EF18FFF83113C014DC0E1FF16073C0153CF20F0C3
:2011400060FF9130003F30F3D93F0C9654FF2E1B8F2120F0960154F0370070088F002100BD
:20116000A60F74FF8F2120F0960254F0370070088F002100A60F74FF3C0154FF1601DF1F7F
:20118000FE7F913000FF39FF24169602913000FFE9FF24164DC0E1FF16073C0153CF20F0AD
:2011A00060FF9130003F30F3D93F0C9654FF2E1B8F2120F0960154F0370070088F0021005D
:2011C000A60F74FF86218F3140F154F0370070088F002100A60F74FF3C0154FF6F0FFF7FF8
:2011E0003C6F910000F7D9FF28C0DA012CFE4DC0E1FF16073C0153CF20F060FF9130003F1F
:2012000030F3D93F0C9654FF370F6EF18FFF83113C014DC0E1FF16073C0153CF20F060FFC2
:201220009130003F30F3D93F0C9654FF2E1B8F2120F0960154F0370070088F002100A60F86
:2012400074FF8F2120F0960254F0370070088F002100A60F74FF3C0154FF1601DF1FFE7FD6
:20126000913000FF39FF24169602913000FFE9FF24164DC0E1FF16073C0153CF20F060FFEA
:201280009130003F30F3D93F0C9654FF2E1B8F2120F0960154F0370070088F002100A60F26
:2012A00074FF86218F3140F154F0370070088F002100A60F74FF3C0154FF6F0FFF7FDF08E5
:2012C00013806DFFC1DE02246DFFACDD916000FF9160002F142F960134FF6DFFB5DE022413
:2012E0006DFF15E00090A5F41840A5F5004085F204403C0100906DFFA7DE022F02F46DFF26
:2013000091DD05F00004B700010025F0000082008211371004088211371001058211371077
:201320000104821137108104A5F0084002F46DFFEEDF00906DFFE1FF82F482083C19538831
:2013400020F0912003F8D9FF882A10FFD4FF54F5538820F0912003F8D9FF882A10FF481F85
:2013600026F56DFFC2FF0224C21837086880912003F8D9FFA88A54FF3FF8E37F3BC0E1F18F
:201380009BBF2CF33E48910000F7D9FF28C0DA012CFF3C07910000F7D9FF28C0DA022CFF6E
:2013A0000090910000F7D9FF28C082FF89FF1C08910000F7D9FF28C082FF89FF1D08910021
:2013C00000F7D9FF28C0083F6E0A910000F7D9FF28C0083F3BF000005F0F8880913000FFA7
:2013E00019FFA006B77F04F0B75F04F2913000FF59FFA0063BF00F003C02C2F0913000FF51
:2014000019FFA406370F61F46E03FF10F8FF3C020000DA103C08915002FF19FF0868570FBC
:2014200061FF3C08915002FF19F00C68570061FF3C013C01DF1FEEFF910000F7D9FF28C045
:20144000DA0189FF1C08913000FF19FFA006B77F0400DA0A37F004F2913000FF59FFA0068E
:201460003B5001403B00015082166DFFF9E03BF00F003C02C2F0913000FF19FFA406370F45
:2014800061F46E03FF10F8FFDA103C08915002FF19FF0868570F61FF3C08915002FF19F0F3
:2014A0000C68570061FF3C013C01EE10910000F7D9FF28C0DA0289FF1008910000F7D9FF65
:2014C00028C0DA0189FF1D083C0F910000F7D9FF28C0DA0189FF1008910000F7D9FF28C046
:2014E000DA0089FF1D083C0100902008910000F7D9FF28C082FF89FF2708910000F7D9FF90
:2015000028C082FF89FF2808910000F7D9FF28C082FF89FF2908910000F7D9FF28C082FF5F
:2015200089FF1808910000F7D9FF28C0DA0189FF1408910000F7D9FF28C082FF89FF1A08C9
:20154000916000FF14FF370FE1F0BA0F74AF3C01EE17DA006DFF66DDDF1208806DFF74DD84
:2015600002246DFF5FDCDA01916000FF820074F05E166DFF69DD02246DFFC9DE3C016DFFE5
:2015800063DD02246DFF4EDC821E911000FF14FF2E1B820E911000FF9110002F142FB70FAA
:2015A00081F034FF3C018218913000FF39FF80062E1D8208913000FF39FF8006B70F81F0A8
:2015C000913000FFE9FF80063C016DFF3DDD02246DFF9DDE910000F7D9FF28C0910000270D
:2015E000D92228C0092F54086DFF1EE0262F89FF1408910000F7D9FF28C009FF54085E19EE
:20160000910000F7D9FF28C0DA0189FF1A083C08910000F7D9FF28C0DA0089FF1A08821A51
:2016200082091D008E00DF3904801D008700DF1904801D0083006DFF1BDD022B02B46DFF65
:2016400019DC913000FF19FF80C682100F900000A60F913000FF59FF80C602B46DFF7EDEB5
:2016600085FF1001820102F085F32C018202A602A6133C013BF0FF6085FF1001820502F4FD
:2016800085F12C018200A640A6513C010B20C0C00B31D0D0C2F6913000FF19FF88C63C0169
:2016A00082100F900000260FEE03FF16E7FF6DFFDFDC022B02B46DFFDDDB913000FF19FFD2
:2016C00080C682100F90000082F1C610260F913000FF59FF80C602B46DFF40DEC5FF0001B2
:2016E000BCF182046DFF3FD5913000FF39FF3006160F4B0F41F14BF251B03C013C010BCDC8
:2017000010486D00E5074BB25100913000FF19FF84C63C016E07DA010F9F00F06E03820A80
:201720003C013BD07BF39B6F60F34BF001F0370F61F16E03820A3C01C21937096890BFB90D
:2017400074FFDF1A1080910000F7D9FF28C0DA0189FF2708910000F7D9FF28C0DA0189FF08
:2017600028088209821B820C3C29534C20F0910000F7D9FF146010FF14FFEE1F534C20F0BD
:20178000910000F7D9FF146010FF09FFC208370F50406DFF1EDE534C20F0910000F7D9FF47
:2017A000146010FF09FFC208370F50406DFF53DEF62382193C013C01C21CBFDCD8FFDF19EB
:2017C0000C80DF1B0A80910000F7D9FF28C0DA0189FF29083C016DFF18DF54AFEE136DFF0D
:2017E00033DC02246DFF1EDB916000FF9160002F142F960134FF6DFF27DC02246DFF87DDCD
:201800003C016DFF21DC02246DFF0CDBF6E9911000FF9110002F142F960134FF3C01F68B8F
:20182000913000FF39FF80069601913000FFE9FF80063C016DFF08DC02246DFF68DDDF1A08
:201840000A80910000F7D9FF28C0DA0189FF18083C08910000F7D9FF28C0DA0089FF180825
:20186000009082083C3582093C27534820F0910003F8D9FFD4A110FFD4FFC81F536920F0D6
:2018800010FF09FF00083B001000E20F60FF9160003F30F3D93F0001DA00ACF86DFFE8DB75
:2018A000022F02F46DFFE6DA820089F0B03802F46DFF54DDC219534820F0910003F8D9FF75
:2018C000D4A110FFD4FF082F3FF9D17FC218534820F0910003F8D9FFD4A110FF54FFEEC480
:2018E0000090910000F7D9FF28C0DA0089FF12084DC0E1FF8F7F00813C0176879100884F76
:2019000082246DFF78BF3C01DF1808009120884F82246DFF70BF3C01DF2808009140884F85
:2019200082246DFF68BF3C0182014DC0E1FF8F7F00213C01913000FFD9FF0C9653C220F0F6
:2019400010FF54F037006E018FF083313C01913000FFD9FF0C9653C220F010FF54FF2E1B14
:201960008F2320F0960154F0370070088F002100A6F074F08F2320F0960254F03700700824
:201980008F002100A60F74FF3C0154FF1601DF1FFE7FDA00761382003C028210370F81F0E1
:2019A000CD0F04090D00C004913000FFD9FF0C9653C220F010FF54FF2E1B8F2320F096010A
:2019C00054F0370070088F002100A60F74FF86238F3340F154F0370070088F002100A60F48
:2019E00074FF3C0154FF6F0FFF7F0D00C00482017617DA009601CD4F20090D00C0044DC073
:201A0000E1FF8F7F00213C01913000FFD9FF0C9653C220F010FF54F037006E018FF08331EF
:201A20003C01913000FFD9FF0C9653C220F010FF54FF2E1B8F2320F0960154F03700700813
:201A40008F002100A6F074F08F2320F0960254F0370070088F002100A60F74FF3C0154FF27
:201A60001601DF1FFE7FDA00761382003C028210370F81F0CDCF20090D00C004913000FF12
:201A8000D9FF0C9653C220F010FF54FF2E1B8F2320F0960154F0370070088F002100A60F4B
:201AA00074FF86238F3340F154F0370070088F002100A60F74FF3C0154FF6F0FFF7F0D00B3
:201AC000C004820A911000FF14F03700E1F0EE13821A6DFFB9DA022902946DFFA3D9911024
:201AE00000FF9110002F142F960134FF02946DFF0EDC3C0191000348D944D4A16DFF95CCA6
:201B0000F629910000F7D9FF28C0822089F012083C08910000F7D9FF28C0DA0189FF120820
:201B20006DFFA1FEDF0A14006DFF8EDA022F02F46DFF78D9911000FF9110002F1420B7008A
:201B4000010034F002F46DFFE2DB3C0182114DC0E1FF8F7F00213C01913000FFD9FF0C96DE
:201B600053C220F010FF54F037006E018FF083313C01913000FFD9FF0C9653C220F010FF69
:201B800054FF2E1B8F2320F0960154F0370070088F002100A6F074F08F2320F0960254F015
:201BA000370070088F002100A60F74FF3C0154FF1601DF1FFE7FDA00761382003C028210C7
:201BC000370F81F0CD0F04090D00C004913000FFD9FF0C9653C220F010FF54FF2E1B8F23D8
:201BE00020F0960154F0370070088F002100A60F74FF86238F3340F154F0370070088F0055
:201C00002100A60F74FF3C0154FF6F0FFF7F0D00C00482117617DA009601CD4F20090D003B
:201C2000C0044DC0E1FF8F7F00213C01913000FFD9FF0C9653C220F010FF54F037006E012F
:201C40008FF083313C01913000FFD9FF0C9653C220F010FF54FF2E1B8F2320F0960154F06D
:201C6000370070088F002100A6F074F08F2320F0960254F0370070088F002100A60F74FFE6
:201C80003C0154FF1601DF1FFE7FDA00761382003C028210370F81F0CDCF20090D00C00420
:201CA000913000FFD9FF0C9653C220F010FF54FF2E1B8F2320F0960154F0370070088F003F
:201CC0002100A60F74FF86238F3340F154F0370070088F002100A60F74FF3C0154FF6F0F46
:201CE000FF7F0D00C00476869100884F82146DFF82BDDF1807009120884F82146DFF7BBD30
:201D0000DF2807009140884F82146DFF74BD00909150024FD9440008BB00004E9BB45A44FD
:201D200082256DFF6DCE9150024FD9440008BB00004A9BC4584482256DFFE0CE9150024F0B
:201D4000D9440008BB00004E9B24564482156DFF57CE9150024FD9440008BB00004C9BC417
:201D6000534482156DFFCACE9150024FD9440008BB00004E9BB44A4482056DFF41CE915011
:201D8000024FD9440008BB0000489B34494482056DFFB4CE9150024FD9440008BB00004E99
:201DA0009BB45A4482556DFF2BCE9150024FD9440008BB00004A9BC4584482556DFF9ECEF4
:201DC0009150024FD9440008BB00004E9BB45A4482456DFF15CE9150024FD9440008BB008E
:201DE000004A9BC4584482456DFF88CE9150024FD9440008BB0000489B644B4482356DFF0A
:201E0000FFCD9150024FD9440008BB00004A9BC4484482356DFF72CE910000F7D9FF28C004
:201E20007B0009F489FF2C39910000F7D9FF28C03BE07AF49B1F04F489FF3C39910000F735
:201E4000D9FF28C03BD0A3F09B7FF9F389FF0C49915002FFD9FF00088218DA026DFF08D9BC
:201E6000022902946DFF06D809F0281982013E1C82113E1D82213E1E82313E1F8241BE10B2
:201E80008251BE113C13378002003C10378002043C0D378002083C0A378002013C0737808B
:201EA00002053C04378002093C0189F0281902946DFF54DA915002FFD9FF00088228DA02AA
:201EC0006DFFD6D8022902946DFFD4D709F0281982013E1C82113E1D82213E1E82313E1FFC
:201EE0008241BE108251BE113C13378002023C10378002063C0D3780020A3C0A378002038C
:201F00003C07378002073C043780020B3C0189F0281902946DFF22DA915002FFD9FF000803
:201F20008218DA016DFFA4D8022902946DFFA2D709F0281982013E1C82113E1D82213E1E9A
:201F400082313E1F8241BE108251BE113C13378002003C10378002043C0D378002083C0ADD
:201F6000378002013C07378002053C04378002093C0189F0281902946DFFF0D9915002FF00
:201F8000D9FF00088228DA016DFF72D8022902946DFF70D709F0281982013E1C82113E1DAD
:201FA00082213E1E82313E1F8241BE108251BE113C13378002023C10378002063C0D3780CA
:201FC000020A3C0A378002033C07378002073C043780020B3C0189F0281902946DFFBED95C
:201FE000915002FFD9FF00088218DA006DFF40D8022902946DFF3ED709F0281982013E1CCE
:2020000082113E1D82213E1E82313E1F8241BE108251BE113C13378002003C10378002047F
:202020003C0D378002083C0A378002013C07378002053C04378002093C0189F02819029406
:202040006DFF8CD9915002FFD9FF00088228DA006DFF0ED8022902946DFF0CD709F02819CD
:2020600082013E1C82113E1D82213E1E82313E1F8241BE108251BE113C13378002023C10FD
:20208000378002063C0D3780020A3C0A378002033C07378002073C043780020B3C0189F0B6
:2020A000281902946DFF5AD96DFFE2D702246DFFE1D6915002FF39F00E28DADF37F008F023
:2020C000915002FFE9FF0E28915002FF39F00A28DAAB37F008F0915002FFE9FF0A28915042
:2020E00002FF39F00D28DAB437F008F0915002FFE9FF0D28915002FF39F00928DA8937F00F
:2021000008F0915002FFE9FF0928915002FF39F00C28DA8837F008F0915002FFE9FF0C280E
:20212000915002FF39F00828DA5937F008F0915002FFE9FF08286DFF9BD702246DFF0ED9C1
:20214000910000F7D9FF28C07B000CF489FF2839910000F7D9FF28C0DA0089FF243991003B
:2021600000F7D9FF28C07B000CF489FF3839910000F7D9FF28C0DA0089FF3439910000F795
:20218000D9FF28C07B000CF489FF0849910000F7D9FF28C0DA0089FF04490090911000F70C
:2021A000D9FFD8ED14FF5E18911000F7D9FF640CDA0234FF3C01911000F7D9FF640C14FFDA
:2021C00082003E0E82103E0C82205F0F2C0082305F0F8F0082405F0FC2001D00D0009110EA
:2021E00000F7D9FF640CDA0234FF911000F7D9FF401C3B007DF074FF911000F7D9FF740CBA
:202200003B007DF074FF911000F7D9FF7C0CDA0134FF911000F7D9FF780CDA0134FF1D007E
:20222000AF00911000F7D9FF700C14FF1E17911000F7D9FFF07C14FF6E22911000F7D9FFCC
:20224000401C3B007DF074FF911000F7D9FF740C3B007DF074FF911000F7D9FF7C0CDA0129
:2022600034FF911000F7D9FF780CDA0134FF911000F7D9FFD46CDA0034FF3C0D911000F78B
:20228000D9FF7C0CDA0034FF911000F7D9FF780CDA0134FF911000F7D9FF7C0C14FFEE27AF
:2022A000911000F7D9FF401C54FF6E0D911000F7D9FF401C91100027D922401C542FC2FF55
:2022C00074FF3C14911000F7D9FF740C3B007DF074FF911000F7D9FF780CDA0134FF91108D
:2022E00000F7D9FF640CDA0334FF3C013C48911000F7D9FFD46C14FFEE046DFF72E73C0E0A
:20230000911000F7D9FFD46C14FF5E28911000F7D9FF780CDA0034FF3C01911000F7D9FFC6
:20232000780C14FFEE1A911000F7D9FF740C54FF6E0D911000F7D9FF740C91100027D9228D
:20234000740C542FC2FF74FF3C07911000F7D9FF640CDA0434FF3C013C12911000F7D9FF17
:202360005C0C14FF5E1A911000F7D9FF600C14FF5E146D0006003C013C023C0100908204C8
:202380006DFFDACC402C6DFF99ED6DFFE1ED6D005A016D0064016DFFCB84910000F7D9FFDE
:2023A0003090D4FF6DFF50D6022802846DFF3AD514FF960134FF02846DFFA9D79110004796
:2023C000D944603CB0446DFFB1C56D002D1F6D00101EC5F400016DFF8ED9914000FF39FF85
:2023E00001C8B70F01F1914000FFE9FF01C8914000FF39FF05C8B70F01F1914000FFE9FF96
:2024000005C8914000FF39FF09C8B70F01F1914000FFE9FF09C8914000FF39FF0DC8B70F32
:2024200001F1914000FFE9FF0DC8914000FF39FF11C8B70F01F1914000FFE9FF11C8914022
:2024400000FF39FF15C8B70F01F1914000FFE9FF15C8914000FF39FF2108B70F01F1914061
:2024600000FFE9FF2108914000FF39FF2D38B70F01F1914000FFE9FF2D38914000FF39FF02
:20248000AD28B70F01F1914000FFE9FFAD28914000FF39FF03C89602914000FFE9FF03C834
:2024A000914000FF39FF07C89602914000FFE9FF07C8914000FF39FF0BC89602914000FFE3
:2024C000E9FF0BC8914000FF39FF0FC89602914000FFE9FF0FC8914000FF39FF13C89602C0
:2024E000914000FFE9FF13C8914000FF39FF17C89602914000FFE9FF17C8914000FF39FF2B
:2025000023089602914000FFE9FF2308914000FF39FF2F389602914000FFE9FF2F3891401E
:2025200000FF39FFAF289602914000FFE9FFAF288204820540C46DFF37CC8204820540C4D5
:202540006DFF64CC820440C46DFF2ACC8214820540C46DFF29CC8214820540C46DFF56CCC2
:20256000821440C46DFF1CCC6DFF6ED502246DFFCED66DFF7DD502246DFFF0D6911000F7DA
:20258000D9FF580CDA0134FF4DC0E1FF8F7F00413C016DFF57B8820482256DFF2DCBDA0092
:2025A0003C030000C21F3B905F0106403F0FFBFF820482056DFFAFE100906DFFF1FD9110AE
:2025C00000F7D9FF6C0C91000027D92228C0092F103974FF911000F7D9FF680C9110002779
:2025E000D922680C542FC21F74FF0090911000F7D9FF680C54FFEE25910000FBD9FF300027
:2026000054FFBBF0FE0EBE06910000FBD9FF300054FFBBF0FD0D3E0E910000FBD9FF300070
:2026200054FF6E083BA00140821582566DFFEA9B3C073BA00140820582566DFFE39B3C0170
:2026400000906DFF01D5022F3B80A95302F46DFFCCD302F46DFF3DD400906DFF09D5022F41
:2026600002F46DFF07D402F46DFF77D402F46DFF75D60090B70408FC3704E80BB71F811BD4
:20268000DA7F3FF00580DA967F0F0480820200908B6009F1325F0FF10010370168200090C1
:2026A000B70408FC3704E80BB71F811BDA7F3FF00580DA967F0F0480820200908B6009F133
:2026C000325F0FF100103701702000908B0420F28B0500F5EE0A7B0008008203B700892B70
:2026E0008F7301F0A6F2009082029B02F02FBBF0FF3F9BF3FF3F0F2480000F358010BA0089
:202700008B0100F4EE4C3B7001800B451068BB00FF1F9BF1FF1F8F0400012651BA008B0137
:2027200000F4EE2182019BF1FF1F8F0400012651BA008B0100F4EE098F751E10774580437C
:2027400002153B0003803C0F8F351F107745804902153B4002803C078FF51F107745804F4C
:202760000215C2180F2480000F3580108B0020F28B0100F5EEF202490B6710A8D2148B8875
:202780001E606DFF626C0F2A80000F3B8010BA008B0100F4EE2B3B0008703C293B600930AF
:2027A000BB00000F9BF00F0026408F0500118B0020F28B0100F5EE073BA008307745005672
:2027C0008FC4004082009B00080082013C05C2F37745805006140B0430F10B1500F20B15C0
:2027E000A0F2EEF602401DFF7BFF82078BF29F008BF3BF1026A026B1BA008B0100F4EE03D1
:202800008F0744718BF80760820402951D008B1991200348D9445C2C1D0002008208404FCC
:202820008209820A820BC81CC82D483C09FF1001DF1F238080CF160180D08F100001FE0485
:202840006E04C2FC04DF24CF76CF8F3C00018FEC1FF06E0902F140D2C2F16014442164C1AA
:20286000FC4E90DD020CDF0CE07FC2FC60C204DF24CFFC2E3CD9DE2580CF2E03C2FC24C926
:20288000DF0CD37F8F3C00F106EC76C5C2FC60C264CAFC2F6EC9C2FF60F224CBFC2F3CC475
:2028A0008F0F1F00DF002E008F3F0001DF102B8080CF8F3F00D180DF1603FEDB76DB02D47F
:2028C00040C440D56D00750001CD00C601DD00D6A2DC76CF8F3C00018FEC1FF06E0902F132
:2028E00040D2C2F16014442164C1FC4E90DD020CDF0C9B7F02C440C440D56D005A003C94D5
:2029000000901603DF2F91FF80CF16036E0702F440C46D00370010CCA2FCDF0C867F8F3CC0
:20292000004106EC76C5C2FC60C264C8FC2FDF047C7F40C46D0026001DFF77FF00909100CA
:2029400000F7DA1759FF70303B0004406D0005007B00FC270090BA0492F200903704E82B58
:20296000B704894B8BF20F228B04002400903704E82BB704894B8BF20F228B0420240090E9
:202980003BF00F00804F1603063F0FF0100082FFC6F0C2F4604F804FB70F02F060F2B01488
:2029A000542F260F742F77000004FCF60090804F16033BF00F008F3F00100F10100082F11D
:2029C000C610C2F4604F8041B7010220095101008F3F0030B0140F3110106022C21F5422CB
:2029E00016032602A612742277000004FDF0ED7F0090910000F7D9FF0C70D4F2914000571A
:202A0000D955808801240046015420F4EE0891400057D9554089014530F4EE0482FF60F268
:202A20000090F4F40090910000F7D9FF087014FF3B0002007E038212009091000027D9220E
:202A4000701090228202F424C21F34FF009091200348D944AC8A6DFFFBC9009091200348F9
:202A6000D944849A6DFFF4C900908F151E503754812F00903704E80BDAFF7E09B70489FBB8
:202A8000EE048F141EF0AA04024200903704E8FBEE047B00F82300907B202BFC4BF401F0E9
:202AA0002E073B8000406DFF58FF820200907B202BF44BF401F02E2D910000F7DA1859FFF8
:202AC00070303B0002406DFF48FF7B00F8270090BBB0A3FA9B8FFBF34BF441F002F46D0009
:202AE0002E004B0231513BD0C6144B054101BB603A2E6B0031FF7B00F0036B0031FF9BC1DF
:202B0000D6134BFF41009B620E246B1061123B304F209B52FB234BF141F0BB80D2189B61B1
:202B20001A146B0121006B0F21106B0F31F04B2141104BF151401D006704DA0020084BF441
:202B400001F074A46F0F15006744BF4F40A46D0067063702E8FB6E0754AF7B00F8036B00ED
:202B600021FF74AF54AF67FFBFFF74AF3C0440A46D00560654A20090BD043100B0C4404C63
:202B800054CF910000D7B70F0180D9DD4840D4DF74C801C800E654EF6E04AE0342F83CF9B2
:202BA00054F001F000267DC20580420874F840FCEE1082046DFF1FFFB04E7DE20A80325885
:202BC00002846DFF18FF802F1EF3DA0074CFD4DF80CF80F00B0F90F174DF0090024537059C
:202BE000E80BF605820474441DFF41FF8B2018F0744FDAFF7E0302520090B705882B7B00AF
:202C0000F0F3A6F20090BB000008910000F7D9FF000480FF8F7F0011761BC27FB70F03F059
:202C2000910000F7D9FF000480F15211A21060FF91100027D922000C742F91100027D92216
:202C4000000C820189210409420F91200328D922949A5420A20FB70F030091000027D92237
:202C6000000074206002DA006C216002A004F42480FF5AF06CF174F091000027D922080094
:202C8000481F742F91000027D9220400481F742F0090404F91100057D955000C3C02D455B1
:202CA000545F80F03F0FFDFF4C5110527DF208804C514810420F6C51405F3C01481F10F269
:202CC000D4547D421B80D45291000047D9440000D4447D420C00481FD45209200409420F60
:202CE0006CF1D452D422F4F23C0791000027D9220000D422F4F23C03D452F4F27DF50400E2
:202D0000F45F3C0100900248A00C6D008D1A910000F7D9FF000054FFEE046DFF76FF3C01C6
:202D2000BF181580912003F8D9FF949A54F08B8000008F7800F1A2F08BF01F110B8130F144
:202D4000EE0342083C0282083C01EFF87680BF187380910000F7D9FF040054FF3F8F6C801B
:202D600091100027D922000C911000F7D9FF000CD4FF3C0340F2D4FF481F7F8F048054FFA5
:202D8000EEFA91000047D9440000D4447D4F5300D42491200358D955949A545F104CD4F4E8
:202DA000F424481FA28F91200328D922949A542006107FF00B8001F80046481FA28F6C4156
:202DC00068186DFF68FF3C0191000027D922040091000047D94404005440481FA2F0742092
:202DE00091000027D9220400542F91000027D922080054207F0F0D8091000027D922080094
:202E000091000047D9440400544F742F3C01481FB71F81FF6CF1A002F4F2910000F7D9FF34
:202E20000C0091000027D9220C00542FC21F74FF3C013C013C016D00B11D7CC46DFF19E653
:202E40003C0140C23C010090BD043300804F912003F8D9FF949A54F0A20F60FF481FEFFF48
:202E6000280054FFEE24481FB70F81FF6CF16D00DB1991000027D922040091000047D944AE
:202E800004005440481F42F0742040F46DFF03FF910000F7D9FF100091000027D922100098
:202EA000542FC21F74FF6D00791D3C013C010090BB000008910000F6D9FF000480FF8F7F7B
:202EC0000011761BC27FB70F03F0910000F6D9FF000480F15211A21060FF91100026D9224C
:202EE000000C742F91100026D922000C820189210409420F91200328D922949A5420A20FA0
:202F0000B70F030091000026D922000074206002DA006C216002A004F42480FF5AF06CF195
:202F200074F091000026D9220800481F742F91000026D9220400481F742F0090404F9110E9
:202F40000056D955000C3C02D455545F80F03F0FFDFF4C5110527DF208804C514810420FD1
:202F60006C51405F3C01481F10F2D4547D421B80D45291000046D9440000D4447D420C00D0
:202F8000481FD45209200409420F6CF1D452D422F4F23C0791000026D9220000D422F4F2ED
:202FA0003C03D452F4F27DF50400F45F3C0100900248A00C6D00FF20910000F6D9FF00004F
:202FC00054FFEE046DFF76FF3C01BF181580912003F8D9FF949A54F08B8000008F7800F129
:202FE000A2F08BF01F110B8130F1EE0342083C0282083C01EFF87680BF187380910000F679
:20300000D9FF040054FF3F8F6C8091100026D922000C911000F6D9FF000CD4FF3C0340F23A
:20302000D4FF481F7F8F048054FFEEFA91000046D9440000D4447D4F5300D424912003585A
:20304000D955949A545F104CD4F4F424481FA28F91200328D922949A542006107FF00B8004
:2030600001F80046481FA28F6C4168186DFF68FF3C0191000026D922040091000046D94492
:2030800004005440481FA2F0742091000026D9220400542F91000026D922080054207F0F16
:2030A0000D8091000026D922080091000046D9440400544F742F3C01481FB71F81FF6CF134
:2030C000A002F4F2910000F6D9FF0C0091000026D9220C00542FC21F74FF3C013C013C01B1
:2030E0006D0023247CC46DFFCAE43C0140C23C010090BD043300804F912003F8D9FF949A41
:2031000054F0A20F60FF481FEFFF280054FFEE24481FB70F81FF6CF16D004D2091000026DE
:20312000D922040091000046D94404005440481F42F0742040F46DFF03FF910000F6D9FFD6
:20314000100091000026D9221000542FC21F74FF6D00EB233C013C010090BB0000089100ED
:2031600000F5D9FF000480FF8F7F0011761BC27FB70F03F0910000F5D9FF000480F152111F
:20318000A21060FF91100025D922000C742F91100025D922000C820189210409420F9120A5
:2031A0000328D922949A5420A20FB70F030091000025D922000074206002DA006C2160025D
:2031C000A004F42480FF5AF06CF174F091000025D9220800481F742F91000025D922040031
:2031E000481F742F0090404F91100055D955000C3C02D455545F80F03F0FFDFF4C511052A3
:203200007DF208804C514810420F6C51405F3C01481F10F2D4547D421B80D45291000045F1
:20322000D9440000D4447D420C00481FD45209200409420F6CF1D452D422F4F23C07910047
:203240000025D9220000D422F4F23C03D452F4F27DF50400F45F3C0100900248A00C6D002E
:20326000C527910000F5D9FF000054FFEE046DFF76FF3C01BF181580912003F8D9FF949A83
:2032800054F08B8000008F7800F1A2F08BF01F110B8130F1EE0342083C0282083C01EFF8D6
:2032A0007680BF187380910000F5D9FF040054FF3F8F6C8091100025D922000C911000F57C
:2032C000D9FF000CD4FF3C0340F2D4FF481F7F8F048054FFEEFA91000045D9440000D444B4
:2032E0007D4F5300D42491200358D955949A545F104CD4F4F424481FA28F91200328D922F1
:20330000949A542006107FF00B8001F80046481FA28F6C4168186DFF68FF3C019100002531
:20332000D922040091000045D94404005440481FA2F0742091000025D9220400542F9100AD
:203340000025D922080054207F0F0D8091000025D922080091000045D9440400544F742FC0
:203360003C01481FB71F81FF6CF1A002F4F2910000F5D9FF0C0091000025D9220C00542FC4
:20338000C21F74FF3C013C013C016D00E92A7CC46DFF7BE33C0140C23C010090BD04330098
:2033A000804F912003F8D9FF949A54F0A20F60FF481FEFFF280054FFEE24481FB70F81FFA9
:2033C0006CF16D00132791000025D922040091000045D94404005440481F42F0742040F448
:2033E0006DFF03FF910000F5D9FF100091000025D9221000542FC21F74FF6D00B12A3C01D4
:203400003C01009002483708E8FB6E043BF00F007E030282009012503BE01FF03F5F050003
:20342000DAFE7F0F0E00910000F7DA1859FF70303B0002406DFF91FA7B00F8473C0B3B20D6
:20344000E0FF3FF503004E093B8000406DFF85FA820402851DFF0BFBB708882B8F7001F088
:20346000A6F20090A0041D00080091100348D94464131DFFDAFA404591000047D9444C40E5
:203480001D001B00910000F7D9FF107054FFEE05DA0174FF1D00030000906DFFE8FF9100EC
:2034A00003F8D9FF1C3054FF6E06C4F22D02000054FFEEFC00902008404CF4A53C16D4A25F
:2034C000D4DFBC26C8347D24040040FD3C0FD4F2F4D2D4CEC822C8142D02000040F46DFF6B
:2034E0004DFBD4CF7DEF030040CD54DFEEE900900942900909458409CC42EC5209458809E1
:20350000CC41EC51CC217D4F0580CC42EC213C01A00FEC44542FC2FF742F54223C010090C2
:20352000A00FEC440090494F080AEC4182FF6C42494F080AEC43494F080AEC44DA00744FC6
:203540000090CC41EC51C82289528809C82289258409E82589549009544FC21F744F0090BC
:20356000545F5EF3CC443C09494F080A3C02C81FC81254207F0FFDFFC812895284090952AE
:20358000840989258809EC52E81589549009544FC21F744F0090DA0020084BF401F016038C
:2035A0006E123704E8FBEE0D910000F7DA1859FF70303B0001406DFFD0F97B00F82F00901D
:2035C0001DFFBFF93704E80BDAFF7E030242009040A46DFF05FB3B304FF09B5FF3F34BF2A4
:2035E00001F02E087B0000F44BF2412054AFC2FF74AF7B00F8F36B0F31026B0F21F23B6075
:2036000022144BF051F03BE014219B51F6134BFF41009B42052C6B1061023BD014119B4130
:20362000FD1B6BFF61113B8021279B12F3234B10510054A14B0141114B2141106BF06121F7
:203640000090C234B70402F06E659249DF096300910000F7D9FF484054FFEE1582046DFF0E
:20366000CAF9802F325F160392446DFFC4F98020DFF051001022F4F291000047B542444004
:2036800082007420D4FC820A3C0310CCB0FC54CF6E036F0FFCFFF4FC3C1DB70801F010CF0C
:2036A0006F08188054FFEE1182046DFFA4F949F4040A7D420F80325802846DFF9CF9802FC1
:2036C0001EF874CA82083C0CAE0442F874C840CF40FC54C876856F08E2FF3F98E0FFDF0845
:2036E0002680BF19180002946DFF85F9802F9EF249CF040A01F220F4EE0D012F30F4EE12F9
:20370000802F325F1603102F92446DFF74F9802F5EF3A002009001CF2020802F960174CF97
:2037200040FC01C900F674FA3C0A9A493FF8078001C900F6A29874F83C0202898F1940F130
:2037400074CF49C2040A00903C09144F1450C2F43E0352020090B014B015DF04F8FF8202AF
:203760000090DF043000404FBF842780804F8F3F000180518F3100115F101F802E06C2F4F5
:20378000045F344F494F010A80FF2E16045F24FFC2E4045F24FF8F7400018FD41FF06E0B3C
:2037A00002F14052C2F160160922480189F24801FC6CD05502047646C2F46042045F24FFF6
:2037C000FC2E40420090404FBF852380804F2E05C2F53444494F010A80FF2E1424F4C2E5E3
:2037E00024F48F7500F106D5DF051200D200764A370468008F802010A6108F002110A6104B
:203800000201C2F5605289F04801FC2E02F57655C2F5605224F4FC2F40420090024F370F39
:20382000E81B8F1F1E00DAFF7E17024F7444B70F89FB6E123C0B8FF00150DA7F7FF109008F
:20384000DA00B70F81FFA65F744F02420090DA963FF10A007444DA00B70F81FF8FF001208A
:20386000A6F20090B704890B8F71012082F38B6109110F1300302630B700890BA652A602A2
:2038800074426B0231F4B70F812FA6520090912003F8D9FF9C9AD4FF91200328D9229C9A48
:2038A000D422542FB70F01F574FF912003F8D9FF989AD4FF91200328D922989AD422542F55
:2038C000B70F01F574FF0090DA1F0D0040034DC0E20FB700080016FFA6F0CDC0E20F0D00ED
:2038E000C0040D000003911000F7D9FF080C91100027D922080C542FC21F74FF911000F72A
:20390000D9FF080C54FF5E134D40E0FF0090911000F7D9FF080C91100027D922080C542F1D
:20392000C2FF74FF911000F7D9FF080C54FFEE10DA000D0040034DC0E20FB700080016FF82
:20394000A6F0CDC0E20F0D00C0040D0000030090DA003E423C046D0007003C023C018202D5
:203960003C010090DA020D0080044D00E00F6E19370064188FC1011037011003600F3C013F
:2039800082003C0B54F1370164288FC2012037121013601F3C01C21092F13F10F57F54F05F
:2039A000370064F88FCF01F0370F10F360FF3C0154FF370F64188FC1011037F110F360FF40
:2039C0003C0191000027D9221470D422482F742FD42FB0CFF42FD42F91100047D944080CA2
:2039E000544F74FFD42FB0CFF42FD42F74F06D00AC14DA020D008004910000F7D9FF147027
:203A0000D4FFD4F25420D4F2B042F4F291100027D922080CD4F454417421D4F2B042F4F294
:203A2000EE06CD00E00F0D00C0043C1B4D00E01F370164288FC2012037121013601F3C0104
:203A400082013C0B54F2370264388FC3013037231023602F3C01C21192F23F21F57F74F016
:203A600000900D0000020D004003DA000D0080044D00E00F6E19370064188FC101103701DD
:203A80001003600F3C0182003C0B54F1370164288FC2012037121013601F3C01C21092F1A6
:203AA0003F10F57F54F0370064F88FCF01F0370F10F360FF3C0154FF370F64188FC10110C2
:203AC00037F110F360FF3C0191000027D9221470D422482F742FD42FB0CFF42FD42F91108F
:203AE0000047D944080C544F74FFD42FB0CFF42FD42F74F06D002914DA000D008004910086
:203B000000F7D9FF1470D4FCD4CF54FAD4CFB04FF4CF911000F7D9FF080CD4CD54D874F86F
:203B2000D4CFB04FF4CFEE06CD0AE00F0D00C0043C1B4D00E08F370864988FC9019037899E
:203B40001083608F3C0182083C0B54F9370964B88FCB01B0379B1093609F3C01C21892F90B
:203B60003F98F57F74FA0D0000030D00400200800D000002912003F8D9FFA09AD4F2912069
:203B800003F8D9FFA09AD4FF48CF3B50C3000650420F6C2C912003F8D9FFA09AD4FF91205F
:203BA0000328D922A09AD422092F0019960189FF0019DA1F0D0040034DC0E28FB708080098
:203BC00016FFA6F0CDC0E20F0D00C0040D0000033C016D0092140D004003CDC8E20F0D00A8
:203BE000C0040D0000038208914000FF19FF9068370F61FC1E1376228218914000FF19FF99
:203C000090688FA80180A68F914000FF59FF90680D0080040D00C0040D004002008000006E
:203C2000000000000000000060F00070000000006CF000700000000084F000700000000014
:203C4000D8020070000000000000000000000000000000000000000000000000000000001A
:203C6000000000000000000000000000000000000000000000000000000000000000000044
:203C8000000000000000000000000000000000000000000000000000000000000000000024
:203CA000000000000000000000000000000000000000000000000000000000000000000004
:203CC000911003E8D9EE9AEFDC0E912003F8D9FFA09AD4FFDA1F6CFE912003F8D9FFA09A6C
:203CE000D4F2912003F8D9FFA09AD4FF48FFB70F01F16C2FDA006E03DA013C02DA009120E4
:203D000003F8D9FF9C9AD4FF8FBF20F0960274FF912003F8D9FF9C9AD4FF91200328D922FA
:203D20009C9AD422542FB71F01F574FF912003F8D9FFA09AD4F2912003F8D9FFA09AD4FF80
:203D4000484F6C2C912003F8D9FFA09AD4FF91200328D922A09AD422092F0019960189FF2C
:203D60000019912003F8D9FFA09AD4F2912003F8D9FFA09AD4FF48FF96016C2F912003F8F0
:203D8000D9FFA09AD4F2912003F8D9FFA09AD4FF484F3B50C3000650420F6C2CDA006E034B
:203DA000DA013C02DA00912003F8D9FF989AD4FF8FBF20F0960174FF912003F8D9FF989A69
:203DC000D4FF91200328D922989AD422542FB71F01F574FF0D004003DA000D008004910003
:203DE00000F7D9FF1470D4FFD4F25420D4F2B042F4F291100027D922080CD4F454417421FC
:203E0000D4F2B042F4F2EE06CD00E00F0D00C0043C1B4D00E01F370164288FC20120371261
:203E20001013601F3C0182013C0B54F2370264388FC3013037231023602F3C01C21192F28B
:203E40003F21F57F74F04D40E0FFB70F07F0CD4FE00F0D00C0040D00400200800000000056
:203E6000000082023C010090912003F8D9FFA89AD4FF91200328D922A89AD422542FB70F00
:203E800001F574FF912003F8D9FFA49AD4FF91200328D922A49AD422542FB70F01F574FF67
:203EA0000090DA1F0D0040034DC0E20FB700080016FFA6F0CDC0E20F0D00C0040D00000362
:203EC000911000F6D9FF080C91100026D922080C542FC21F74FF911000F6D9FF080C54FFDC
:203EE0005E134D40E0FF0090911000F6D9FF080C91100026D922080C542FC2FF74FF9110A4
:203F000000F6D9FF080C54FFEE10DA000D0040034DC0E20FB700080016FFA6F0CDC0E20F5E
:203F20000D00C0040D0000030090DA003E423C046D005D003C023C0182023C0100900000E0
:203F4000000000000000000000000000000000000000000000000000000000000000000061
:203F6000000000000000000000000000000000000000000000000000000000000000000041
:203F800000000000000000000000000000000000000000000000000000000000000002011E
:203FA0000302040400000000000000000000000000000000000000000000000000000000F4
:203FC000911003E8D9EE2834DC0E0000000000000000000000000000000000000000000048
:203FE000911003E8D9EE3674DC0EDA020D0080044D00E00F6E19370064188FC1011037015E
:204000001003600F3C0182003C0B54F1370164288FC2012037121013601F3C01C21092F120
:204020003F10F57F54F0370064F88FCF01F0370F10F360FF3C0154FF370F64188FC101103C
:2040400037F110F360FF3C0191000027D9220880D422482F742FD42FB0CFF42FD42F911005
:204060000046D944080C544F74FFD42FB0CFF42FD42F74F06D003019DA020D0080049100F3
:2040800000F7D9FF0880D4FFD4F25420D4F2B042F4F291100026D922080CD4F45441742156
:2040A000D4F2B042F4F2EE06CD00E00F0D00C0043C1B4D00E01F370164288FC201203712BF
:2040C0001013601F3C0182013C0B54F2370264388FC3013037231023602F3C01C21192F2E9
:2040E0003F21F57F74F000900D0000020D004003DA000D0080044D00E00F6E1937006418B8
:204100008FC1011037011003600F3C0182003C0B54F1370164288FC2012037121013601F18
:204120003C01C21092F13F10F57F54F0370064F88FCF01F0370F10F360FF3C0154FF370F86
:2041400064188FC1011037F110F360FF3C0191000027D9220880D422482F742FD42FB0CFEE
:20416000F42FD42F91100046D944080C544F74FFD42FB0CFF42FD42F74F06D00AD18DA00D3
:204180000D008004910000F7D9FF0880D4FCD4CF54FAD4CFB04FF4CF911000F6D9FF080CFD
:2041A000D4CD54D874F8D4CFB04FF4CFEE06CD0AE00F0D00C0043C1B4D00E08F3708649888
:2041C0008FC9019037891083608F3C0182083C0B54F9370964B88FCB01B0379B1093609F7E
:2041E0003C01C21892F93F98F57F74FA0D0000030D00400200800D000002912003F8D9FFF2
:20420000AC9AD4F2912003F8D9FFAC9AD4FF48CF3B50C3000650420F6C2C912003F8D9FFCD
:20422000AC9AD4FF91200328D922AC9AD422092F0019960189FF0019DA1F0D0040034DC073
:20424000E28FB708080016FFA6F0CDC0E20F0D00C0040D0000033C016D0016190D004003F3
:20426000CDC8E20F0D00C0040D0000038208914000FF19FF9468370F61FC1E137622821863
:20428000914000FF19FF94688FA80180A68F914000FF59FF94680D0080040D00C0040D00BA
:2042A00040020080912003F8D9FFAC9AD4FFDA1F6CFE912003F8D9FFAC9AD4F2912003F800
:2042C000D9FFAC9AD4FF48FFB70F01F16C2FDA016E03DA023C02DA01912003F8D9FFA89A4C
:2042E000D4FF8FBF20F096FF74FF912003F8D9FFA89AD4FF91200328D922A89AD422542F5A
:20430000B71F01F574FF912003F8D9FFAC9AD4F2912003F8D9FFAC9AD4FF484F6C2C912051
:2043200003F8D9FFAC9AD4FF91200328D922AC9AD422092F0019960189FF0019912003F849
:20434000D9FFAC9AD4F2912003F8D9FFAC9AD4FF48FF96016C2F912003F8D9FFAC9AD4F2D3
:20436000912003F8D9FFAC9AD4FF484F3B50C3000650420F6C2CDA016E03DA023C02DA013B
:20438000912003F8D9FFA49AD4FF8FBF20F096FE74FF912003F8D9FFA49AD4FF91200328B2
:2043A000D922A49AD422542FB71F01F574FF0D004003DA000D008004910000F7D9FF088069
:2043C000D4FFD4F25420D4F2B042F4F291100026D922080CD4F454417421D4F2B042F4F2CC
:2043E000EE06CD00E00F0D00C0043C1B4D00E01F370164288FC2012037121013601F3C013B
:2044000082013C0B54F2370264388FC3013037231023602F3C01C21192F23F21F57F74F04C
:204420004D40E0FFB70F07F0CD4FE00F0D00C0040D004002008000000000000082023C01E7
:2044400000902008404DF4A5406C8208A00F0D0040030D0080044D80E39F370964F88FCF6F
:2044600001F0379F10F360FE3C01BCEB54E854EF370F64088FC0010037F010F360FF3C01E9
:20448000BCE8BCF754FFCD8FE30F0D00C0043C030D0000020D00000382043B00045040F4AC
:2044A0006DFF93F980DF6CF23BF08FF06CF17B0002F074FF82043B00045040E46DFF85F93D
:2044C00080CF6CE8D4AF80FF6CE1B73802FA74EF40D2B0C2DA00742FB0C274293C010090BF
:2044E000912003F8D9FFB49AD4FF91200328D922B49AD422542FB70F01F574FF912003F89E
:20450000D9FFB09AD4FF91200328D922B09AD422542FB70F01F574FF0090DA1F0D00400304
:204520004DC0E20FB700080016FFA6F0CDC0E20F0D00C0040D000003911000F5D9FF080C32
:2045400091100025D922080C542FC21F74FF911000F5D9FF080C54FF5E134D40E0FF00906D
:20456000911000F5D9FF080C91100025D922080C542FC2FF74FF911000F5D9FF080C54FF58
:20458000EE10DA000D0040034DC0E20FB700080016FFA6F0CDC0E20F0D00C0040D0000032C
:2045A0000090D44F54FFB70F0C0A370064F88FCF01F0370F10F360FF3C013C0E54FFB70FEF
:2045C0000CFA74FF54FF370F64188FC1011037F110F360FF3C0154FFB70F0CFAEEF00D001B
:2045E00040030D0080044D80E3FF74FFCD80E30F0D00C0040D0000030090DA003E423C047B
:204600006D0007003C023C0182023C010090DA020D0080044D00E00F6E19370064188FC127
:20462000011037011003600F3C0182003C0B54F1370164288FC2012037121013601F3C0106
:20464000C21092F13F10F57F54F0370064F88FCF01F0370F10F360FF3C0154FF370F641822
:204660008FC1011037F110F360FF3C0191000027D9223C80D422482F742FD42FB0CFF42FEE
:20468000D42F91100045D944080C544F74FFD42FB0CFF42FD42F74F06D00391EDA020D0031
:2046A0008004910000F7D9FF3C80D4FFD4F25420D4F2B042F4F291100025D922080CD4F412
:2046C00054417421D4F2B042F4F2EE06CD00E00F0D00C0043C1B4D00E01F370164288FC2D9
:2046E000012037121013601F3C0182013C0B54F2370264388FC3013037231023602F3C01B0
:20470000C21192F23F21F57F74F000900D0000020D004003DA000D0080044D00E00F6E19ED
:20472000370064188FC1011037011003600F3C0182003C0B54F1370164288FC201203712E1
:204740001013601F3C01C21092F13F10F57F54F0370064F88FCF01F0370F10F360FF3C0157
:2047600054FF370F64188FC1011037F110F360FF3C0191000027D9223C80D422482F742F7D
:20478000D42FB0CFF42FD42F91100045D944080C544F74FFD42FB0CFF42FD42F74F06D00CB
:2047A000B61DDA000D008004910000F7D9FF3C80D4FCD4CF54FAD4CFB04FF4CF911000F5E3
:2047C000D9FF080CD4CD54D874F8D4CFB04FF4CFEE06CD0AE00F0D00C0043C1B4D00E08FB1
:2047E000370864988FC9019037891083608F3C0182083C0B54F9370964B88FCB01B0379BBF
:204800001093609F3C01C21892F93F98F57F74FA0D0000030D00400200800D0000029120FC
:2048200003F8D9FFB89AD4F2912003F8D9FFB89AD4FF48CF3B50C3000650420F6C2C91208F
:2048400003F8D9FFB89AD4FF91200328D922B89AD422092F0019960189FF0019DA1F0D00B2
:2048600040034DC0E28FB708080016FFA6F0CDC0E20F0D00C0040D0000033C016D001F1EBF
:204880000D004003CDC8E20F0D00C0040D0000038208914000FF19FF9868370F61FC1E131B
:2048A00076228218914000FF19FF98688FA80180A68F914000FF59FF98680D0080040D002B
:2048C000C0040D0040020080912003F8D9FFB89AD4FFDA1F6CFE912003F8D9FFB89AD4F29D
:2048E000912003F8D9FFB89AD4FF48FFB70F01F16C2FDA016E03DA033C02DA02912003F886
:20490000D9FFB49AD4FF8FBF20F096FF74FF912003F8D9FFB49AD4FF91200328D922B49A6E
:20492000D422542FB71F01F574FF912003F8D9FFB89AD4F2912003F8D9FFB89AD4FF484FE3
:204940006C2C912003F8D9FFB89AD4FF91200328D922B89AD422092F0019960189FF00196E
:20496000912003F8D9FFB89AD4F2912003F8D9FFB89AD4FF48FF96016C2F912003F8D9FFF5
:20498000B89AD4F2912003F8D9FFB89AD4FF484F3B50C3000650420F6C2CDA016E03DA0309
:2049A0003C02DA02912003F8D9FFB09AD4FF8FBF20F096FE74FF912003F8D9FFB09AD4FF36
:2049C00091200328D922B09AD422542FB71F01F574FF0D004003DA000D008004910000F7BB
:2049E000D9FF3C80D4FFD4F25420D4F2B042F4F291100025D922080CD4F454417421D4F2EB
:204A0000B042F4F2EE06CD00E00F0D00C0043C1B4D00E01F370164288FC2012037121013F8
:204A2000601F3C0182013C0B54F2370264388FC3013037231023602F3C01C21192F23F2142
:204A4000F57F74F04D40E0FFB70F07F0CD4FE00F0D00C0040D0040020080000000000000AA
:204A600082023C0100900249025A7B00F8834B8901F0AE1502AF370FE8FBEE08029F370F09
:204A8000E8FBEE7D61FF065B3C7A6DFF72EFF62502A46DFF6EEF76247B00FC27009002A48C
:204AA0006DFF5EEFDF022000029F370FE8FBEE097B00F8FF4BFA01F02E1467AABF2F009002
:204AC000B709812F4B8201F0AE1B8200370F61114B0A01F0370F61F17E147B00F82700900B
:204AE00082020090820802946DFF3AEFDF0220004B8A01F0AE047B00F8073C0282008201B7
:204B00004B8901F02E0E4B0A312102134B0241F14BAF01F02E148F1200F1AA13023FAA11E1
:204B2000B700812F8FF101F0A6F200903709E8FBEE284B0A31B14B8A01006F00170061FF49
:204B4000A95A3B0001406DFF08EF4B0B411182004BA101F061FFA45A7B00F8476E0402954B
:204B60001DFF85EF024200904B0B41F182004BAF01F061FF955A6E030292009002820090E4
:204B80004B8901F06F0F18004B0A31814B0841F14BAF01F02E1E6799BF4F6DFFFEF44B2A16
:204BA00041406DFF69EF6F0804006722BF2F009061FF705A02946DFFF0F44B2A41401DFF0C
:204BC0005BEF404F024A820848E909FF0019EE0B54FFEE08C8246D00B10D0228A002E822A5
:204BE0003C013C2FDF0A1480C81409F400196DFFBAF5C81209FF00191022E8124810482F8D
:204C00003FF00580D4F2E8123C013C1BC83409F400196DFFA8F5483F09F0001952006830EE
:204C2000483F54F07F0F0880482F09F00019A20F6CF33C01DF2A06807693C2F93C013C01F0
:204C40009A196CFE02823C010090F653F4553C02F45489543C0989550019821440546D001E
:204C6000A0000090404F6DFF31F648EFEE03DA013C02DA006DFF4DF602F23C010090404FC8
:204C80006DFF24F648EF48F07E03DA013C02DA006DFF3FF602F23C010090404F6DFF16F642
:204CA00009F805183C12489FEE03DA013C02DA00EE0A49F4240A6D00BF0D76246D00BE0953
:204CC0003C013C023C04C2F8FF18EF7F82FF89FF05186DFF1EF66DFFF9F509F804183C126F
:204CE000484FEE03DA013C02DA00EE0B49F4100A6D00A20D76246D00A1093C01C2F83C02E7
:204D00003C03FF18EF7F82FF89FF04186DFF01F60090404F0B4510886DFFD8F509FF0418E3
:204D20005EF4DA0089FF041809FF05185EF4DA0089FF05186DFFEDF548EFEE0849F4240AC7
:204D40000B8910486D0081093C0140F46DFFA7FF00900B451088026AA00FBF181F8082FF63
:204D60004B8F11023F901A8073980AF03B70FB0F3FF0148073980AF08B8F04406DFFC5EFDD
:204D8000402FBCFA49F4081A0B89104802A640F56DFF5DFF3C013C0140F23C010090404FF6
:204DA00002488219BD0F440048FF6E4182F048FF4BF0110209F200193F203A806DFF86F5ED
:204DC000D4F248FF09F00019E20F1022E822DA006CFED4F2E812D4F248FFC2FF09F00019A3
:204DE000E20F1022E83282FF89FF041882FF89FF0518DF081280484FEE03DA013C02DA0037
:204E0000EE0A49F4100A6D00170D7624AD0080003C013C013C0949F4100A6DFF86F349F4B3
:204E2000240A6DFF82F36DFF74F53C02820902923C010090404F406C7C5409FF00196E01C9
:204E4000DF24048048FF1E11DA1F0D0040034DC0E28FB708080016FFA6F0CDC0E20F0D0091
:204E6000C0040D0000033C0148EF48F03F0F0480DF24248009FF051848E040F46DFFA3FEAB
:204E8000DEF3489FEE03DA013C02DA00EE0C49F4240A6D00D10C7626BCC4DA0174CF3C0150
:204EA0003C013C013C086D009D087F2F0580C21F89FF051882123C0282020D004003CDC82E
:204EC000E20F0D00C0040D0000033C0100902010404F405C74A4025882097CC409FF00197A
:204EE0006E01DF28048048FF1E116D00EC0AF62354AF6E013C6D6DFFE9F448E048FF3FF0C4
:204F00000480DF281E8040F440C502846DFF5BFE489FEE03DA013C02DA00EE0A49F4240AB6
:204F20006D008A0C7624AD0080003C013C057624AD0080003C016DFFECF482123C4C54AFBA
:204F4000EE056DFFE6F482023C46F69749A4040A6D00670882193C016DFFDBF46D006409C1
:204F60006DFFB4F409FF04185EF4DA0089FF041809FF05185EF4DA0089FF05186DFFC9F40A
:204F800049A4040A49A5000A6D001F0ADF021A8040F46DFF76FE762F49F4100A54A46D0098
:204FA0008B0840F46DFF7BFE6D00F80CF623AD0080003C0640F46DFF72FE6D00EF0C3C0890
:204FC00040F46DFF6CFE6D00E90C82023C043C9482023C0100902010404F405C74A4820883
:204FE0007CC409FF00196E016D006D0AF62354AF6E013C6C6DFF6AF448EF6E1A40F440C508
:205000006D00F102C2FF6CFE484FEE03DA013C02DA00EE0A49F4100A6D000E0C7624AD006D
:2050200080003C013C016DFF74F482123C5254AFEE056DFF6EF482023C4CF68749A4040A38
:205040006D00EF0782183C016DFF63F46D00EC086DFF3CF409FF04185EF4820089F00418C9
:2050600009FF05185EF4DA0089FF05186DFF51F449A4040A49A5000A6D00A709DF021C80FC
:2050800040F46DFFF1FDDF02110049F4240A54A46D00120840F46DFF02FE6D007F0CF624F4
:2050A000AD0080003C013C0640F46DFFF8FD6D00750C3C0C40F46DFFF2FD6D006F0C40F4CE
:2050C0006DFFD2FD762382023C043C9582023C010090404F024A820848E909FF0019EE0B66
:2050E00054FFEE08C8246D00F0120228A002E8223C013C2FDF0A1480C81409F400196DFFB3
:2051000032F3C81209FF00191022E8124810482F3FF00580D4F2E8123C013C1BC83409F473
:2051200000196DFF20F3483F09F0001952006830483F54F07F0F0880482F09F00019A20F39
:205140006CF33C01DF2A06807693C2F93C013C019A196CFE02823C010090F653F4553C02A8
:20516000F45489543C0989550019821440546D00A0000090404F6DFF96F648EFEE03DA017D
:205180003C02DA006DFFB2F602F23C010090404F6DFF89F648EF48F07E03DA013C02DA00C5
:2051A0006DFFA4F602F23C010090404F6DFF7BF609F805183C12489FEE03DA013C02DA0085
:2051C000EE0A49F4240A6D00FE1276246D00FD0E3C013C023C04C2F8FF18EF7F82FF89FFDA
:2051E00005186DFF83F66DFF5EF609F804183C12484FEE03DA013C02DA00EE0B49F4100AB7
:205200006D00E11276246D00E00E3C01C2F83C023C03FF18EF7F82FF89FF04186DFF66F653
:205220000090404F0B4510886DFF3DF609FF04185EF4DA0089FF041809FF05185EF4DA0083
:2052400089FF05186DFF52F648EFEE0849F4240A0B8910486D00C00E3C0140F46DFFA7FFB3
:2052600000900B451088026AA00FBF181F8082FF4B8F11023F901A8073980AF03B70FB0F94
:205280003FF0148073980AF08B8F04406DFF92EE402FBCFA49F4081A0B89104802A640F5AF
:2052A0006DFF5DFF3C013C0140F23C010090404F02488219BD0F440048FF6E4182F048FF7A
:2052C0004BF0110209F200193F203A806DFFEBF5D4F248FF09F00019E20F1022E822DA00E1
:2052E0006CFED4F2E812D4F248FFC2FF09F00019E20F1022E83282FF89FF041882FF89FF39
:205300000518DF081280484FEE03DA013C02DA00EE0A49F4100A6D0056127624AD00800091
:205320003C013C013C0949F4100A6DFFFEF049F4240A6DFFFAF06DFFD9F53C0282090292A5
:205340003C010090404F406C7C5409FF00196E01DF24048048FF1E11DA1F0D0040034DC092
:20536000E28FB708080016FFA6F0CDC0E20F0D00C0040D0000033C0148EF48F03F0F04806D
:20538000DF24248009FF051848E040F46DFFA3FEDEF3489FEE03DA013C02DA00EE0C49F405
:2053A000240A6D0010127626BCC4DA0174CF3C013C013C013C086D00DC0D7F2F0580C21F91
:2053C00089FF051882123C0282020D004003CDC8E20F0D00C0040D0000033C01009020101E
:2053E000404F405C74A4025882097CC409FF00196E01DF28048048FF1E116D002B10F623F3
:2054000054AF6E013C6D6DFF4EF548E048FF3FF00480DF281E8040F440C502846DFF5BFE77
:20542000489FEE03DA013C02DA00EE0A49F4240A6D00C9117624AD0080003C013C05762418
:20544000AD0080003C016DFF51F582123C4C54AFEE056DFF4BF582023C46F69749A4040AE4
:205460006D00A60D82193C016DFF40F56D00A30E6DFF19F509FF04185EF4DA0089FF041807
:2054800009FF05185EF4DA0089FF05186DFF2EF549A4040A49A5000A6D005E0FDF021A803F
:2054A00040F46DFF76FE762F49F4100A54A46D00CA0D40F46DFF7BFE6D003712F623AD000B
:2054C00080003C0640F46DFF72FE6D002E123C0840F46DFF6CFE6D00281282023C043C94C4
:2054E00082023C0100902010404F405C74A482087CC409FF00196E016D00AC0FF62354AF4A
:205500006E013C6C6DFFCFF448EF6E1A40F440C56D006900C2FF6CFE484FEE03DA013C02AB
:20552000DA00EE0A49F4100A6D004D117624AD0080003C013C016DFFD9F482123C5254AFD8
:20554000EE056DFFD3F482023C4CF68749A4040A6D002E0D82183C016DFFC8F46D002B0E54
:205560006DFFA1F409FF04185EF4820089F0041809FF05185EF4DA0089FF05186DFFB6F491
:2055800049A4040A49A5000A6D00E60EDF021C8040F46DFFF1FDDF02110049F4240A54A457
:2055A0006D00510D40F46DFF02FE6D00BE11F624AD0080003C013C0640F46DFFF8FD6D007C
:2055C000B4113C0C40F46DFFF2FD6D00AE1140F46DFFD2FD762382023C043C9582023C01A5
:2055E0000090094F00196E15CC43094F001910FFEC434C43094008093F0F0580D44FEC435B
:205600003C01CC4309440019405440F56DFFABF00090404F024A820848E909FF0019EE0BC8
:2056200054FFEE08C8246D006B180228A002E8223C013C2FDF0A1480C81409F400196DFFEC
:2056400092F0C81209FF00191022E8124810482F3FF00580D4F2E8123C013C1BC83409F4D1
:2056600000196DFF80F0483F09F0001952006830483F54F07F0F0880482F09F00019A20F97
:205680006CF33C01DF2A06807693C2F93C013C019A196CFE02823C010090F653F4553C0263
:2056A000F45489543C0989550019821440546D00A0000090404F6DFF32F748EFEE03DA019B
:2056C0003C02DA006DFF4EF702F23C010090404F6DFF25F748EF48F07E03DA013C02DA0046
:2056E0006DFF40F702F23C010090404F6DFF17F709F805183C12489FEE03DA013C02DA0006
:20570000EE0A49F4240A6D00791876246D0078143C013C023C04C2F8FF18EF7F82FF89FF92
:2057200005186DFF1FF76DFFFAF609F804183C12484FEE03DA013C02DA00EE0B49F4100A38
:205740006D005C1876246D005B143C01C2F83C023C03FF18EF7F82FF89FF04186DFF02F76F
:205760000090404F0B4510886DFFD9F609FF04185EF4DA0089FF041809FF05185EF4DA00A2
:2057800089FF05186DFFEEF648EFEE0849F4240A0B8910486D003B143C0140F46DFFA7FF51
:2057A00000900B451088026AA00FBF181F8082FF4B8F11023F901A8073980AF03B70FB0F4F
:2057C0003FF0148073980AF08B8F04406DFF47ED402FBCFA49F4081A0B89104802A640F5B6
:2057E0006DFF5DFF3C013C0140F23C010090404F02488219BD0F440048FF6E4182F048FF35
:205800004BF0110209F200193F203A806DFF87F6D4F248FF09F00019E20F1022E822DA00FE
:205820006CFED4F2E812D4F248FFC2FF09F00019E20F1022E83282FF89FF041882FF89FFF3
:205840000518DF081280484FEE03DA013C02DA00EE0A49F4100A6D00D1177624AD008000CC
:205860003C013C013C0949F4100A6DFF5EEE49F4240A6DFF5AEE6DFF75F63C028209029207
:205880003C010090404F406C7C5409FF00196E01DF24048048FF1E11DA1F0D0040034DC04D
:2058A000E28FB708080016FFA6F0CDC0E20F0D00C0040D0000033C0148EF48F03F0F048028
:2058C000DF24248009FF051848E040F46DFFA3FEDEF3489FEE03DA013C02DA00EE0C49F4C0
:2058E000240A6D008B177626BCC4DA0174CF3C013C013C013C086D0057137F2F0580C21F4B
:2059000089FF051882123C0282020D004003CDC8E20F0D00C0040D0000033C0100902010D8
:20592000404F405C74A4025882097CC409FF00196E01DF28048048FF1E116D00A615F6232D
:2059400054AF6E013C6D6DFFEAF548E048FF3FF00480DF281E8040F440C502846DFF5BFE96
:20596000489FEE03DA013C02DA00EE0A49F4240A6D0044177624AD0080003C013C05762452
:20598000AD0080003C016DFFEDF582123C4C54AFEE056DFFE7F582023C46F69749A4040A67
:2059A0006D00211382193C016DFFDCF56D001E146DFFB5F509FF04185EF4DA0089FF041888
:2059C00009FF05185EF4DA0089FF05186DFFCAF549A4040A49A5000A6D00D914DF021A80DE
:2059E00040F46DFF76FE762F49F4100A54A46D00451340F46DFF7BFE6D00B217F623AD00C5
:205A000080003C0640F46DFF72FE6D00A9173C0840F46DFF6CFE6D00A31782023C043C947E
:205A200082023C0100902010404F405C74A482087CC409FF00196E016D002715F62354AF83
:205A40006E013C6C6DFF6BF548EF6E1A40F440C56DFFC9FDC2FF6CFE484FEE03DA013C026D
:205A6000DA00EE0A49F4100A6D00C8167624AD0080003C013C016DFF75F582123C5254AF76
:205A8000EE056DFF6FF582023C4CF68749A4040A6D00A91282183C016DFF64F56D00A613D5
:205AA0006DFF3DF509FF04185EF4820089F0041809FF05185EF4DA0089FF05186DFF52F512
:205AC00049A4040A49A5000A6D006114DF021C8040F46DFFF1FDDF02110049F4240A54A491
:205AE0006D00CC1240F46DFF02FE6D003917F624AD0080003C013C0640F46DFFF8FD6D0036
:205B00002F173C0C40F46DFFF2FD6D00291740F46DFFD2FD762382023C043C9582023C015D
:205B200000906F770C006F0505808FF707F16E06C215EF850400C21606F5B70589FB8F7691
:205B400001008F840120A60FA6F2009015D0C0E315D0C0F74D40E0FFB72F02F5CD4FE00FBB
:205B60000D00C0044D4020F99601CD4F20090D00C0044D4020F99602CD4F20090D00C004AD
:205B8000910000F8C5023F1040F4A0158940C103FC5E49FF200AFC294D4020F96F0FFEFFDE
:205BA0004D4020F96F1FFAFF85DFC4F3CD4FE00F0D00C00415D0C0FF15D0C0EB0D008004FC
:205BC0000D00C004000000001D0003000090000000A000900B451088910000F7D9FF00804C
:205BE00054FA910000F7D9FF1470D4FF49FF1D5A820034F0910000F7D9FF1470D4F4B0449B
:205C00006DFF78ECDF02198091000027D9222870910000F7D9FF287054F08211910000F798
:205C2000D9FF1470D4FF48BF0FF1001082FFC6F1261074203C01DFF84380DF09410091008B
:205C400000F7D9FF40F0C81591000027D9221470D4224922080AF42591000027D92214706E
:205C6000D42249220C0A09548809F4240952880991000047D9441470D44FB04FEC21910082
:205C800000F7D9FF1470D4FFB04FEC52910000F7D9FF1470D4FF49FF140A91000027D922D1
:205CA00040F0F4F2910000F7D9FF40F091000027D92240F0542FC21F74FF3C3342A891009A
:205CC00000F7D9FF1470D4FFB04F74F87FA81080910000F7D9FF5440D4F4910000F7D9FF60
:205CE0001470D4F5B0456DFF3DEC3C1B910000F7D9FF5040D4F4910000F7D9FF1470D4F511
:205D0000B0456DFF2FEC910000F7D9FF307054FF7FF80880910000F7D9FF307074F83C010C
:205D20000090404C6DFFD2ED91000027D922187091000047D9441870544FC21F742F9100AC
:205D40000027D9221470542FEE10910000F7D9FF1470F4FC910000F7D9FF187054FF5E149B
:205D60006D00BE003C013C18910000F7D9FF3C7054FFEE12910000F7D9FF1470D4FF48BF4A
:205D800009C02C093FF00880910000F7D9FF1470F4FC3C013C01910000F7D9FF247091007B
:205DA0000027D9222470542FC21F74FF910000F7D9FF287091000027D9222870542082110C
:205DC0004CCB0FF10010A61074F04CCB534F21F0910000F7D9FF584010FFC81FECC2C82232
:205DE00089C28C09C82240C4B0448924840940C2B042E8224CCB534F21F0910000F7D9FF7F
:205E0000584010FFECC54CCB534F21F0910000F7D9FF584010FF4CCB534F21F091000027D7
:205E2000D92258401022542FC21F74FF6DFF71ED910000F7D9FF3C7054FF6E0F910000F798
:205E4000D9FF1470D4FF48BF09C02C097F0F0580AD0080003C013C0100903C286DFF36EDD1
:205E6000910000F7D9FF54F0C83FC83C40C4B0446DFF40EB910000F7D9FF18709100002744
:205E8000D9221870542FC2FF74FF910000F7D9FF1C7091000027D9221C70542FC2FF74FFE6
:205EA0006DFF37ED40C46D000900910000F7D9FF1C7054FFEED40090404F40F46DFF73F3B2
:205EC000C8C46DFFC3E740F46DFFC0E700903C056DFFC5FF6DFF9ACD3CFC009082083C0B6C
:205EE000534821F0910000F7D9FF584010F46DFF1CEBC218DA1F3FF8F5FF91000047D94494
:205F000044E06DFF12EB91000047D94458E06DFF0CEB91000047D9446CE06DFF06EB910035
:205F20000047D94454F06DFF00EB91000047D94440F06DFFFAEA910000F7D9FF504091006C
:205F40000027D92244E0F4F2910000F7D9FF544091000027D92258E0F4F20090910000F738
:205F6000D9FF5040D4FF54FFEE03DA013C02DA006E08910000F7D9FF307082FF74FF3C0DFC
:205F800091000027D9223070910000F7D9FF5040D4FFC83F54FF742F00908202CC45910038
:205FA0000027D92240F07D2F0480DA013C02DA006E16CC4A91000027D9226CE07D2F0480A3
:205FC000DA013C02DA00EE0A4C4AEE03DA013C02DA006E0382123C013C013C013C010090D3
:205FE000910000F7D9FF187054F23C010090DA1F0D0040034DC0E20FB700080016FFA6F0F5
:20600000CDC0E20F0D00C0040D000003910000F7D9FF3C70DA0074FF6DFF3BEC0090910014
:2060200000F7D9FF347054FF744F910000F7D9FF008054FF6C410090910000F7D9FF048083
:20604000DA0174FF009040450956840991000027D9221470D42249221C0AF4269100002761
:20606000D9221470D4224922200A09648809F42409628809910000F7D9FF1470D4FF49FF05
:20608000180AEC21910000F7D9FF1470D4FF49FF180AEC62910000F7D9FF1470D4FF49FF63
:2060A000280AF4F5545FC21F745F765282F46DFF93FD0090024F910000F7D9FF1470D4FF8C
:2060C00049F5180A6DFF4EEA821502F46DFF84FD0090404C91000027D9221470D4227D2C50
:2060E0005F00BD0C5D006DFFF1EB40C46DFF57FFDF02530040C4B0446DFFFCE991000027D8
:20610000D9222870910000F7D9FF287054F082114CCB0FF10010A61074204CCB534F21F0E2
:20612000910000F7D9FF584010FFC81FECC2C82289C28C09C82240C4B0448924840940C2DB
:20614000B042E8224CCB534F21F0910000F7D9FF584010FFECC54CCB534F21F0910000F76F
:20616000D9FF584010FF4CCB534F21F091000027D92258401022542FC21F74FF4CCB9100DA
:2061800000F7D9FF1470D4FF48B03F0F0580AD0080003C013C016DFFBCEB3C0100909110E6
:2061A0000348D944CEB591200358D955BC9A3B001040A006820591000077D9772C706D004B
:2061C0004801DF1205806D0090163C01DF122680DA1F0D0040034DC0E20FB700080016FFFE
:2061E000A6F0CDC0E20F0D00C0040D000003910000F7D9FF307082FF74FF910000F7D9FF56
:206200003C70DA0174FF910000F7D9FF0080DA0074FF6DFF5CED3C01912003F8D9FFA0AA97
:2062200054FF0090910000F7D9FF207091000027D9222070542FC21F74FF0D008004009050
:20624000404F6DFF43EB7CF7910000F7D9FF1470D4FF3C0140F4B0446DFF4CE9DF021E8066
:2062600048BF534F21F091000027D92258401022542FEE1291000027D92228709100004741
:20628000D94428705440821148BF0FF1001082FFC6F1261074203C0148AF6E0649F4180A02
:2062A0006DFF28E93C0191000047D94440F040F5B0456DFF48E9DA003C0B10F209205C5838
:2062C000DF10068010F2820089201C58C21FBF1FF67F6DFF1EEB91000027D9223C70542F1D
:2062E0006E086DFFF3EA6DFF3BFE6DFF12EB3C0191000027D9221470D4227D2F2580910085
:2063000000F7D9FF3C7054FF6E09910000F7D9FF207054FFAD0080003C15910000F7D9FF17
:2063200040F054FF910000F7D9FF187054F07E08910000F7D9FF1470A002F4F23C036D0010
:2063400004003C010090910000F7D9FF207054FF6E08910000F7D9FF0480DA0174FF3C3312
:20636000910000F7D9FF0480DA0074FF910000F7D9FF287054FF0F0FB0F18BFF01015340C3
:2063800021F0910000F7D9FF584010FF54FF534021F0910000F7D9FF584010FFC8120922E2
:2063A0008409E812C81249F4080A7D420680C81209228409E81291000027D9221470C81F3E
:2063C000C83FF42F0090404F405C6DFF7FEA91000027D92200805420481F0BF080109100D9
:2063E0000027D9221470D422092F5D586E0C910000F7D9FF1470D4FF49FF1D5ADA0034FF17
:20640000DA013C2154CF5EF3DA003C1D91000027D9223470542254FF3E28481F3FF00680FB
:20642000DA01820074C03C0F54CF7FF10A8054CFA21F74CF40F46DFFF4FDDA003C04DA00B7
:2064400074CFDA016DFF65EA02F23C010090201089A48C0989A588090248406C0259407DE3
:20646000534820406DFF51E4402FBD0F14003B0016406DFF4AE4402EBCE982043B001650CC
:2064800040E46DFFA2E9ECEC3C0440F46DFFDEE43C02A00EBD0E1400F4AEDA00780109A4FA
:2064A0008C0909A58809028440C6029540D76D00A50C40E46DFF37FC82123C0282F23C016A
:2064C0000090910000F7D9FF3C7054FFEE0382123C0A910000F7D9FF207054FFEE0382222A
:2064E0003C0282023C010090910000F7D9FF008054F23C0100908208910000F7D9FF2070A0
:2065000054FFDF0F0B81910000F7D9FF008054FF9219910000F7D9FF008074F9DF092C80EF
:20652000910000F7D9FF5040D4FF54FFEE023C01910000F7D9FF5040D4FF91000027D922A2
:20654000504091000047D9445440D444F42491000027D9225440F42F910000F7D9FF347084
:2065600091000027D92234705420C21074F06DFFF7FC3C01910000F7D9FF307054F03F09F2
:20658000A9801D00A500910000F7D9FF5040D4FF54FFEE03DA013C02DA006E09910000F717
:2065A000D9FF307082FF74FF1D009400910000F7D9FF5040D4FFC83FC83F481F7FF9098085
:2065C000910000F7D9FF307074FF1D008300C852C824C83589458809C834C8258945840902
:2065E0000924840940F5B0457D540580C83489248409A004E854542FC2FF742F48AF6E19E6
:20660000C8A2C874C88589458809C884C875894584090924840949F5180A7D540580C88488
:2066200089248409A004E8A4542FC2FF742F3C0191000027D922287091000047D9442870F4
:206640005440821148BF0FF10010A610742048BF534F21F091000027D92258401022092250
:206660008409E82209248809E8340924880940F5B0458945840940F4B0448924880948BFF9
:20668000534F21F091000027D92258401022E85248BF534F21F091000027D9225840102259
:2066A00048BF534F21F091000047D94458401044544FC21F742F48B0910000F7D9FF14703C
:2066C000D4FF48BF7F0F048082183C011DFF5DFF910000F7D9FF1470D4FF48BF534F21F00E
:2066E000910000F7D9FF584010FF54FFBF2F048082183C01910000F7D9FF387054FFEE04AA
:206700006DFFC9C93C01910000F7D9FF048054FF6E0382183C013C0E910000F7D9FF38706D
:2067200091000027D9223870542FC21F74FF6DFFB2C902823C010090404F8202BD0F7A0096
:2067400091000027D9221470542F09FF3C49C2FF89FF3C4948BF09F038495F0F6A0009FFC3
:206760003C49EE6540F4B0446DFFC4E6DF02148091000027D922287091000047D9442870B6
:206780005440821148BF0FF1001082FFC6F1261074203C0109FF38496CFB48BF8BFF01F109
:2067A0006CF691000027D922287091000047D94428705440821148BF0FF10010A610742017
:2067C00048BF534F21F091000027D9225840102209228409E82209248809E8340924880928
:2067E00040F5B0458945840940F4B0448924880948BF534F21F091000027D9225840102277
:20680000E85248BF534F21F091000027D9225840102248BF534F21F0910000F7D9FF584055
:2068200010FF54FFC21F742F82123C013C013C013C010090CC43C83FC8A2C874C885894583
:206840008809C884C875894584090924840949F5180A7D540580C88489248409A004E8A49D
:20686000542FC2FF742F91000027D9222070542FEE5CC852C824C83589458809C834C825D6
:20688000894584090924840940F5B0457D540580C83489248409A004E854542FC2FF742F66
:2068A00091000027D922287091000047D94428705440821148BF0FF10010A610742048BF71
:2068C000534F21F091000027D9225840102209228409E82209248809E8340924880940F5F9
:2068E000B0458945840940F4B0448924880948BF534F21F091000027D92258401022E85271
:2069000048BF534F21F091000027D9225840102248BF534F21F091000047D94458401044A5
:20692000544FC21F742F3C2591000027D9226CE009228409E87209248809E88409248809D6
:2069400049F5180A8945840949F4180A8924880991000027D9226CE0E8A291000027D922A3
:206960006CE091000047D9446CE0544FC21F742F48BF910000F7D9FF1470D4FF48B07FF03E
:206980000A808212910000F7D9FF0480DA0174FF3C0282023C010090A00F82089100002727
:2069A000D9222070542F6DFF91E791000027D922207091000047D9442070544FC2FF742F16
:2069C00091000027D9222070542FDF0FC78091000027D9221870542FBF1FBF801D008C0038
:2069E000910000F7D9FF6CE0C83FC83FC8A2C874C88589458809C884C8758945840909247A
:206A0000840949F5180A7D540580C88489248409A004E8A4542FC2FF742F0D008004C852EB
:206A2000C824C83589458809C834C825894584090924840940F5B0457D540580C8348924E7
:206A40008409A004E854542FC2FF742F91000027D922287091000047D944287054408211E3
:206A600048BF0FF10010A610742048BF534F21F091000027D9225840102209228409E822BC
:206A800009248809E8340924880940F5B0458945840940F4B0448924880948BF534F21F0B9
:206AA00091000027D92258401022E85248BF534F21F091000027D9225840102248BF534F3F
:206AC00021F091000047D94458401044544FC21F742F48BF91000027D9221470D422092040
:206AE0002C093F0F098091000027D9220480DA01742F3C0191000027D9226CE0542FEE0325
:206B0000DA013C02DA00DF0F6D7FBCF36DFF28FA910000F7D9FF387054FF6E146DFFEDFC39
:206B20007628910000F7D9FF0480821074F03C01C2FFEEF5910000F7D9FF3870DA0074FFA7
:206B40003C01910000F7D9FF048054FF6E058218AD0080003C013C016DFFDBE602823C011F
:206B600000900B451088910000F7D9FF348054FA910000F7D9FF0880D4FF49FF1D5A82003F
:206B800034F0910000F7D9FF0880D4F4B0446DFFB1E4DF02198091000027D9221C809100D2
:206BA00000F7D9FF1C8054F08211910000F7D9FF0880D4FF48BF0FF1001082FFC6F1261053
:206BC00074203C01DFF84380DF094100910000F7D9FF98A0C81591000027D9220880D4227B
:206BE0004922080AF42591000027D9220880D42249220C0A09548809F424095288099100CA
:206C00000047D9440880D44FB04FEC21910000F7D9FF0880D4FFB04FEC52910000F7D9FF01
:206C20000880D4FF49FF140A91000027D92298A0F4F2910000F7D9FF98A091000027D92277
:206C400098A0542FC21F74FF3C3342A8910000F7D9FF0880D4FFB04F74F87FA8108091005E
:206C600000F7D9FF6CF0D4F4910000F7D9FF0880D4F5B0456DFF76E43C1B910000F7D9FFFE
:206C800068F0D4F4910000F7D9FF0880D4F5B0456DFF68E4910000F7D9FF248054FF7FF8A8
:206CA0000880910000F7D9FF248074F83C010090404C6DFFF8E891000027D9220C80910067
:206CC0000047D9440C80544FC21F742F91000027D9220880542FEE10910000F7D9FF0880F9
:206CE000F4FC910000F7D9FF0C8054FF5E146D00BE003C013C18910000F7D9FF308054FFD4
:206D0000EE12910000F7D9FF0880D4FF48BF09C02C093FF00880910000F7D9FF0880F4FC24
:206D20003C013C01910000F7D9FF188091000027D9221880542FC21F74FF910000F7D9FF5F
:206D40001C8091000027D9221C80542082114CCB0FF10010A61074F04CCB534F21F09100A5
:206D600000F7D9FF70F010FFC81FECC2C82289C28C09C82240C4B0448924840940C2B04266
:206D8000E8224CCB534F21F0910000F7D9FF70F010FFECC54CCB534F21F0910000F7D9FF75
:206DA00070F010FF4CCB534F21F091000027D92270F01022542FC21F74FF6DFF97E8910002
:206DC00000F7D9FF308054FF6E0F910000F7D9FF0880D4FF48BF09C02C097F0F0580AD00E4
:206DE00080003C013C0100903C286DFF5CE8910000F7D9FFACA0C83FC83C40C4B0446DFFDA
:206E000079E3910000F7D9FF0C8091000027D9220C80542FC2FF74FF910000F7D9FF108044
:206E200091000027D9221080542FC2FF74FF6DFF5DE840C46D000900910000F7D9FF10803D
:206E400054FFEED40090404F40F46DFFACEBC8C46DFF51E140F46DFF4EE100903C056DFF91
:206E6000C5FF6DFFE4C53CFC009082083C0B534821F0910000F7D9FF70F010F46DFF55E38C
:206E8000C218DA1F3FF8F5FF91000047D9449C906DFF4BE391000047D944B0906DFF45E370
:206EA00091000047D94484A06DFF3FE391000047D944ACA06DFF39E391000047D94498A035
:206EC0006DFF33E3910000F7D9FF68F091000027D9229C90F4F2910000F7D9FF6CF0910066
:206EE0000027D922B090F4F20090910000F7D9FF68F0D4FF54FFEE03DA013C02DA006E0882
:206F0000910000F7D9FF248082FF74FF3C0D91000027D9222480910000F7D9FF68F0D4FF4E
:206F2000C83F54FF742F00908202CC4591000027D92298A07D2F0480DA013C02DA006E169D
:206F4000CC4A91000027D92284A07D2F0480DA013C02DA00EE0A4C4AEE03DA013C02DA00AF
:206F60006E0382123C013C013C013C010090910000F7D9FF0C8054F23C010090DA1F0D0083
:206F800040034DC0E20FB700080016FFA6F0CDC0E20F0D00C0040D000003910000F7D9FF87
:206FA0003080DA0074FF6DFF61E70090910000F7D9FF288054FF744F910000F7D9FF34805E
:206FC00054FF6C410090910000F7D9FF3880DA0174FF009040450956840991000027D92207
:206FE0000880D42249221C0AF42691000027D9220880D4224922200A09648809F424096221
:207000008809910000F7D9FF0880D4FF49FF180AEC21910000F7D9FF0880D4FF49FF180A88
:20702000EC62910000F7D9FF0880D4FF49FF280AF4F5545FC21F745F765282F46DFF93FD43
:207040000090024F910000F7D9FF0880D4FF49F5180A6DFF87E2821502F46DFF84FD009055
:20706000404C91000027D9220880D4227D2C5F00BD0C5D006DFF17E740C46DFF57FFDF0214
:20708000530040C4B0446DFF35E291000027D9221C80910000F7D9FF1C8054F082114CCBE9
:2070A0000FF10010A61074204CCB534F21F0910000F7D9FF70F010FFC81FECC2C82289C213
:2070C0008C09C82240C4B0448924840940C2B042E8224CCB534F21F0910000F7D9FF70F077
:2070E00010FFECC54CCB534F21F0910000F7D9FF70F010FF4CCB534F21F091000027D922BA
:2071000070F01022542FC21F74FF4CCB910000F7D9FF0880D4FF48B03F0F0580AD0080003C
:207120003C013C016DFFE2E63C01009091100348D944DC9691200358D95588AA3B00104062
:20714000A006820591000077D97720806D004801DF1205806D001D113C01DF122680DA1F76
:207160000D0040034DC0E20FB700080016FFA6F0CDC0E20F0D00C0040D000003910000F770
:20718000D9FF248082FF74FF910000F7D9FF3080DA0174FF910000F7D9FF3480DA0074FFC0
:2071A0006DFF82E83C01912003F8D9FFA0AA54FF0090910000F7D9FF148091000027D92264
:2071C0001480542FC21F74FF0D0080040090404F6DFF69E67CF7910000F7D9FF0880D4FFAB
:2071E0003C0140F4B0446DFF85E1DF021E8048BF534F21F091000027D92270F01022542F57
:20720000EE1291000027D9221C8091000047D9441C805440821148BF0FF1001082FFC6F118
:20722000261074203C0148AF6E0649F4180A6DFF61E13C0191000047D94498A040F5B0453B
:207240006DFF81E1DA003C0B10F209205C58DF10068010F2820089201C58C21FBF1FF67F16
:207260006DFF44E691000027D9223080542F6E086DFF19E66DFF3BFE6DFF38E63C019100B4
:207280000027D9220880D4227D2F2580910000F7D9FF308054FF6E09910000F7D9FF14802F
:2072A00054FFAD0080003C15910000F7D9FF98A054FF910000F7D9FF0C8054F07E089100CB
:2072C00000F7D9FF0880A002F4F23C036D0004003C010090910000F7D9FF148054FF6E0895
:2072E000910000F7D9FF3880DA0174FF3C33910000F7D9FF3880DA0074FF910000F7D9FFF4
:207300001C8054FF0F0FB0F18BFF0101534021F0910000F7D9FF70F010FF54FF534021F0C9
:20732000910000F7D9FF70F010FFC81209228409E812C81249F4080A7D420680C81209227F
:207340008409E81291000027D9220880C81FC83FF42F0090404F405C6DFFA5E591000027F1
:20736000D92234805420481F0BF0801091000027D9220880D422092F5D586E0C910000F7D8
:20738000D9FF0880D4FF49FF1D5ADA0034FFDA013C2154CF5EF3DA003C1D91000027D9225C
:2073A0002880542254FF3E28481F3FF00680DA01820074C03C0F54CF7FF10A8054CFA21FFD
:2073C00074CF40F46DFFF4FDDA003C04DA0074CFDA016DFF8BE502F23C010090201089A4CD
:2073E0008C0989A588090248406C0259407D534820406DFFDFDD402FBD0F14003B00164028
:207400006DFFD8DD402EBCE982043B00165040E46DFFDBE1ECEC3C0440F46DFF6CDE3C0285
:20742000A00EBD0E1400F4AEDA00780109A48C0909A58809028440C6029540D76D00DE04C0
:2074400040E46DFF37FC82123C0282F23C010090910000F7D9FF308054FFEE0382123C0A28
:20746000910000F7D9FF148054FFEE0382223C0282023C010090910000F7D9FF348054F247
:207480003C0100908208910000F7D9FF148054FFDF0F0B81910000F7D9FF348054FF9219C2
:2074A000910000F7D9FF348074F9DF092C80910000F7D9FF68F0D4FF54FFEE023C0191001B
:2074C00000F7D9FF68F0D4FF91000027D92268F091000047D9446CF0D444F424910000276E
:2074E000D9226CF0F42F910000F7D9FF288091000027D92228805420C21074F06DFFF7FCA6
:207500003C01910000F7D9FF248054F03F09A9801D00A500910000F7D9FF68F0D4FF54FFD5
:20752000EE03DA013C02DA006E09910000F7D9FF248082FF74FF1D009400910000F7D9FFE7
:2075400068F0D4FFC83FC83F481F7FF90980910000F7D9FF248074FF1D008300C852C8246D
:20756000C83589458809C834C825894584090924840940F5B0457D540580C83489248409FB
:20758000A004E854542FC2FF742F48AF6E19C8A2C874C88589458809C884C8758945840970
:2075A0000924840949F5180A7D540580C88489248409A004E8A4542FC2FF742F3C019100F0
:2075C0000027D9221C8091000047D9441C805440821148BF0FF10010A610742048BF534F2B
:2075E00021F091000027D92270F0102209228409E82209248809E8340924880940F5B045B1
:207600008945840940F4B0448924880948BF534F21F091000027D92270F01022E85248BF69
:20762000534F21F091000027D92270F0102248BF534F21F091000047D94470F01044544F4C
:20764000C21F742F48B0910000F7D9FF0880D4FF48BF7F0F048082183C011DFF5DFF9100FA
:2076600000F7D9FF0880D4FF48BF534F21F0910000F7D9FF70F010FF54FFBF2F04808218F8
:207680003C01910000F7D9FF2C8054FFEE046DFF13C23C01910000F7D9FF388054FF6E0302
:2076A00082183C013C0E910000F7D9FF2C8091000027D9222C80542FC21F74FF6DFFFCC13E
:2076C00002823C010090404F8202BD0F7A0091000027D9220880542F09FF3C49C2FF89FF6C
:2076E0003C4948BF09F038495F0F6A0009FF3C49EE6540F4B0446DFFFDDEDF021480910057
:207700000027D9221C8091000047D9441C805440821148BF0FF1001082FFC6F126107420DA
:207720003C0109FF38496CFB48BF8BFF01F16CF691000027D9221C8091000047D9441C8057
:207740005440821148BF0FF10010A610742048BF534F21F091000027D92270F01022092277
:207760008409E82209248809E8340924880940F5B0458945840940F4B0448924880948BFE8
:20778000534F21F091000027D92270F01022E85248BF534F21F091000027D92270F01022B8
:2077A00048BF534F21F0910000F7D9FF70F010FF54FFC21F742F82123C013C013C013C01E1
:2077C0000090CC43C83FC8A2C874C88589458809C884C875894584090924840949F5180AB3
:2077E0007D540580C88489248409A004E8A4542FC2FF742F91000027D9221480542FEE5C82
:20780000C852C824C83589458809C834C825894584090924840940F5B0457D540580C8348C
:2078200089248409A004E854542FC2FF742F91000027D9221C8091000047D9441C805440D3
:20784000821148BF0FF10010A610742048BF534F21F091000027D92270F01022092284097D
:20786000E82209248809E8340924880940F5B0458945840940F4B0448924880948BF534FD2
:2078800021F091000027D92270F01022E85248BF534F21F091000027D92270F0102248BF52
:2078A000534F21F091000047D94470F01044544FC21F742F3C2591000027D92284A00922E2
:2078C0008409E87209248809E8840924880949F5180A8945840949F4180A892488099100F0
:2078E0000027D92284A0E8A291000027D92284A091000047D94484A0544FC21F742F48BF9A
:20790000910000F7D9FF0880D4FF48B07FF00A808212910000F7D9FF3880DA0174FF3C0283
:2079200082023C010090A00F820891000027D9221480542F6DFFB7E291000027D9221480A7
:2079400091000047D9441480544FC2FF742F91000027D9221480542FDF0FC78091000027E0
:20796000D9220C80542FBF1FBF801D008C00910000F7D9FF84A0C83FC83FC8A2C874C885B2
:2079800089458809C884C875894584090924840949F5180A7D540580C88489248409A0040A
:2079A000E8A4542FC2FF742F0D008004C852C824C83589458809C834C825894584090924F0
:2079C000840940F5B0457D540580C83489248409A004E854542FC2FF742F91000027D922EA
:2079E0001C8091000047D9441C805440821148BF0FF10010A610742048BF534F21F0910087
:207A00000027D92270F0102209228409E82209248809E8340924880940F5B04589458409D3
:207A200040F4B0448924880948BF534F21F091000027D92270F01022E85248BF534F21F0ED
:207A400091000027D92270F0102248BF534F21F091000047D94470F01044544FC21F742F57
:207A600048BF91000027D9220880D42209202C093F0F098091000027D9223880DA01742FB0
:207A80003C0191000027D92284A0542FEE03DA013C02DA00DF0F6D7FBCF36DFF28FA9100C3
:207AA00000F7D9FF2C8054FF6E146DFFEDFC7628910000F7D9FF3880821074F03C01C2FF77
:207AC000EEF5910000F7D9FF2C80DA0074FF3C01910000F7D9FF388054FF6E058218AD0008
:207AE00080003C013C016DFF01E202823C0100900B451088910000F7D9FF289054FA91000D
:207B000000F7D9FF3C80D4FF49FF1D5A820034F0910000F7D9FF3C80D4F4B0446DFFEADC98
:207B2000DF02198091000027D9221090910000F7D9FF109054F08211910000F7D9FF3C8085
:207B4000D4FF48BF0FF1001082FFC6F1261074203C01DFF84380DF094100910000F7D9FFD9
:207B6000F050C81591000027D9223C80D4224922080AF42591000027D9223C80D42249221D
:207B80000C0A09548809F4240952880991000047D9443C80D44FB04FEC21910000F7D9FF9D
:207BA0003C80D4FFB04FEC52910000F7D9FF3C80D4FF49FF140A91000027D922F050F4F2CB
:207BC000910000F7D9FFF05091000027D922F050542FC21F74FF3C3342A8910000F7D9FF82
:207BE0003C80D4FFB04F74F87FA81080910000F7D9FF84B0D4F4910000F7D9FF3C80D4F593
:207C0000B0456DFFAFDC3C1B910000F7D9FF80B0D4F4910000F7D9FF3C80D4F5B0456DFF83
:207C2000A1DC910000F7D9FF189054FF7FF80880910000F7D9FF189074F83C010090404CA0
:207C40006DFF6DE491000027D922009091000047D9440090544FC21F742F91000027D922C5
:207C60003C80542FEE10910000F7D9FF3C80F4FC910000F7D9FF009054FF5E146D00120186
:207C80003C013C18910000F7D9FF249054FFEE12910000F7D9FF3C80D4FF48BF09C02C09F8
:207CA0003FF00880910000F7D9FF3C80F4FC3C013C01910000F7D9FF0C9091000027D922D8
:207CC0000C90542FC21F74FF910000F7D9FF109091000027D9221090542082114CCB0FF1C0
:207CE0000010A61074F04CCB534F21F0910000F7D9FF88B010FFC81FECC2C82289C28C098A
:207D0000C82240C4B0448924840940C2B042E8224CCB534F21F0910000F7D9FF88B010FFD8
:207D2000ECC54CCB534F21F0910000F7D9FF88B010FF4CCB534F21F091000027D92288B06C
:207D40001022542FC21F74FF6DFF0CE4910000F7D9FF249054FF6E0F910000F7D9FF3C80BE
:207D6000D4FF48BF09C02C097F0F0580AD0080003C013C0100903C286DFFD1E3910000F7D5
:207D8000D9FFC460C83FC83C40C4B0446DFFB2DB910000F7D9FF009091000027D9220090B8
:207DA000542FC2FF74FF910000F7D9FF049091000027D9220490542FC2FF74FF6DFFD2E3F9
:207DC00040C46D000900910000F7D9FF049054FFEED40090404F40F46DFFE5E3C8C46DFFA1
:207DE000DFDA40F46DFFDCDA00903C056DFFC5FF6DFF2EBE3CFC0090200889A48409405CD5
:207E00000248F4A60259407DD802C8C43B500A40534820506DFFD9DCC2F8534820F0C8C210
:207E200010228020B7000300600E89FEB449BD0C1800DA003C0D10F210C4094000088920F0
:207E4000340810C209200008F6023C06C21F3BE00F003F0FF2FFDA0089FF31483C01DA1F4E
:207E60003FF905803BE001903C0168B989F9384940F4B0446DFF56DB49F4180A6DFF52DB7B
:207E8000ECF48BF901F16CF6ECF940E409A58409D4A66DFFD8E2F4F2BCD3F4DF3C01009031
:207EA00082083C0B534821F0910000F7D9FF88B010F46DFF3ADBC218DA1F3FF8F5FF910099
:207EC0000047D944F4406DFF30DB91000047D944C8506DFF2ADB91000047D944DC506DFF88
:207EE00024DB91000047D944C4606DFF1EDB91000047D944F0506DFF18DB910000F7D9FF11
:207F000080B091000027D922F440F4F2910000F7D9FF84B091000027D922C850F4F200908F
:207F2000910000F7D9FF80B0D4FF54FFEE03DA013C02DA006E08910000F7D9FF189082FFA8
:207F400074FF3C0D91000027D9221890910000F7D9FF80B0D4FFC83F54FF742F0090820296
:207F6000CC4591000027D922F0507D2F0480DA013C02DA006E16CC4A91000027D922DC5061
:207F80007D2F0480DA013C02DA00EE0A4C4AEE03DA013C02DA006E0382123C013C013C0190
:207FA0003C010090910000F7D9FF009054F23C010090DA1F0D0040034DC0E20FB7000800EB
:207FC00016FFA6F0CDC0E20F0D00C0040D000003910000F7D9FF2490DA0074FF6DFF82E266
:207FE0000090910000F7D9FF1C9054FF744F910000F7D9FF289054FF6C410090910000F79F
:20800000D9FF2C90DA0174FF009040450956840991000027D9223C80D42249221C0AF4266D
:2080200091000027D9223C80D4224922200A09648809F42409628809910000F7D9FF3C8018
:20804000D4FF49FF180AEC21910000F7D9FF3C80D4FF49FF180AEC62910000F7D9FF3C8013
:20806000D4FF49FF280AF4F5545FC21F745F765282F46DFF3FFD0090024F910000F7D9FF3C
:208080003C80D4FF49F5180A6DFF6CDA821502F46DFF30FD0090404C91000027D9223C808E
:2080A000D4227D2C5F00BD0C5D006DFF38E240C46DFF57FFDF02530040C4B0446DFF1ADAC4
:2080C00091000027D9221090910000F7D9FF109054F082114CCB0FF10010A61074204CCBEE
:2080E000534F21F0910000F7D9FF88B010FFC81FECC2C82289C28C09C82240C4B044892438
:20810000840940C2B042E8224CCB534F21F0910000F7D9FF88B010FFECC54CCB534F21F0E8
:20812000910000F7D9FF88B010FF4CCB534F21F091000027D92288B01022542FC21F74FFDA
:208140004CCB910000F7D9FF3C80D4FF48B03F0F0580AD0080003C013C016DFF03E23C0119
:20816000009091100348D944EA7791200358D95594AA3B001040A006820591000077D9777D
:2081800014906D004801DF1205806D00560B3C01DF122680DA1F0D0040034DC0E20FB7006F
:2081A000080016FFA6F0CDC0E20F0D00C0040D000003910000F7D9FF189082FF74FF910020
:2081C00000F7D9FF2490DA0174FF910000F7D9FF2890DA0074FF6DFF79E33C01912003F8B8
:2081E000D9FFA0AA54FF0090910000F7D9FF089091000027D9220890542FC21F74FF0D0053
:2082000080040090404F6DFF8AE17CF7910000F7D9FF3C80D4FF3C0140F4B0446DFF6AD96E
:20822000DF021E8048BF534F21F091000027D92288B01022542FEE1291000027D922109012
:2082400091000047D94410905440821148BF0FF1001082FFC6F1261074203C0148AF6E06A1
:2082600049F4180A6DFF46D93C0191000047D944F05040F5B0456DFF66D9DA003C0B10F2AA
:2082800009205C58DF10068010F2820089201C58C21FBF1FF67F6DFF65E191000027D92252
:2082A0002490542F6E086DFF3AE16DFF3BFE6DFF59E13C0191000027D9223C80D4227D2FF1
:2082C0002580910000F7D9FF249054FF6E09910000F7D9FF089054FFAD0080003C159100C1
:2082E00000F7D9FFF05054FF910000F7D9FF009054F07E08910000F7D9FF3C80A002F4F2BE
:208300003C036D0004003C010090910000F7D9FF089054FF6E08910000F7D9FF2C90DA0128
:2083200074FF3C33910000F7D9FF2C90DA0074FF910000F7D9FF109054FF0F0FB0F18BFF56
:208340000101534021F0910000F7D9FF88B010FF54FF534021F0910000F7D9FF88B010FF32
:20836000C81209228409E812C81249F4080A7D420680C81209228409E81291000027D922C4
:208380003C80C81FC83FF42F0090404F405C6DFFC6E091000027D92228905420481F0BF002
:2083A000801091000027D9223C80D422092F5D586E0C910000F7D9FF3C80D4FF49FF1D5AB3
:2083C000DA0034FFDA013C2154CF5EF3DA003C1D91000027D9221C90542254FF3E28481FBC
:2083E0003FF00680DA01820074C03C0F54CF7FF10A8054CFA21F74CF40F46DFFF4FDDA003D
:208400003C04DA0074CFDA016DFFACE002F23C010090201089A48C0989A588090248406CC4
:208420000259407D534820406DFF19D7402FBD0F14003B0016406DFF12D7402EBCE98204FF
:208440003B00165040E46DFFC0D9ECEC3C0440F46DFFA6D73C02A00EBD0E1400F4AEDA00D6
:20846000780109A48C0909A58809028440C6029540D76DFFC3FC40E46DFFE3FB82123C025D
:2084800082F23C010090910000F7D9FF249054FFEE0382123C0A910000F7D9FF089054FF1E
:2084A000EE0382223C0282023C010090910000F7D9FF289054F23C0100908208910000F75B
:2084C000D9FF089054FFDF0F0B81910000F7D9FF289054FF9219910000F7D9FF289074F9C4
:2084E000DF092C80910000F7D9FF80B0D4FF54FFEE023C01910000F7D9FF80B0D4FF910011
:208500000027D92280B091000047D94484B0D444F42491000027D92284B0F42F910000F71E
:20852000D9FF1C9091000027D9221C905420C21074F06DFFF7FC3C01910000F7D9FF18900A
:2085400054F03F09A9801D00A500910000F7D9FF80B0D4FF54FFEE03DA013C02DA006E0993
:20856000910000F7D9FF189082FF74FF1D009400910000F7D9FF80B0D4FFC83FC83F481F76
:208580007FF90980910000F7D9FF189074FF1D008300C852C824C83589458809C834C82574
:2085A000894584090924840940F5B0457D540580C83489248409A004E854542FC2FF742F29
:2085C00048AF6E19C8A2C874C88589458809C884C875894584090924840949F5180A7D54FC
:2085E0000580C88489248409A004E8A4542FC2FF742F3C0191000027D922109091000047F1
:20860000D94410905440821148BF0FF10010A610742048BF534F21F091000027D92288B070
:20862000102209228409E82209248809E8340924880940F5B0458945840940F4B044892454
:20864000880948BF534F21F091000027D92288B01022E85248BF534F21F091000027D9220B
:2086600088B0102248BF534F21F091000047D94488B01044544FC21F742F48B0910000F7AE
:20868000D9FF3C80D4FF48BF7F0F048082183C011DFF5DFF910000F7D9FF3C80D4FF48BF15
:2086A000534F21F0910000F7D9FF88B010FF54FFBF2F048082183C01910000F7D9FF2090B4
:2086C00054FFEE046DFF09BA3C01910000F7D9FF2C9054FF6E0382183C013C0E910000F760
:2086E000D9FF209091000027D9222090542FC21F74FF6DFFF2B902823C010090404F82023D
:20870000BD0F7A0091000027D9223C80542F09FF3C49C2FF89FF3C4948BF09F038495F0FD7
:208720006A0009FF3C49EE6540F4B0446DFFE2D6DF02148091000027D92210909100004703
:20874000D94410905440821148BF0FF1001082FFC6F1261074203C0109FF38496CFB48BFE8
:208760008BFF01F16CF691000027D922109091000047D94410905440821148BF0FF10010F5
:20878000A610742048BF534F21F091000027D92288B0102209228409E82209248809E8341C
:2087A0000924880940F5B0458945840940F4B0448924880948BF534F21F091000027D922A3
:2087C00088B01022E85248BF534F21F091000027D92288B0102248BF534F21F0910000F7DC
:2087E000D9FF88B010FF54FFC21F742F82123C013C013C013C010090CC43C83FC8A2C874AF
:20880000C88589458809C884C875894584090924840949F5180A7D540580C88489248409D2
:20882000A004E8A4542FC2FF742F91000027D9220890542FEE5CC852C824C83589458809A7
:20884000C834C825894584090924840940F5B0457D540580C83489248409A004E854542F01
:20886000C2FF742F91000027D922109091000047D94410905440821148BF0FF10010A610B8
:20888000742048BF534F21F091000027D92288B0102209228409E82209248809E8340924A4
:2088A000880940F5B0458945840940F4B0448924880948BF534F21F091000027D92288B097
:2088C0001022E85248BF534F21F091000027D92288B0102248BF534F21F091000047D944A6
:2088E00088B01044544FC21F742F3C2591000027D922DC5009228409E87209248809E88449
:208900000924880949F5180A8945840949F4180A8924880991000027D922DC50E8A2910047
:208920000027D922DC5091000047D944DC50544FC21F742F48BF910000F7D9FF3C80D4FFAB
:2089400048B07FF00A808212910000F7D9FF2C90DA0174FF3C0282023C010090A00F820860
:2089600091000027D9220890542F6DFFD8DD91000027D922089091000047D9440890544F8D
:20898000C2FF742F91000027D9220890542FDF0FC78091000027D9220090542FBF1FBF808D
:2089A0001D008C00910000F7D9FFDC50C83FC83FC8A2C874C88589458809C884C8758945CB
:2089C00084090924840949F5180A7D540580C88489248409A004E8A4542FC2FF742F0D00F0
:2089E0008004C852C824C83589458809C834C825894584090924840940F5B0457D54058013
:208A0000C83489248409A004E854542FC2FF742F91000027D922109091000047D944109071
:208A20005440821148BF0FF10010A610742048BF534F21F091000027D92288B010220922AC
:208A40008409E82209248809E8340924880940F5B0458945840940F4B0448924880948BFF5
:208A6000534F21F091000027D92288B01022E85248BF534F21F091000027D92288B0102215
:208A800048BF534F21F091000047D94488B01044544FC21F742F48BF91000027D9223C80FE
:208AA000D42209202C093F0F098091000027D9222C90DA01742F3C0191000027D922DC5082
:208AC000542FEE03DA013C02DA00DF0F6D7FBCF36DFF28FA910000F7D9FF209054FF6E1433
:208AE0006DFFEDFC7628910000F7D9FF2C90821074F03C01C2FFEEF5910000F7D9FF209080
:208B0000DA0074FF3C01910000F7D9FF2C9054FF6E058218AD0080003C013C016DFF22DD3D
:208B200002823C0100906DFFD1D6911000F7D9FF100C54FFEE2C91100047D944200C6DFF3B
:208B4000F4D491100047D944340C6DFFEED4911000F7D9FF180C91100027D922200CF4F271
:208B6000911000F7D9FF1C0C91100027D922340CF4F2911000F7D9FF100C3BF000403B0042
:208B8000015082066DFFE7E0F4F23C016DFFC1D60090911000F7D9FF180CD4FF54FFEE0368
:208BA000DA013C02DA00744FEE09911000F7D9FF180CD4FFC83F54F23C0282023C010090C5
:208BC000404C024F0258405D406E407F6DFFADFFF4FC6CF6E87DE88E40F4B0446DFFA2D405
:208BE000768609FF6408960489FF24080090820889440409894490093F451380A2654C46AD
:208C00003FF5048082183C0B911000F7D9FF1C0CD4FF4045B04540F46DFFA4D43C117F658D
:208C200006803F64048082183C0B911000F7D9FF180CD4FF4045B04540F46DFF93D402823A
:208C40003C0100900B451088911000F7D9FF180CD4FFC83FC83F40F4B0446DFF4BD409FF2F
:208C600064082E2740F40B8910486D00D7003C0609FF640816FE89FF2408C88240F42D02A4
:208C80000000009020181D00860054AFCEFB49AF040AD4FF09A4880909A40C092D0F000088
:208CA0003C0154AFBF0F7700D802485FEE03DA013C02DA00EE0640F4B0446DFF1BD43C0116
:208CC00049A4100A6D00BE00022854A0DA01BE07DA02BE0582315F013B0082415F013E0056
:208CE00082515F014A00DA063E0ADA073E08DA085F0F2E00DA095F0F31003C4B09FF6408AD
:208D0000960189FF240809A40409486F42F409A6040940F402856DFF6CFFDF02180009FF12
:208D200064082E2A09A40409486F42F440F402856D0074003C0609FF640816FE89FF2408AE
:208D4000C88240F42D0200003C013C2409FF640816FE89FF24083C1E09FF6408960189FFA0
:208D6000240858016CF6486F128440F4028502866DFF3FFF3C0F09FF6408AE1540F46DFFB0
:208D800065D03C0609FF640816FE89FF24083C023C01911000F7D9FF100CD4F449A5000A59
:208DA00082046DFF1AE1DF0272FF009020080248025F6DFF39EA49A4000A6D0043000229B0
:208DC00054A0DF002880EE0A3F8909806DFFE6ED0B8910486DFF38FF3C1C6E0B911000F798
:208DE000D9FF1C0CD4FF54FFEE03DA013C02DA00911000F7D9FF100CD4F40B98804002F5BB
:208E00006DFF89DF6DFFCAEDF624AD0080003C013C036DFFC3ED0090404F0B4510883C0732
:208E2000486F42F8C88240F42D020000486F128440F4029502866DFFDCFEDF02F3FF00904B
:208E4000404F6DFF53EB022F91100027D9220C0C54207F0F07806D000F00821074F03C0393
:208E6000820074F0911000F7D9FF0C0C74FF02F23C0100903C0B911000F7D9FF180CD4FFA2
:208E8000C83F54F482F56DFFDFFE911000F7D9FF180CD4FF54FFEE03DA013C02DA006EECCB
:208EA000911000F7D9FF180CD4FF91100027D922180C91100047D9441C0CD444F424911066
:208EC0000027D9221C0CF42F009020083C0B49A4000A6DFF60FE54A502246DFF69FF6DFF06
:208EE000D3FE3CF6009082086DFF1FFE911000F7D9FF100C54FF6E1691200348D944CAB8CE
:208F000091200358D955A4AA3B001040A0063BF0015091100077D977140C6DFF9AEA02287A
:208F20003C0102823C010090404F024F0258405C406D3B8002406DFFE8CE402EBCEC820069
:208F400089E0240840F40BF8104840C540D640E76DFF38FE40E23C010090201040560268EA
:208F60008202911000F7D9FF100C54FF6E2F74A489A5040989A48809FF641E006DFFA3EA66
:208F8000DF220E80911000F7D9FF100CD4F449A5000A820502846DFF9CDF3C0C911000F722
:208FA000D9FF100CD4F449A5000A820482056DFF90DF3C0B911000F7D9FF100CD4F449A58C
:208FC000000A82046DFF38DF3C013C0100906DFF6AD7911000F6D9FF100C54FFEE2C91102E
:208FE0000046D944200C6DFFA0D291100046D944340C6DFF9AD2911000F6D9FF180C9110B4
:209000000026D922200CF4F2911000F6D9FF1C0C91100026D922340CF4F2911000F6D9FF2F
:20902000100C3BF000403B00015082066DFF1BE1F4F23C016DFF5AD70090911000F6D9FF6E
:20904000180CD4FF54FFEE03DA013C02DA00744FEE09911000F6D9FF180CD4FFC83F54F275
:209060003C0282023C010090404C024F0258405D406E407F6DFFADFFF4FC6CF6E87DE88EDB
:2090800040F4B0446DFF4ED2768609FF6408960489FF240800908208894404098944900904
:2090A0003F451380A2654C463FF5048082183C0B911000F6D9FF1C0CD4FF4045B04540F44F
:2090C0006DFF50D23C117F6506803F64048082183C0B911000F6D9FF180CD4FF4045B04563
:2090E00040F46DFF3FD202823C0100900B451088911000F6D9FF180CD4FFC83FC83F40F4DE
:20910000B0446DFFF7D109FF64082E2740F40B8910486D00D7003C0609FF640816FE89FFA8
:209120002408C88240F42D020000009020181D00860054AFCEFB49AF040AD4FF09A4880908
:2091400009A40C092D0F00003C0154AFBF0F7700D802485FEE03DA013C02DA00EE0640F4FF
:20916000B0446DFFC7D13C0149A4100A6D00BE00022854A0DA01BE07DA02BE0582315F0118
:209180003B0082415F013E0082515F014A00DA063E0ADA073E08DA085F0F2E00DA095F0F98
:2091A00031003C4B09FF6408960189FF240809A40409486F42F409A6040940F402856DFFAE
:2091C0006CFFDF02180009FF64082E2A09A40409486F42F440F402856D0074003C0609FFD2
:2091E000640816FE89FF2408C88240F42D0200003C013C2409FF640816FE89FF24083C1E5B
:2092000009FF6408960189FF240858016CF6486F128440F4028502866DFF3FFF3C0F09FF47
:209220006408AE1540F46DFF66CF3C0609FF640816FE89FF24083C023C01911000F6D9FFC2
:20924000100CD4F449A5000A82046DFF4EE1DF0272FF009020080248025F6DFFACEF49A468
:20926000000A6D004300022954A0DF002880EE0A3F8909806DFF59F30B8910486DFF38FFFE
:209280003C1C6E0B911000F6D9FF1C0CD4FF54FFEE03DA013C02DA00911000F6D9FF100CD1
:2092A000D4F40B98804002F56DFFBDDF6DFF3DF3F624AD0080003C013C036DFF36F3009000
:2092C000404F0B4510883C07486F42F8C88240F42D020000486F128440F4029502866DFF2A
:2092E000DCFEDF02F3FF0090404F6DFFC6F0022F91100026D9220C0C54207F0F07806D007F
:209300000F00821074F03C03820074F0911000F6D9FF0C0C74FF02F23C0100903C0B911080
:2093200000F6D9FF180CD4FFC83F54F482F56DFFDFFE911000F6D9FF180CD4FF54FFEE03AF
:20934000DA013C02DA006EEC911000F6D9FF180CD4FF91100026D922180C91100046D94470
:209360001C0CD444F42491100026D9221C0CF42F009020083C0B49A4000A6DFF60FE54A5CF
:2093800002246DFF69FF6DFFD3FE3CF6009082086DFF1FFE911000F6D9FF100C54FF6E165F
:2093A00091200348D94432D991200358D955B4AA3B001040A0063BF0015091100076D977DD
:2093C000140C6DFF0DF002283C0102823C010090404F024F0258405C406D3B8002406DFF60
:2093E000E9CD402EBCEC820089E0240840F40BF8104840C540D640E76DFF38FE40E23C01B8
:2094000000902010405602688202911000F6D9FF100C54FF6E2F74A489A5040989A488097C
:20942000FF641E006DFF16F0DF220E80911000F6D9FF100CD4F449A5000A820502846DFFE6
:20944000D0DF3C0C911000F6D9FF100CD4F449A5000A820482056DFFC4DF3C0B911000F6D0
:20946000D9FF100CD4F449A5000A82046DFF6CDF3C013C0100906DFF52D8911000F5D9FFED
:20948000100C54FFEE2C91100045D944200C6DFF4CD091100045D944340C6DFF46D0911026
:2094A00000F5D9FF180C91100025D922200CF4F2911000F5D9FF1C0C91100025D922340C51
:2094C000F4F2911000F5D9FF100C3BF000403B00015082066DFF67E1F4F23C016DFF42D840
:2094E0000090911000F5D9FF180CD4FF54FFEE03DA013C02DA00744FEE09911000F5D9FF18
:20950000180CD4FFC83F54F23C0282023C010090404C024F0258405D406E407F6DFFADFF1F
:20952000F4FC6CF6E87DE88E40F4B0446DFFFACF768609FF6408960489FF240800908208C9
:2095400089440409894490093F451380A2654C463FF5048082183C0B911000F5D9FF1C0CEC
:20956000D4FF4045B04540F46DFFFCCF3C117F6506803F64048082183C0B911000F5D9FF06
:20958000180CD4FF4045B04540F46DFFEBCF02823C0100900B451088911000F5D9FF180C35
:2095A000D4FFC83FC83F40F4B0446DFFA3CF09FF64082E2740F40B8910486D00D7003C0655
:2095C00009FF640816FE89FF2408C88240F42D020000009020181D00860054AFCEFB49AF73
:2095E000040AD4FF09A4880909A40C092D0F00003C0154AFBF0F7700D802485FEE03DA017C
:209600003C02DA00EE0640F4B0446DFF73CF3C0149A4100A6D00BE00022854A0DA01BE073B
:20962000DA02BE0582315F013B0082415F013E0082515F014A00DA063E0ADA073E08DA082E
:209640005F0F2E00DA095F0F31003C4B09FF6408960189FF240809A40409486F42F409A650
:20966000040940F402856DFF6CFFDF02180009FF64082E2A09A40409486F42F440F4028524
:209680006D0074003C0609FF640816FE89FF2408C88240F42D0200003C013C2409FF6408AD
:2096A00016FE89FF24083C1E09FF6408960189FF240858016CF6486F128440F4028502867E
:2096C0006DFF3FFF3C0F09FF6408AE1540F46DFF67CE3C0609FF640816FE89FF24083C02CD
:2096E0003C01911000F5D9FF100CD4F449A5000A82046DFF9AE1DF0272FF00902008024822
:20970000025F6DFF73F549A4000A6D004300022954A0DF002880EE0A3F8909806DFF20F9F9
:209720000B8910486DFF38FF3C1C6E0B911000F5D9FF1C0CD4FF54FFEE03DA013C02DA0029
:20974000911000F5D9FF100CD4F40B98804002F56DFF09E06DFF04F9F624AD0080003C011B
:209760003C036DFFFDF80090404F0B4510883C07486F42F8C88240F42D020000486F128414
:2097800040F4029502866DFFDCFEDF02F3FF0090404F6DFF8DF6022F91100025D9220C0C45
:2097A00054207F0F07806D000F00821074F03C03820074F0911000F5D9FF0C0C74FF02F29C
:2097C0003C0100903C0B911000F5D9FF180CD4FFC83F54F482F56DFFDFFE911000F5D9FF93
:2097E000180CD4FF54FFEE03DA013C02DA006EEC911000F5D9FF180CD4FF91100025D922BB
:20980000180C91100045D9441C0CD444F42491100025D9221C0CF42F009020083C0B49A4D1
:20982000000A6DFF60FE54A502246DFF69FF6DFFD3FE3CF6009082086DFF1FFE911000F5B9
:20984000D9FF100C54FF6E1691200348D9449A0991200358D95584BA3B001040A0063BF0AD
:20986000015091100075D977140C6DFFD4F502283C0102823C010090404F024F0258405C4E
:20988000406D3B8002406DFFEACC402EBCEC820089E0240840F40BF8104840C540D640E7FE
:2098A0006DFF38FE40E23C0100902010405602688202911000F5D9FF100C54FF6E2F74A4D1
:2098C00089A5040989A48809FF641E006DFFDDF5DF220E80911000F5D9FF100CD4F449A501
:2098E000000A820502846DFF1CE03C0C911000F5D9FF100CD4F449A5000A820482056DFFDE
:2099000010E03C0B911000F5D9FF100CD4F449A5000A82046DFFB8DF3C013C010090000033
:20992000608124F002388700FFFFFFFF648124F066D00000FFFFFFFF688124F0023807000C
:20994000FFFFFFFF6C8124F026980000FFFFFFFF248124F0C9000000FFFFFFFF0C8124F031
:209960000807690BFFFFFFFF288124F08E042101FFFFFFFF488124F0B6730835FFFFFFFFBC
:209980004C8124F0466C9402FFFFFFFF088124F002003630FFFFFFFF108124F03B03360088
:2099A000FFFFFFFF148124F01008690BFFFFFFFF508124F00E710834FFFFFFFF548124F0F5
:2099C000446C9402FFFFFFFF188124F009003600FFFFFFFF1C8124F00808690BFFFFFFFF2C
:2099E000208124F0941C2300FFFFFFFF588124F0B622081BFFFFFFFF5C8124F0466C9402C6
:209A0000FFFFFFFF2C8124F034040000FFFFFFFF308124F0825A0000FFFFFFFF348124F0EF
:209A200009090712FFFFFFFF00A003F00000000000A103F00100000000A203F00200000040
:209A400000AA03F00A00000000AB03F00B00000000AC03F00C00000000AD03F00D0000005E
:209A600000AE03F00E00000000AF03F00F00000000B403F01400000000B503F0150000000E
:209A800000B603F01600000000B703F01700000000C003F02000000000C103F0210000009E
:209AA00000C203F02200000000C803F0280000000000003F0000803F0000A03F0000C03F10
:209AC0000000004000002040002D31010100001D0500001F0101000017B7513903000000E8
:209AE000309B318013012307FF0FFF0F12021121BF0F3F3F011200000F3F0000320000006B
:209B0000FF000000000000003F000000000000003F000000000000003F000000249B318019
:209B20002C9B3180050100003F07000000000000030017B7D138020017B7D138010017B7DF
:209B4000D13800000005040007000000000100003D000000FA2F130F000000000000000063
:209B6000416C61726D356D735F43616C6C6261636B5F514D5F4253575F5461736B5F43306B
:209B800000000000416C61726D356D735F43616C6C6261636B5F514D5F4150504C5F4D61C1
:209BA000696E4379636C655F5461736B5F4330004153494C445F4253575F5461736B5F43CE
:209BC000310000004153494C445F4150504C5F4D61696E4379636C655F5461736B5F4331C2
:209BE00000000000416C61726D356D735F43616C6C6261636B5F4153494C445F4253575F81
:209C00005461736B5F433100416C61726D356D735F43616C6C6261636B5F4153494C445F45
:209C20004150504C5F4D61696E4379636C655F5461736B5F433100004153494C445F415001
:209C4000504C5F4D61696E4379636C655F5461736B5F4332000000004153494C445F42536D
:209C6000575F5461736B5F4332000000416C61726D356D735F43616C6C6261636B5F415366
:209C8000494C445F4150504C5F4D61696E4379636C655F5461736B5F433200FD416C617248
:209CA0006D356D735F43616C6C6261636B5F4153494C445F4253575F5461736B5F433200D9
:209CC0004153494C445F4150504C5F4D61696E4379636C655F5461736B5F433000FDFD00F9
:209CE000514D5F4150504C5F4D61696E4379636C655F5461736B5F43300000004153494C79
:209D0000445F4253575F5461736B5F433000FDFD4153494C425F4253575F5461736B5F43AC
:209D20003000FDFD514D5F4253575F5461736B5F4330000B416C61726D356D735F43616CD0
:209D40006C6261636B5F4153494C445F4150504C5F4D61696E4379636C655F5461736B5F89
:209D60004330000C416C61726D356D735F43616C6C6261636B5F4153494C445F4253575F80
:209D80005461736B5F433000416C61726D356D735F43616C6C6261636B5F4153494C425FC7
:209DA0004253575F5461736B5F433000000102030405060708090A0B0C0D0E2223262935C1
:209DC00037393B3C3E3F414244464D4E525300092200000000050400070000000001000096
:209DE0003D00000084ECF1950000FF00FF0005000100000005000100000000002200FF0005
:209E0000FF0005000100000005000100000000002300FF00FF00050001000000050001000A
:209E20000000000003000000000001000100050009000000050009000000000022000100DE
:209E40000100050009000000050009000000000001000100010005000900000005000900C6
:209E60000000000002000100010005000900000005000900000000000300010001000500B8
:209E8000090000000500090000000000040002000100050009000000050001000000000090
:209EA00005000100020005000900000005000900000000002300010002000500090000004A
:209EC000050009000000000006000100020005000900000005000900000000000700010047
:209EE00002000500090000000500090000000000080001000200050009000000050009001D
:209F00000000000009000200020005000900000005000100000000000A000100040005000C
:209F20000900000005000900000000000B00010004000500090000000500090000000000DE
:209F40000C000100040005000900000005000900000000000D0001000400050009000000B4
:209F600005000900000000000E00020004000500090000000500090000000000260002007B
:209F80004000050001000000050001000000000029000400FF00050001000000050001003D
:209FA0000000000035000400FF00050001000000050001000000000037000400FF0005001E
:209FC00001000000050001000000000039000400FF00050001000000050001000000000032
:209FE0003A000400FF0005000100000005000100000000003B000400FF00050001000000D4
:20A0000005000100000000003C000400FF0005000100000005000100000000003E000400AD
:20A02000FF0005000100000005000100000000003F000400FF0005000100000005000100C7
:20A040000000000041000400FF00050001000000050001000000000042000400FF00050066
:20A0600001000000050001000000000044000400FF00050001000000050001000000000086
:20A0800046000400FF0005000100000005000100000000004D000400FF000500090000000D
:20A0A00000000000000000004E000400FF00050009000000000000000000000052000400EB
:20A0C000FF00050001000000050001000000000053000400FF000500010000000500010013
:20A0E0000000000023000000346103F001800180FFFFFFFF00800180FFFFFFFF01800180B8
:20A10000FFFFFFFF01800180FFFFFFFF386103F001800180FFFFFFFF00800180FFFFFFFFBE
:20A1200001800180FFFFFFFF01800180FFFFFFFF02000000C06903F090240000FFFFFFFF55
:20A1400090240000FFFFFFFF90240000FFFFFFFF00040000FFFFFFFFC46903F090240000CB
:20A16000FFFFFFFF90240000FFFFFFFF90240000FFFFFFFF00040000FFFFFFFFC86903F05F
:20A1800090240000FFFFFFFF90240000FFFFFFFF90240000FFFFFFFF00000000FFFFFFFFB3
:20A1A000D86903F000481200FFFFFFFF00481200FFFFFFFF00481200FFFFFFFF0000000069
:20A1C000FFFFFFFFDC6903F002000000FEBFFFFF02000000FFBFFFFF02000000FFFFFFFFD2
:20A1E00000000000FFFFFFFFE06903F020000000FFFFFFFF00000000FFFFFFFF000000000F
:20A20000FFFFFFFF00000000FFFFFFFFE46903F000000000FCFFFFFF00000000FFFFFFFF11
:20A2200000000000FFFFFFFF00000000FFFFFFFFE86903F000000000FFFFFFFF00000000E6
:20A24000FFFFFFFF00000000FFFFFFFF00000000FFFFFFFFEC6903F000000000FFFFFFFFC6
:20A2600000000000FFFFFFFF00000000FFFFFFFF00000000FFFFFFFF09000000C06103F0CD
:20A280001FFBF3A0FFFFFFFF2FF820A0FFFFFFFF4FB8E020FFFFFFFF8F08E020FFFFFFFF9C
:20A2A000C46103F001000000FFFFFFFF01000000FFFFFFFF01000000FFFFFFFF010000008E
:20A2C000FFFFFFFFC86103F01FFBF3A0FFFFFFFF2FF820A0FFFFFFFF4FB8E020FFFFFFFFD7
:20A2E0008F08E020FFFFFFFFCC6103F01FFBF3A0FFFFFFFF2FF820A0FFFFFFFF4FB8E02018
:20A30000FFFFFFFF8F08E020FFFFFFFF0400000000000400FF00050001000000050001009B
:20A320000000000022000400FF00050001000000050001000000000001000400FF000500E3
:20A3400001000000050001000000000002000400FF000500010000000500010000000000E5
:20A3600003000400FF00050001000000050001000000000004000400FF00050001000000BE
:20A38000050001000000000005000400FF000500010000000500010000000000230004007C
:20A3A000FF00050001000000050001000000000006000400FF00050001000000050001007D
:20A3C0000000000007000400FF00050001000000050001000000000008000400FF00050057
:20A3E00001000000050001000000000009000400FF0005000100000005000100000000003E
:20A400000A000400FF0005000100000005000100000000000B000400FF000500010000000F
:20A4200005000100000000000C000400FF0005000100000005000100000000000D000400EA
:20A44000FF0005000100000005000100000000000E000400FF0005000100000005000100D4
:20A460000000000026000400FF00050001000000050001000000000029000400FF00050076
:20A4800001000000050001000000000035000400FF00050001000000050001000000000071
:20A4A00037000400FF00050001000000050001000000000039000400FF0005000100000014
:20A4C00005000100000000003A000400FF0005000100000005000100000000003B000400EE
:20A4E000FF0005000100000005000100000000003C000400FF000500010000000500010006
:20A50000000000003E000400FF0005000100000005000100000000003F000400FF000500A7
:20A5200001000000050001000000000041000400FF000500010000000500010000000000C4
:20A5400042000400FF00050001000000050001000000000044000400FF000500010000005D
:20A56000050001000000000046000400FF0005000100000005000100000000004D0004002F
:20A58000FF0000000000000000000000000000004E000400FF00000000000000000000006B
:20A5A0000000000052000400FF00050001000000050001000000000053000400FF000500DF
:20A5C000010000000500010000000000000001000100050009000000050009000000000056
:20A5E00022000100010005000900000005000900000000000100010001000500090000000A
:20A60000050009000000000002000100010005000900000005000900000000000300010008
:20A620000100050009000000050009000000000004000200010005000900000005000900DA
:20A640000000000005000100020005000900000005000900000000002300010002000500AB
:20A6600009000000050009000000000006000100020005000900000005000900000000009E
:20A6800007000100020005000900000005000900000000000800010002000500090000007B
:20A6A000050009000000000009000200020005000900000005000900000000000A00010058
:20A6C000040005000900000005000900000000000B0001000400050009000000050009002E
:20A6E000000000000C000100040005000900000005000900000000000D0001000400050016
:20A700000900000005000900000000000E00020004000500090000000500090000000000F2
:20A72000260002004000050001000000050001000000000029000400FF0005000100000073
:20A74000050001000000000035000400FF0005000100000005000100000000003700040074
:20A76000FF00050001000000050001000000000039000400FF000500010000000500010086
:20A78000000000003A000400FF0005000100000005000100000000003B000400FF0005002D
:20A7A0000100000005000100000000003C000400FF00050001000000050001000000000047
:20A7C0003E000400FF0005000100000005000100000000003F000400FF00050001000000E4
:20A7E000050001000000000041000400FF00050001000000050001000000000042000400BD
:20A80000FF00050001000000050001000000000044000400FF0005000100000005000100DA
:20A820000000000046000400FF0005000100000005000100000000004D000400FF00000073
:20A840000000000000000000000000004E000400FF000000000000000000000000000000A7
:20A8600052000400FF00050001000000050001000000000053000400FF000500010000001B
:20A880000500010000000000000005F8FFFFFFFF040005F8FFFFFFFF080005F8FFFFFFFFBB
:20A8A0000C0005F8FFFFFFFF100005F8FFFFFFFF100005F8FFFFFFFF140005F8FFFFFFFF74
:20A8C000000105F8FFFFFFFF040105F8FFFFFFFF080105F8FFFFFFFF0C0105F8FFFFFFFF78
:20A8E000100105F8FFFFFFFF140105F8FFFFFFFF800004F800000080740004F8FFFFFFFFD8
:20A90000880004F8FFFFFFFF8C0004F8FFFFFFFF900004F8FFFFFFFF400007F8FFFFFFFF70
:20A92000740006F8FFFFFFFF040007F8FFFFFFFF080007F8FFFFFFFF0C0007F8FFFFFFFFA0
:20A94000100007F8FFFFFFFF140007F8FFFFFFFF000007F8FFFFFFFF400005F8FFFFFFFFA9
:20A96000440005F8FFFFFFFF480005F8FFFFFFFF4C0005F8FFFFFFFF500005F8FFFFFFFFCB
:20A98000540005F8FFFFFFFF400105F8FFFFFFFF440105F8FFFFFFFF480105F8FFFFFFFFB0
:20A9A0004C0105F8FFFFFFFF500105F8FFFFFFFF540105F8FFFFFFFF800005F8FFFFFFFF40
:20A9C000840005F8FFFFFFFF880005F8FFFFFFFF8C0005F8FFFFFFFF900005F8FFFFFFFF6B
:20A9E000940005F8FFFFFFFF800105F8FFFFFFFF840105F8FFFFFFFF880105F8FFFFFFFF50
:20AA00008C0105F8FFFFFFFF900105F8FFFFFFFF940105F8FFFFFFFF840004F8FFFFFFFF1C
:20AA2000C06003F0FF000000340000000200000034AA318008010070100000001001007035
:20AA4000A8030000010000004CAA3180000100708000000008000000908903F0008303F028
:20AA6000001000F0948903F0088303F0001100F0988903F0108303F0001200F049444C458D
:20AA80005F636F726530000049444C455F636F726531000049444C455F636F72653200FDD2
:20AAA0001E000000546D72205376635F636F72653000FD00546D72205376635F636F72653D
:20AAC00031000000546D72205376635F636F7265320000FDDA006DFFA592DF1208806DFF2D
:20AAE000B39202246DFF9E91DA01916000FF820074F05E166DFFA89202246DFF0894913096
:20AB000000FFD9FF0C9654FF370F6EF18FFF83813C01913000FFD9FF28A654FF370F6EF197
:20AB20008FFF83913C01913000FFD9FF0C9654FF2E1B8F2800F0960154F0370070088F00A0
:20AB40000100A60F74FF8F2800F0960254F0370070088F000100A60F74FF54FFDA00B70FEF
:20AB600081F0CDCF20090D00C0040D00C004DA00B70F81F0CD0F04090D00C0040D00C00461
:20AB800091000000D900000091000080D988000091000090D9990000910003F8D9FF0040A2
:20ABA00080FFCD4FE20F0D00C004910003F8D9FF000280FFCD0FE20F0D00C004914000F7ED
:20ABC000D9FFC0CA80FFCD8FE20F0D00C004913000FFD9FF0C9654FF2E1B8F2800F0960162
:20ABE00054F0370070088F000100A60F74FF8F2800F0960354F0370070088F000100A60F32
:20AC000074FF54FF9130004FD9440C9602846DFFA19702946DFFB9976D0032016DFFC697BA
:20AC20006D002E0102946DFFE2979130004FD9440C9602846DFFBF97912003F8D9FFC0AAF8
:20AC4000DC0F3C00009000FD91000010D91100003B0098F0CD4FE00F0D00C004913000FF56
:20AC600019FF10167BD0380126F07603DA003C248FBF0F01BF10138016FB913000FF19F0AF
:20AC800018160F0FB0F18BFF01F1061F570062FF5E23DA013C02DA003C0FEF4F0400DA0192
:20ACA0003C0B911088FF19FF000D370FE2F06E03DA013C02DA003C011E17912003F8D9FF8E
:20ACC000D43ADC0F3C06912003F8D9FFF83ADC0F0090FD00911003F8D9FF4ECD2D0F200020
:20ACE000911003F8D9FFAA0D2D0F2000912003F8D9FFFC5ADC0F0090914000A7D9AA008AF3
:20AD00000D008004914000F7D9FF000B91400027D922C00B40F4802080FFA2F0DA404BF0FF
:20AD2000114282003C1E804FB70F1CF08F4F1F10804FBBF0FF2F0662262F06AFA6F1F60689
:20AD4000CD81E30F0D00C0043C0274F19AD47E05CDC1E30F0D00C004404F4944001AC210F5
:20AD60003F40E3FFDA0074FF0D0080040D00C004912003F8D9FFE49ADC0F0090914000A7CE
:20AD8000D9AA008A0D008004914000F7D9FF000B91400027D922C00B40F4802080FFA2F0C7
:20ADA000DA404BF0114282003C1E804FB70F1CF08F4F1F10804FBBF0FF2F0662262F06AF47
:20ADC000A6F1F606CD81E30F0D00C0043C0274F19AD47E05CDC1E30F0D00C004404F4944CE
:20ADE000001AC2103F40E3FFDA0074FF0D0080040D00C004912003F8D9FFC08ADC0F00900E
:20AE0000913000FFD9FF0C9654FF370F6EF18FFF83413C01913000FFD9FF28A654FF370F72
:20AE20006EF18FFF83F13C019130004FD9440C966DFF379702F46DFF4C9791200348D9440D
:20AE400088B96DFF098ADF1208803B90174082156DFF619D3C01912003F8D9FFE49ADC0FEC
:20AE60000090FDFD912003F8D9FFF09ADC0F0090912003F8D9FF94BADC0F009000900000E2
:20AE80006DFFE29002246DFF24906DFFF19002246DFF63906DFFD89002246DFFC38F6DFFF8
:20AEA000E79002246DFFE68F82046DFF51A66DFF25A66DFF3FA63BD004406DFF06813BE046
:20AEC00004406DFF02816DFFBF9002246DFF1F926DFFCE9002246DFF41926DFF07AA6DFF89
:20AEE0008B38911000F7D9FF640CDA0134FF6DFF559C6DFF792A6DFFC3506DFFB1BD6DFF70
:20AF0000A8BD6DFFD72C6DFF66576DFF45A06DFF3C576DFF9D666DFF6BBB6DFF6CA30D005B
:20AF20000003911000F7D9FF404CDA0134FF82046DFF6FA76DFF9FA76DFFC0A76DFF08A85B
:20AF40006DFF46A86DFF2DD9009001FD6DFF62BC00900B0C911000F7D9FF605C09F44009F4
:20AF60006DFF389E0090000982FF2C4182FF2C4382FF2C4682FF2C4782FF2C4882FF2C4946
:20AF800082FF2C4A82FF2C4B82FF2C4C82FF2C4D82FF2C4E82FF894F120882FF894F1308ED
:20AFA000009000000248DA204BF801028BA00002DA204BF801228B0341F287F000F06E054F
:20AFC00002846DFFE5923C0102846DFF449282FFC6F2370268F0913000FF19F0A40637008F
:20AFE000610482F1C610260F6E0382123C0382023C01009082086DFF1793913000FF39FF41
:20B00000B80616035E1382123C3C913000FF39FFB8061603EE196DFFCF91913000FF19FF62
:20B02000A406160F8B0F0092913000FF19FFA406370F61F48B0F00826DFF2492BA1287F86F
:20B04000008026983C17913000FF39FFB8061603DE216DFF1F92BBF0FF8F9BF8FF80000029
:20B060006DFF1092DF120500028FC2F8EEF982183C016DFFCA92768382123C0382023C016E
:20B080000090FD006DFFF48F02246DFFF38E913000FF39FF2CA69601913000FFE9FF2CA646
:20B0A0006DFFE68F02246DFF5991910000F7D9FF28C049F4180A6DFF59FF6DFF5E9B9100D2
:20B0C00000F7D9FF28C0DA0089FFBC286D00EC010229910000F7D9FF28C089F91B08822857
:20B0E000910000F7D9FF28C091000027D92228C0092F54086DFF9892262F89FF14089100B9
:20B1000000F7D9FF28C009FF54085E19910000F7D9FF28C0DA0189FF1A083C08910000F704
:20B12000D9FF28C0DA0089FF1A0802846DFF7E916DFF6B92913000FFD9FF28A654FF370F62
:20B140006EF18FFF83013C01913000FF19FF28A66F1F12008F2020F09601913000FF19F1DB
:20B1600028A6370170188F012110A61F913000FF59FF28A686208F2040F1913000FF19F086
:20B1800028A6370070088F002100A60F913000FF59FF28A63C01913000FF19FF28A61601ED
:20B1A000DF1FFB7F913000FF19FFAC06370F65FC1E2382093C01913000FFD9FF28A654FF24
:20B1C000370F6EF18FFF83013C01913000FF19FF28A66F1F12008F2020F09601913000FF1F
:20B1E00019F128A6370170188F012110A61F913000FF59FF28A686208F3040F1913000FFF5
:20B2000019F028A6370070088F002100A60F913000FF59FF28A63C01913000FF19FF28A67A
:20B220006F0FFC7F910000F7D9FF28C089F924086DFFE2FE910000F7D9FF28C089F22308E5
:20B240000090FDFD20906DFFFF8E02246DFFEA8D913000FF39FF8006B70F81F0913000FF3D
:20B26000E9FF80066DFFF08E02246DFF5090910003F8D9FF0C1249FF000A49A2000AA0B4E7
:20B2800044FF642FFC4E910003F8D9FF0C1249FF000A49A2300AA0B444FF642FFC4E910090
:20B2A00003F8D9FF0C1249FF000A49A2201AA0B444FF642FFC4E82021D00950082031D00DA
:20B2C0008E00DA097E27DF530400DA117E331D008300DF620580DA147E323C7DDF720580F3
:20B2E000DF1303803C7853C22000600F9130003F30F3D93F804654F05700610353C220103C
:20B30000601F9130003F30F3D93F8046481F570F61130611A61053C22010601F9130003FDB
:20B3200030F3D93F8046482F570F611306210F10A040DF042580534220F010AF534220F004
:20B3400010A2542F82100F301000A60F74FF534220F010AF534220F010A24C2C6CFC53427F
:20B3600020F010AF534220F010A2092F201982100F301000A60F89FF20193C2D534220F0D1
:20B3800010AF534220F010A254208F1400F10F3F1010A61074F0534220F010AF534220F0FE
:20B3A00010A2092030098FF43FF016010F3F1010A61068C0534220F010AF534220F010A2A9
:20B3C0000920201986E48F1400F10F3F10F0A6F089F02019C21337036830DA203FF373FF32
:20B3E000C212BFC26DFF910000F7D9FF28C091000027D92228C0092F54086DFF1591262FAE
:20B4000089FF1408910000F7D9FF28C009FF54085E19910000F7D9FF28C0DA0189FF1A0898
:20B420003C08910000F7D9FF28C0DA0089FF1A0882083C346DFF1C8E02246DFF1B8D53C897
:20B4400020F060FF9130003F30F3D93F8046534820F010A2542F74FF53C820F060FF9130DE
:20B46000003F30F3D93F8046534820F010A24C2C6CF153C820F060FF9130003F30F3D93F95
:20B480008046534820F010A2092F20196CF26DFFEF8D02246DFF628FC218BFC8CDFF6DFFB6
:20B4A000B4900090911000F7D9FF604C081F911000F7D9FF604C0830A6F0911000F7D9FF1B
:20B4C000604C085F0FF0A0808209820A1D00B40153CA20F0912003F8D9FFE88B10FF94F496
:20B4E00053CA20F0912003F8D9FFE88B10FF08256DFFDD8F82021D00BF0053CA20F09120D6
:20B5000003F8D9FFE88B10FF082F53222010911000F7D9FF604C01F100F614F05F0FAB8059
:20B52000532220F0911000F7D9FF604C10FF081F6F0F3000911000F7D9FF684C53CA20F035
:20B5400091200328D922E88B1022F4F2911000F7D9FF444C09FFC008538F20F0911000F72F
:20B56000D9FF486C10FF91100027D922684C0922C00989F2C009911000F7D9FF444C9110E0
:20B580000027D922444C092FC008C21FB4FF3C01532220F0911000F7D9FF604C10FF081F51
:20B5A0006F1F3000911000F7D9FF704C53CA20F091200328D922E88B1022F4F2911000F77A
:20B5C000D9FF484C09FFC008538F20F0911000F7D9FF68AC10FF91100027D922704C092200
:20B5E000C00989F2C009911000F7D9FF484C91100027D922484C092FC008C21FB4FF3C0112
:20B60000532220F0911000F7D9FF604C10FF081F6F2F3000911000F7D9FF784C53CA20F024
:20B6200091200328D922E88B1022F4F2911000F7D9FF4C4C09FFC008538F20F0911000F746
:20B64000D9FF48FC10FF91100027D922784C0922C00989F2C009911000F7D9FF4C4C911057
:20B660000027D9224C4C092FC008C21FB4FF3C013C01C212BF3243FF53CA20F0912003F822
:20B68000D9FFE88B10FF083F6E2F911000F7D9FF405C53CA20F091200328D922E88B1022B7
:20B6A000F4F2911000F7D9FF584C09FFC008538F20F0911000F7D9FFA8CC10FF9110002713
:20B6C000D922405C0922C00989F2C009911000F7D9FF584C91100027D922584C092FC00820
:20B6E000C21FB4FF3C0153CA20F0912003F8D9FFE88B10FF084F6E2F911000F7D9FF485C3E
:20B7000053CA20F091200328D922E88B1022F4F2911000F7D9FF5C4C09FFC008538F20F0C0
:20B72000911000F7D9FF685C10FF91100027D922485C0922C00989F2C009911000F7D9FFB7
:20B740005C4C91100027D9225C4C092FC008C21FB4FF3C0153CA20F0912003F8D9FFE88BE1
:20B7600010FF082FDF5F3080911000F7D9FF505C53CA20F091200328D922E88B1022F4F2EA
:20B78000911000F7D9FF504C09FFC008538F20F0911000F7D9FFA83C10FF91100027D922B5
:20B7A000505C0922C00989F2C009911000F7D9FF504C91100027D922504C092FC008C21F59
:20B7C000B4FF3C0153CA20F0912003F8D9FFE88B10FF082FEE2F911000F7D9FF585C53CAB1
:20B7E00020F091200328D922E88B1022F4F2911000F7D9FF544C09FFC008538F20F0911064
:20B8000000F7D9FF888C10FF91100027D922585C0922C00989F2C009911000F7D9FF544C77
:20B8200091100027D922544C092FC008C21FB4FF3C01C21ADA243FFA4DFE910000F7D9FF16
:20B8400028C091000027D92228C0092F54086DFFEB8E262F89FF1408910000F7D9FF28C0AB
:20B8600009FF54085E19910000F7D9FF28C0DA0189FF1A083C08910000F7D9FF28C0DA00BA
:20B8800089FF1A08913000FFD9FF28A654FF370F6EF18FFF83013C01913000FF19FF28A6AB
:20B8A0006F1F12008F2020F09601913000FF19F128A6370170188F012110A61F913000FFF4
:20B8C00059FF28A686208F2040F1913000FF19F028A6370070088F002100A60F913000FF51
:20B8E00059FF28A63C01913000FF19FF28A61601DF1FFB7F913000FFD9FF28A654FF370FB1
:20B900006EF18FFF83013C01913000FF19FF28A66F1F12008F2020F09601913000FF19F113
:20B9200028A6370170188F012110A61F913000FF59FF28A686208F3040F1913000FF19F0AE
:20B9400028A6370070088F002100A60F913000FF59FF28A63C01913000FF19FF28A66F0FBE
:20B96000FC7F6F081D0082046DFF4E6F914000FFD9FF9038DA0514F037F008F034FF081F3D
:20B98000372F83F12CF1083F96022CF3914000FFD9FF9038081F96042CF13C016F181D0083
:20B9A00082146DFF316F914000FFD9FF9438DA0614F037F008F034FF081F372F83F12CF11D
:20B9C000083F96022CF3914000FFD9FF9438081F96042CF13C016F281D0082246DFF146F91
:20B9E000914000FFD9FF9838DA0714F037F008F034FF081F372F83F12CF1083F96022CF37C
:20BA0000914000FFD9FF9838081F96042CF13C016DFF1A8B02246DFF058A913000FF39FF69
:20BA20003046B70F81F1913000FFE9FF30466DFF0B8B02246DFF6B8C769382123C0382024F
:20BA40003C01009085F81001913000FFD9FF189654FF370F6EF18FFF83113C01914000A677
:20BA6000D9AA808A0D0080043B0098F0CD4FE00F0D00C004913000FFD9FF189654FF2E1B27
:20BA80008F2100F0960154F0370070088F000100A60F74FF8F2100F0960254F03700700899
:20BAA0008F000100A60F74FF54FFDA00B70F81F0CDCF20090D00C0040D00C004DA00B70F63
:20BAC00081F0CD0F04090D00C0040D00C004911003F8D9FF004080FFCD4FE20F0D00C00459
:20BAE000911003F8D9FF000280FFCD0FE20F0D00C004914000F6D9FFC0CA80FFCD8FE20FBE
:20BB00000D00C004913000FFD9FF189654FF2E1B8F2100F0960154F0370070088F000100B8
:20BB2000A60F74FF06218F3140F154F0370070088F000100A60F74FF54FF91000000D9005D
:20BB4000000091000010D911000091000080D988000091000090D9990000914000F6D9FFB6
:20BB6000000B91400026D922C00B40F4802080FFA2F0DA404BF0114282003C1E804FB70FFF
:20BB80001CF08F4F1F10804FBBF0FF2F0662262F06AFA6F1F606CD81E30F0D00C0043C0290
:20BBA00074F19AD47E05CDC1E30F0D00C004404F4944001AC2103F40E3FFDA0074FF0D001B
:20BBC00080040D00C0046DFF2490BB7071FB9B1F8DF34BF241F04B0F71013C0185FF100113
:20BBE000A28F3F0FFDFF9140884F912003F8D9FF000080F46DFF9890912003F8D9FFC80B3F
:20BC0000DC0F3C000090FD000D00000382146DFF00A13C036DFF52A1911000F7D9FF404C23
:20BC200014FF6EF96DFFE29D911000F6D9FF081CDA0134FF6DFF42A16DFF7ADA0090FD0062
:20BC400085F81001913000FFD9FF249654FF370F6EF18FFF83113C01911000A5D9AA8086DE
:20BC60000D0080043B0098F0CD4FE00F0D00C004913000FFD9FF249654FF2E1B8F2100F006
:20BC8000960154F0370070088F000100A60F74FF8F2100F0960254F0370070088F000100A7
:20BCA000A60F74FF54FFDA00B70F81F0CDCF20090D00C0040D00C004DA00B70F81F0CD0FA4
:20BCC00004090D00C0040D00C004912003F8D9FF004080FFCD4FE20F0D00C004912003F8E8
:20BCE000D9FF000280FFCD0FE20F0D00C004911000F5D9FFC0C680FFCD8FE20F0D00C004BC
:20BD0000913000FFD9FF249654FF2E1B8F2100F0960154F0370070088F000100A60F74FF53
:20BD200006218F3140F154F0370070088F000100A60F74FF54FF91000000D90000009100F2
:20BD40000010D911000091000080D988000091000090D9990000911000F5D9FF00079110CE
:20BD60000025D922C00740F4802080FFA2F0DA404BF0114282003C1E804FB70F1CF08F4FF4
:20BD80001F10804FBBF0FF2F0662262F06AFA6F1F606CD81E30F0D00C0043C0274F19AD4A5
:20BDA0007E05CDC1E30F0D00C004404F4944001AC2103F40E3FFDA0074FF0D0080040D005B
:20BDC000C0046DFF268FBB7071FB9B1F8DF34BF241F04B0F71013C0185FF1001A28F3F0F22
:20BDE000FDFF912003F8D9FFF07BDC0F3C0000900D00000382246DFF0CA03C036DFF5EA02A
:20BE0000911000F6D9FF081C14FF6EF96DFF539D911000F5D9FF283CDA0134FF6DFF4EA07F
:20BE20006DFFA1E1009000006D0105000000000000000000410105000000000054AF318016
:20BE4000420105000000000054AF3180440105000000000054AF318045010500000000009D
:20BE600054AF3180470105000000000054AF3180460105000000000054AF318048010500BF
:20BE80000000000054AF3180490105000000000054AF31804A0105000000000054AF3180E7
:20BEA0004C0105000000000054AF31804E0105000000000054AF31804F010500000000001F
:20BEC00054AF3180170105000000000054AF3180190105000000000054AF318025010000E4
:20BEE0000000000054AF3180630105000000000054AF3180610105000000000054AF318056
:20BF0000000005010000000054AF3180200005010000000054AF3180400005010000000047
:20BF200054AF3180600005010000000054AF3180520105000000000054AF3180130105000E
:20BF40000000000054AF3180430105000000000054AF3180310100000000000054AF31804A
:20BF6000F60005000000000054AF3180F70005000000000054AF3180FA0005000000000063
:20BF800054AF3180560105000000000054AF3180110105000100000054AF318050010000C0
:20BFA0000000000000000000510100000000000000000000400100000000000000000000EE
:20BFC000070100000000000000000000F40005000000000054AF3180381E308004000000A2
:20BFE000708603F0748603F0788603F07C8603F0808603F0848603F0888603F08C8603F089
:20C00000908603F0948603F0988603F09C8603F0A08603F0A48603F0A88603F0AC8603F068
:20C02000F08603F0F48603F0F88603F0FC8603F0008703F0048703F0088703F00C8703F044
:20C04000108703F0148703F0188703F01C8703F0208703F0248703F0288703F02C8703F020
:20C06000308703F0000000000000000000000000348703F000000000000000000000000068
:20C08000388703F00000000000000000000000003C8703F000000000000000000000000038
:20C0A000508703F0548703F0588703F05C8703F0608703F0648703F0688703F06C8703F0C0
:20C0C00000B403F00600000000B403F00700000000B403F008000000008A03700000000059
:20C0E00000000000000000000000000000000000000000001000000000001100000000001F
:20C10000000000000000010000000000020000000000030000000000040000000000050010
:20C12000000000000600000000000700000000000800000000000900000000000A000000D7
:20C1400000000B00000000000C00000000000D00000000000E00000000000F00000000009E
:20C160000000C0000000C2000000C4000000C5000000C6000000C700000055010000D700FA
:20C180000000C8000000D9000000D800000000000000000000000000000000000000000026
:20C1A00000000000000000000000000000000000000000000000000000000000000000007F
:20C1C00000000000000000000000000000000000000000000000000000000000000000005F
:20C1E00000000000000000000000000000000000000000000000000000000000000000003F
:20C2000000000000000000000000000000000000000000000000000000000000000000001E
:20C220000000101101000001000000000002000000000000000000000000000000000000D9
:20C240000200010100000000000500000000000000000000000000000000000003000801C9
:20C2600000000000000300000000000000000000000000000000000007000A0100000000A9
:20C28000000800000000000000000000000000000000000004000C01000000000001000084
:20C2A000000000000000000000000000000000000800010000000000000200000000000073
:20C2C000000000000000000000000000090000020000000000010000000000000000000052
:20C2E00000000000000000000A00020200000000000100000000000000000000000000002F
:20C3000000000000000000000000000000000000000000000000000000000000000000001D
:20C3200000000000000000000000000000000000000000000000000000000000FF00FF00FF
:20C340000000FF00FF0800FFFFFFFF000000000000000000FF00FF00000000000000970046
:20C36000000000000008000000000000000000000000000001000F0000000000010098000C
:20C380000000000000060000000000000000000000000000010019000000000002009900E2
:20C3A000000000000005000000000000000000000000000001001B000000000003000B014D
:20C3C0000000000000010000000000000000000000000000010066000000000004000F01E1
:20C3E0000000000000010000000000000000000000000000010065000000000005001005BC
:20C400000000000000020000000000000000000000000000010013000000000006000500FB
:20C42000000000000003000000000000000000000000000001005900000000000700040094
:20C440000000000000030000000000000000000000000000010027000000000008000200A7
:20C4600000000000000400000000000000000000000000000100110000000000090001029A
:20C4800000000000000600000000000000000000000000000100C5000000000001000000CF
:20C4A000000000501C203080040000000100000004000050CE3F3180100000000200000017
:20C4C0000040005000000000088000000100000008C0005054D93180040000000100000048
:20C4E0000CC0005060D93180040000000100000010C00050FC00318004000000010000005F
:20C5000014C00050683C3180040000000200000018C0005000000000300000000100000043
:20C5200048C0005058DA318001000000010000004CC0005059DA318001000000010000007C
:20C5400050C000505ADA3180010000000100000054C000505BDA3180010000000100000048
:20C5600058C000505CDA318001000000010000005CC000505DDA3180010000000100000014
:20C5800060C000505EDA3180010000000100000064C000505FDA31800100000001000000E0
:20C5A00068C0005060DA318001000000010000006CC0005061DA31800100000001000000AC
:20C5C00070C000507A3F3180040000000100000074C0005062DA31800100000001000000F9
:20C5E00078C0005063DA318001000000010000007CC000507E3F31800800000001000000C0
:20C6000084C0005064DA3180010000000100000088C0005065DA318001000000010000000B
:20C620008CC0005066DA3180010000000100000090C0005067DA31800100000001000000D7
:20C6400094C0005068DA3180010000000100000098C0005069DA31800100000001000000A3
:20C660009CC000506ADA31800100000001000000A0C000506BDA318001000000010000006F
:20C68000A4C000506CDA31800100000001000000A8C000506DDA318001000000010000003B
:20C6A000ACC00050C39B31800100000001000000B0C00050E19B31800100000001000000BE
:20C6C000B4C00050E29B31800100000001000000B8C00050E39B318001000000010000006D
:20C6E000BCC000509C3C31801800000001000000D4C00050561F30800200000001000000C0
:20C70000D8C00050379C31800100000001000000DCC00050B43C3180080000000100000015
:20C72000E4C00050559C31800100000001000000E8C0005077D93180010000000100000066
:20C7400000000060FC003080040000000100000004000060B43F31800C00000001000000B3
:20C7600010000060CA3F318004000000020000000040006000000000088000000100000060
:20C7800008C0006050D9318004000000010000000CC000605CD9318004000000010000007B
:20C7A00010C00060FC213080040000000100000014C000601C22308004000000020000004F
:20C7C00018C0006000000000300000000100000048C0006076D93180010000000100000086
:20C7E0000000007024003080040000000100000004000070A43F31801000000001000000D7
:20C8000014000070D8BF318008000000010000001C0000701CC23180010000000100000026
:20C8200020000070E0BF3180F800000001000000180100701DC23180010000000100000004
:20C840001C0100701EC231800100000001000000200100701FC23180010000000100000093
:20C860002401007020C23180010000000100000028010070F4C03180A000000001000000EF
:20C88000C801007021C231800100000001000000CC010070D8C0318004000000010000003E
:20C8A000D001007094C131800400000001000000D4010070DCC03180040000000100000095
:20C8C000D801007098C131801400000001000000EC010070E0C0318004000000010000003D
:20C8E000F0010070ACC13180180000000100000008020070E4C031800400000001000000CC
:20C900000C020070C4C13180140000000100000020020070E8C0318004000000010000005E
:20C9200024020070D8C1318018000000010000003C020070ECC031800400000001000000EE
:20C9400040020070F0C13180140000000100000054020070F0C03180040000000100000082
:20C960005802007004C2318018000000020000007002007000000000CE01000002000000A9
:20C98000400400700000000058090000020000000040007000000000088000000100000047
:20C9A00008C000704CD9318004000000010000000CC0007058D93180040000000100000041
:20C9C00010C000703C203080040000000100000014C000707C203080040000000200000070
:20C9E00018C0007000000000300000000100000048C00070843C31800C00000001000000C8
:20CA000054C00070DE3F3180010000000100000058C00070569C3180010000000100000095
:20CA20005CC00070579C3180010000000100000060C00070BC3C3180040000000100000086
:20CA400064C000703E3F318008000000010000006CC000706A9C31800100000001000000B6
:20CA600070C00070463F31800C000000010000007CC0007024C23180180100000100000076
:20CA800094C100706B9C3180010000000100000098C100709B9C3180010000000100000064
:20CAA0009CC10070DD9C31800100000001000000A0C10070DE9C318001000000010000007F
:20CAC000A4C10070DF9C31800100000001000000A8C10070FA9C3180010000000100000031
:20CAE000ACC10070FB9C31800100000001000000B0C100700E9D31800100000001000000D0
:20CB0000B4C100700F9D31800100000001000000B8C10070229D3180010000000100000076
:20CB2000BCC10070239D31800100000001000000C0C10070339D3180010000000100000021
:20CB4000C4C10070639D31800100000001000000C8C10070CE9D3180010000000100000016
:20CB6000CCC10070CF9D31800100000001000000D0C1007087AA31800100000001000000B4
:20CB8000D4C1007093AA31800100000001000000D8C100709FAA318001000000010000009B
:20CBA000DCC10070B2AA31800100000001000000E0C10070B3AA3180010000000100000038
:20CBC000E4C10070C2AA31800100000001000000E8C10070C3AA31800100000001000000E8
:20CBE000ECC10070D2AA31800100000001000000F0C10070D3AA3180010000000100000098
:20CC0000F4C1007046AC31800100000001000000F8C1007047AC318001000000010000007B
:20CC2000FCC10070D2AC3180010000000100000000C20070D3AC3180010000000100000032
:20CC400004C2007062AE3180010000000100000008C2007063AE31800100000001000000DD
:20CC60000CC20070523F3180080000000100000014C200707EAE3180010000000100000006
:20CC800018C200707FAE318001000000010000001CC200704AAF3180010000000100000070
:20CCA00020C200703CC33180600100000100000080C300704BAF31800100000001000000B0
:20CCC00084C3007052AF3180010000000100000088C3007053AF3180010000000100000079
:20CCE0008CC3007066AF3180010000000100000090C3007067AF3180010000000100000021
:20CD000094C30070A2AF3180010000000100000098C30070A3AF3180010000000100000078
:20CD20009CC3007082B031800100000001000000A0C3007083B03180010000000100000086
:20CD4000A4C3007042B231800100000001000000A8C3007043B231800100000001000000D2
:20CD6000ACC3007006BC31800100000001000000B0C3007007BC3180010000000100000006
:20CD8000B4C300703EBC31800100000001000000B8C300703FBC3180010000000100000066
:20CDA000BCC3007026BE31800100000001000000C0C3007027BE3180010000000100000062
:20CDC000C4C3007022C231800100000001000000C8C3007023C23180010000000100000032
:20CDE000CCC3007064D931800100000001000000D0C3007065D93180010000000100000050
:20CE0000D4C3007066D931800100000001000000D8C3007067D9318001000000010000001B
:20CE2000DCC3007068D931800100000001000000E0C3007069D931800100000001000000E7
:20CE4000E4C300706AD931800100000001000000E8C300706BD931800100000001000000B3
:20CE6000ECC300706CD931800100000001000000F0C300706DD9318001000000010000007F
:20CE8000F4C300706ED931800100000001000000F8C300706FD9318001000000010000004B
:20CEA000FCC3007070D93180010000000100000000C4007071D93180010000000100000016
:20CEC00004C4007072D93180010000000100000008C4007073D931800100000001000000E1
:20CEE0000CC400705A3F3180080000000100000014C4007074D93180010000000100000057
:20CF000018C400707CDA318001000000010000001CC400707DDA3180010000000100000062
:20CF200020C400707EDA3180010000000100000024C400707FDA318001000000010000002E
:20CF400028C40070863F3180080000000100000030C4007080DA3180010000000100000085
:20CF600034C400708E3F3180040000000100000038C4007081DA318001000000010000004C
:20CF80003CC4007082DA3180010000000100000040C40070923F3180040000000100000017
:20CFA00044C4007073DA3180010000000100000048C4007074DA318001000000010000007C
:20CFC0004CC4007075DA3180010000000100000050C4007076DA3180010000000100000048
:20CFE00054C4007077DA3180010000000100000058C4007078DA3180010000000100000014
:20D000005CC4007079DA3180010000000100000060C400707ADA31800100000001000000DF
:20D0200064C400707BDA3180010000000100000068C40070F4003080080000000100000007
:20D0400070C400702C203080100000000100000080C400700C22308010000000010000007C
:20D0600090C40070F8FF3080080000000200000098C4007000000000680000000100000006
:20D0800000C5007075D93180010000000100000004C500700A223080020000000100000042
:20D0A00008C50070F6FF308002000000010000000CC500701E3C318002000000010000003C
:20D0C00010C50070963F3180020000000100000014C50070983F31800200000001000000AE
:20D0E00018C500709A3F318002000000010000001CC500709C3F3180020000000100000076
:20D1000020C500709E3F3180060000000100000028C50070E400318018000000010000001A
:20D1200040C50070483C3180200000000200000060C5007000000000E8060000010000009F
:20D1400048CC00706C3C318014000000010000005CCC0070CE1B30800200000001000000A9
:20D1600060CC0070803C3180040000000100000064CC0070E31C308001000000020000004F
:20D1800068CC00700000000004000000010000006CCC00705C2130802800000001000000E8
:20D1A00094CC00706EDA318005000000010000009CCC0070842130803C0000000100000036
:20D1C000D8CC0070D4213080280000000100000000CD0070203C31802800000002000000F9
:20D1E00028CD007000000000690000000200000094CD00700000000001000000010000008C
:20D2000098CD0070D6D9318001000000010000009CCD0070D7D9318001000000010000009B
:20D22000A0CD0070D8D931800100000001000000A4CD0070D9D93180010000000100000067
:20D24000A8CD0070DAD931800100000001000000ACCD0070DBD93180010000000100000033
:20D26000B0CD0070DCD931800100000001000000B4CD0070DDD931800100000001000000FF
:20D28000B8CD0070DED931800100000001000000BCCD0070DFD931800100000001000000CB
:20D2A000C0CD00706A3F31800800000001000000C8CD0070E0D9318001000000010000009D
:20D2C000CCCD0070E1D931800100000001000000D0CD0070E2D9318001000000010000005D
:20D2E000D4CD00701A2030800200000001000000D8CD0070E3D931800100000001000000AC
:20D30000DCCD0070E4D931800100000001000000E0CD00702A20308002000000010000006A
:20D32000E4CD00704A2030800200000001000000E8CD00708A20308002000000010000002D
:20D34000ECCD0070723F31800400000001000000F0CD0070E5D9318001000000010000009F
:20D36000F4CD0070E6D931800100000001000000F8CD0070763F318004000000010000006A
:20D38000FCCD0070E7D93180010000000100000000CE0070E8D9318001000000020000002E
:20D3A00004CE007000000000F00A000001000000F4D800707C00318068000000010000005E
:20D3C0005CD90070623F3180080000000100000064D9007078D93180050000000100000098
:20D3E0006CD900707DD93180010000000100000070D90070761F308002000000010000006E
:20D4000074D900707ED931805800000002000000CCD9007000000000CA0500000100000008
:20D4200098DF0070DF3F318001000000010000009CDF00701E9931800100000001000000DF
:20D44000A0DF0070903C31800400000001000000A4DF00701F9931800100000001000000FD
:20D46000A8DF00702E9B31800100000001000000ACDF00702F9B31800100000001000000C1
:20D48000B0DF0070943C31800400000001000000B4DF0070429B3180010000000100000074
:20D4A000B8DF0070983C31800400000001000000BCDF0070439B318001000000010000003F
:20D4C000C0DF0070819B31800100000001000000C4DF0070829B318001000000010000008B
:20D4E000C8DF0070DA1E30800200000001000000CCDF0070839B318001000000010000007E
:20D50000D0DF00702A1F30800200000001000000D4DF0070C29B31800100000001000000BD
:20D52000D8DF0070E00030801400000002000000ECDF007000000000D90B000002000000FD
:20D54000C8EB0070000000007C0400000100000044F00070E9D9318001000000010000000E
:20D5600048F00070EAD9318001000000010000004CF00070EBD9318001000000010000006A
:20D5800050F00070ECD93180010000000100000054F00070EDD93180010000000100000036
:20D5A00058F00070EED9318001000000010000005CF00070EFD93180010000000100000002
:20D5C00060F00070F0D9318009000000010000006CF00070F9D931800900000001000000AE
:20D5E00078F0007002DA318001000000010000007CF0007003DA3180010000000100000058
:20D6000080F0007004DA3180010000000100000084F0007005DA31805100000001000000D3
:20D62000D8F0007056DA31800100000001000000DCF0007057DA31800100000002000000AE
:20D64000E0F0007000000000B00000000000000000000000000000000000000002000000D8
:20D66000803F007000000000800000000000000000000000000000000000000002000000F9
:20D68000803F006000000000800000000000000000000000000000000000000002000000E9
:20D6A000803F00500000000080000000000000000000000000000000000000003636363603
:20D6C00036363636363636363636363636363636363636363636363636363636363636368A
:20D6E00036363636363636363636363636363636363636363636363636363636363636366A
:20D70000363636363636363636363636363636363636363636363636363636363636363649
:20D72000363636363636363636363636363636363636363636363636363636363636363629
:20D74000363636363636363636363636363636363636363636363636363636363636363609
:20D760003636363636363636363636363636363636363636363636363636363636363636E9
:20D780003636363636363636363636363636363636363636363636363636363636363636C9
:20D7A0003636363636363636363636363636363636363636363636363636363636363636A9
:20D7C000363636363636363636363636363636363636363636363636363636363636363689
:20D7E000363636363636363636363636363636363636363636363636363636363636363669
:20D80000363636363636363636363636363636363636363636363636363636363636363648
:20D82000363636363636363636363636363636363636363636363636363636363636363628
:20D84000363636363636363636363636363636363636363636363636363636363636363608
:20D860003636363636363636363636363636363636363636363636363636363636363636E8
:20D880003636363636363636363636363636363636363636363636363636363636363636C8
:20D8A0003636363636363636363636363636363636363636363636363636363636363636A8
:20D8C000363636363636363636363636363636363636363636363636363636363636363688
:20D8E000363636363636363636363636363636363636363636363636363636363636363668
:20D90000363636363636363636363636363636363636363636363636363636363636363647
:20D92000363636363636363636363636363636363636363636363636363636363636363627
:20D94000363636363636363636363636AAAAAAAAAAAAAAAAAAAAAAAA000000000000000047
:20D9600000000000FDFDFDFD000000FD00FD00FD00FD00FD000000001E201E1E0000000048
:20D98000000000000000000000000000000000000000000000000000000000000000000087
:20D9A000000000000000000000000000000000000000000000000000000000000000000067
:20D9C0000000000000000000000000000000000000000000000000FE0000000000FFFEFF4D
:20D9E00000010100000000000000000000000000321E0F0A50FFDFDF00010101DFDFDFDF30
:20DA0000DF00000000385742414547323331314D4332393131343346393334373539393901
:20DA20003131313131313131313131313131313131313131313131313131313150303130A9
:20DA400035323543424D31444D553144454331000000000000000000000000000000000013
:20DA60000000000000000000000000000000000000000100000000000000000000000000A5
:20DA8000000000363636363636363636363636363636363636363636363636363636363668
:20DAA0003636363636363636363636363636363636363636363636363636363636363636A6
:20DAC000363636363636363636363636363636363636363636363636363636363636363686
:20DAE000363636363636363636363636363636363636363636363636363636363636363666
:20DB0000363636363636363636363636363636363636363636363636363636363636363645
:20DB2000363636363636363636363636363636363636363636363636363636363636363625
:20DB4000363636363636363636363636363636363636363636363636363636363636363605
:20DB60003636363636363636363636363636363636363636363636363636363636363636E5
:20DB80003636363636363636363636363636363636363636363636363636363636363636C5
:20DBA0003636363636363636363636363636363636363636363636363636363636363636A5
:20DBC000363636363636363636363636363636363636363636363636363636363636363685
:20DBE000363636363636363636363636363636363636363636363636363636363636363665
:20DC0000363636363636363636363636363636363636363636363636363636363636363644
:20DC2000363636363636363636363636363636363636363636363636363636363636363624
:20DC4000363636363636363636363636363636363636363636363636363636363636363604
:20DC60003636363636363636363636363636363636363636363636363636363636363636E4
:20DC80003636363636363636363636363636363636363636363636363636363636363636C4
:20DCA0003636363636363636363636363636363636363636363636363636363636363636A4
:20DCC000363636363636363636363636363636363636363636363636363636363636363684
:20DCE000363636363636363636363636363636363636363636363636363636363636363664
:20DD0000363636363636363636363636363636363636363636363636363636363636363643
:20DD2000363636363636363636363636363636363636363636363636363636363636363623
:20DD4000363636363636363636363636363636363636363636363636363636363636363603
:20DD60003636363636363636363636363636363636363636363636363636363636363636E3
:20DD80003636363636363636363636363636363636363636363636363636363636363636C3
:20DDA0003636363636363636363636363636363636363636363636363636363636363636A3
:20DDC000363636363636363636363636363636363636363636363636363636363636363683
:20DDE000363636363636363636363636363636363636363636363636363636363636363663
:20DE0000363636363636363636363636363636363636363636363636363636363636363642
:20DE2000363636363636363636363636363636363636363636363636363636363636363622
:20DE4000363636363636363636363636363636363636363636363636363636363636363602
:20DE60003636363636363636363636363636363636363636363636363636363636363636E2
:20DE80003636363636363636363636363636363636363636363636363636363636363636C2
:20DEA0003636363636363636363636363636363636363636363636363636363636363636A2
:20DEC000363636363636363636363636363636363636363636363636363636363636363682
:20DEE000363636363636363636363636363636363636363636363636363636363636363662
:20DF0000363636363636363636363636363636363636363636363636363636363636363641
:20DF2000363636363636363636363636363636363636363636363636363636363636363621
:20DF4000363636363636363636363636363636363636363636363636363636363636363601
:20DF60003636363636363636363636363636363636363636363636363636363636363636E1
:20DF80003636363636363636363636363636363636363636363636363636363636363636C1
:20DFA0003636363636363636363636363636363636363636363636363636363636363636A1
:20DFC000363636363636363636363636363636363636363636363636363636363636363681
:20DFE000363636363636363636363636363636363636363636363636363636363636363661
:20E00000363636363636363636363636363636363636363636363636363636363636363640
:20E02000363636363636363636363636363636363636363636363636363636363636363620
:20E04000363636363636363636363636363636363636363636363636363636363636363600
:20E060003636363636363636363636363636363636363636363636363636363636363636E0
:20E080003636363636363636363636363636363636363636363636363636363636363636C0
:20E0A0003636363636363636363636363636363636363636363636363636363636363636A0
:20E0C000363636363636363636363636363636363636363636363636363636363636363680
:20E0E000363636363636363636363636363636363636363636363636363636363636363660
:20E1000036363636363636363636363636363636363636363636363636363636363636363F
:20E1200036363636363636363636363636363636363636363636363636363636363636361F
:20E140003636363636363636363636363636363636363636363636363636363636363636FF
:20E160003636363636363636363636363636363636363636363636363636363636363636DF
:20E180003636363636363636363636363636363636363636363636363636363636363636BF
:20E1A00036363636363636363636363636363636363636363636363636363636363636369F
:20E1C00036363636363636363636363636363636363636363636363636363636363636367F
:20E1E00036363636363636363636363636363636363636363636363636363636363636365F
:20E2000036363636363636363636363636363636363636363636363636363636363636363E
:20E2200036363636363636363636363636363636363636363636363636363636363636361E
:20E240003636363636363636363636363636363636363636363636363636363636363636FE
:20E260003636363636363636363636363636363636363636363636363636363636363636DE
:20E280003636363636363636363636363636363636363636363636363636363636363636BE
:20E2A00036363636363636363636363636363636363636363636363636363636363636369E
:20E2C00036363636363636363636363636363636363636363636363636363636363636367E
:20E2E00036363636363636363636363636363636363636363636363636363636363636365E
:20E3000036363636363636363636363636363636363636363636363636363636363636363D
:20E3200036363636363636363636363636363636363636363636363636363636363636361D
:20E340003636363636363636363636363636363636363636363636363636363636363636FD
:20E360003636363636363636363636363636363636363636363636363636363636363636DD
:20E380003636363636363636363636363636363636363636363636363636363636363636BD
:20E3A00036363636363636363636363636363636363636363636363636363636363636369D
:20E3C00036363636363636363636363636363636363636363636363636363636363636367D
:20E3E00036363636363636363636363636363636363636363636363636363636363636365D
:20E4000036363636363636363636363636363636363636363636363636363636363636363C
:20E4200036363636363636363636363636363636363636363636363636363636363636361C
:20E440003636363636363636363636363636363636363636363636363636363636363636FC
:20E460003636363636363636363636363636363636363636363636363636363636363636DC
:20E480003636363636363636363636363636363636363636363636363636363636363636BC
:20E4A00036363636363636363636363636363636363636363636363636363636363636369C
:20E4C00036363636363636363636363636363636363636363636363636363636363636367C
:20E4E00036363636363636363636363636363636363636363636363636363636363636365C
:20E5000036363636363636363636363636363636363636363636363636363636363636363B
:20E5200036363636363636363636363636363636363636363636363636363636363636361B
:20E540003636363636363636363636363636363636363636363636363636363636363636FB
:20E560003636363636363636363636363636363636363636363636363636363636363636DB
:20E580003636363636363636363636363636363636363636363636363636363636363636BB
:20E5A00036363636363636363636363636363636363636363636363636363636363636369B
:20E5C00036363636363636363636363636363636363636363636363636363636363636367B
:20E5E00036363636363636363636363636363636363636363636363636363636363636365B
:20E6000036363636363636363636363636363636363636363636363636363636363636363A
:20E6200036363636363636363636363636363636363636363636363636363636363636361A
:20E640003636363636363636363636363636363636363636363636363636363636363636FA
:20E660003636363636363636363636363636363636363636363636363636363636363636DA
:20E680003636363636363636363636363636363636363636363636363636363636363636BA
:20E6A00036363636363636363636363636363636363636363636363636363636363636369A
:20E6C00036363636363636363636363636363636363636363636363636363636363636367A
:20E6E00036363636363636363636363636363636363636363636363636363636363636365A
:20E70000363636363636363636363636363636363636363636363636363636363636363639
:20E72000363636363636363636363636363636363636363636363636363636363636363619
:20E740003636363636363636363636363636363636363636363636363636363636363636F9
:20E760003636363636363636363636363636363636363636363636363636363636363636D9
:20E780003636363636363636363636363636363636363636363636363636363636363636B9
:20E7A000363636363636363636363636363636363636363636363636363636363636363699
:20E7C000363636363636363636363636363636363636363636363636363636363636363679
:20E7E000363636363636363636363636363636363636363636363636363636363636363659
:20E80000363636363636363636363636363636363636363636363636363636363636363638
:20E82000363636363636363636363636363636363636363636363636363636363636363618
:20E840003636363636363636363636363636363636363636363636363636363636363636F8
:20E860003636363636363636363636363636363636363636363636363636363636363636D8
:20E880003636363636363636363636363636363636363636363636363636363636363636B8
:20E8A000363636363636363636363636363636363636363636363636363636363636363698
:20E8C000363636363636363636363636363636363636363636363636363636363636363678
:20E8E000363636363636363636363636363636363636363636363636363636363636363658
:20E90000363636363636363636363636363636363636363636363636363636363636363637
:20E92000363636363636363636363636363636363636363636363636363636363636363617
:20E940003636363636363636363636363636363636363636363636363636363636363636F7
:20E960003636363636363636363636363636363636363636363636363636363636363636D7
:20E980003636363636363636363636363636363636363636363636363636363636363636B7
:20E9A000363636363636363636363636363636363636363636363636363636363636363697
:20E9C000363636363636363636363636363636363636363636363636363636363636363677
:20E9E000363636363636363636363636363636363636363636363636363636363636363657
:20EA0000363636363636363636363636363636363636363636363636363636363636363636
:20EA2000363636363636363636363636363636363636363636363636363636363636363616
:20EA40003636363636363636363636363636363636363636363636363636363636363636F6
:20EA60003636363636363636363636363636363636363636363636363636363636363636D6
:20EA80003636363636363636363636363636363636363636363636363636363636363636B6
:20EAA000363636363636363636363636363636363636363636363636363636363636363696
:20EAC000363636363636363636363636363636363636363636363636363636363636363676
:20EAE000363636363636363636363636363636363636363636363636363636363636363656
:20EB0000363636363636363636363636363636363636363636363636363636363636363635
:20EB2000363636363636363636363636363636363636363636363636363636363636363615
:20EB40003636363636363636363636363636363636363636363636363636363636363636F5
:20EB60003636363636363636363636363636363636363636363636363636363636363636D5
:20EB80003636363636363636363636363636363636363636363636363636363636363636B5
:20EBA000363636363636363636363636363636363636363636363636363636363636363695
:20EBC000363636363636363636363636363636363636363636363636363636363636363675
:20EBE000363636363636363636363636363636363636363636363636363636363636363655
:20EC0000363636363636363636363636363636363636363636363636363636363636363634
:20EC2000363636363636363636363636363636363636363636363636363636363636363614
:20EC40003636363636363636363636363636363636363636363636363636363636363636F4
:20EC60003636363636363636363636363636363636363636363636363636363636363636D4
:20EC80003636363636363636363636363636363636363636363636363636363636363636B4
:20ECA000363636363636363636363636363636363636363636363636363636363636363694
:20ECC000363636363636363636363636363636363636363636363636363636363636363674
:20ECE000363636363636363636363636363636363636363636363636363636363636363654
:20ED0000363636363636363636363636363636363636363636363636363636363636363633
:20ED2000363636363636363636363636363636363636363636363636363636363636363613
:20ED40003636363636363636363636363636363636363636363636363636363636363636F3
:20ED60003636363636363636363636363636363636363636363636363636363636363636D3
:20ED80003636363636363636363636363636363636363636363636363636363636363636B3
:20EDA000363636363636363636363636363636363636363636363636363636363636363693
:20EDC000363636363636363636363636363636363636363636363636363636363636363673
:20EDE000363636363636363636363636363636363636363636363636363636363636363653
:20EE0000363636363636363636363636363636363636363636363636363636363636363632
:20EE2000363636363636363636363636363636363636363636363636363636363636363612
:20EE40003636363636363636363636363636363636363636363636363636363636363636F2
:20EE60003636363636363636363636363636363636363636363636363636363636363636D2
:20EE80003636363636363636363636363636363636363636363636363636363636363636B2
:20EEA000363636363636363636363636363636363636363636363636363636363636363692
:20EEC000363636363636363636363636363636363636363636363636363636363636363672
:20EEE000363636363636363636363636363636363636363636363636363636363636363652
:20EF0000363636363636363636363636363636363636363636363636363636363636363631
:20EF2000363636363636363636363636363636363636363636363636363636363636363611
:20EF40003636363636363636363636363636363636363636363636363636363636363636F1
:20EF60003636363636363636363636363636363636363636363636363636363636363636D1
:20EF80003636363636363636363636363636363636363636363636363636363636363636B1
:20EFA000363636363636363636363636363636363636363636363636363636363636363691
:20EFC000363636363636363636363636363636363636363636363636363636363636363671
:20EFE000363636363636363636363636363636363636363636363636363636363636363651
:20F00000363636363636363636363636363636363636363636363636363636363636363630
:20F02000363636363636363636363636363636363636363636363636363636363636363610
:20F040003636363636363636363636363636363636363636363636363636363636363636F0
:20F060003636363636363636363636363636363636363636363636363636363636363636D0
:20F080003636363636363636363636363636363636363636363636363636363636363636B0
:20F0A000363636363636363636363636363636363636363636363636363636363636363690
:20F0C000363636363636363636363636363636363636363636363636363636363636363670
:20F0E000363636363636363636363636363636363636363636363636363636363636363650
:20F1000036363636363636363636363636363636363636363636363636363636363636362F
:20F1200036363636363636363636363636363636363636363636363636363636363636360F
:20F140003636363636363636363636363636363636363636363636363636363636363636EF
:20F160003636363636363636363636363636363636363636363636363636363636363636CF
:20F180003636363636363636363636363636363636363636363636363636363636363636AF
:20F1A00036363636363636363636363636363636363636363636363636363636363636368F
:20F1C00036363636363636363636363636363636363636363636363636363636363636366F
:20F1E00036363636363636363636363636363636363636363636363636363636363636364F
:20F2000036363636363636363636363636363636363636363636363636363636363636362E
:20F2200036363636363636363636363636363636363636363636363636363636363636360E
:20F240003636363636363636363636363636363636363636363636363636363636363636EE
:20F260003636363636363636363636363636363636363636363636363636363636363636CE
:20F280003636363636363636363636363636363636363636363636363636363636363636AE
:20F2A00036363636363636363636363636363636363636363636363636363636363636368E
:20F2C00036363636363636363636363636363636363636363636363636363636363636366E
:20F2E00036363636363636363636363636363636363636363636363636363636363636364E
:20F3000036363636363636363636363636363636363636363636363636363636363636362D
:20F3200036363636363636363636363636363636363636363636363636363636363636360D
:20F340003636363636363636363636363636363636363636363636363636363636363636ED
:20F360003636363636363636363636363636363636363636363636363636363636363636CD
:20F380003636363636363636363636363636363636363636363636363636363636363636AD
:20F3A00036363636363636363636363636363636363636363636363636363636363636368D
:20F3C00036363636363636363636363636363636363636363636363636363636363636366D
:20F3E00036363636363636363636363636363636363636363636363636363636363636364D
:20F4000036363636363636363636363636363636363636363636363636363636363636362C
:20F4200036363636363636363636363636363636363636363636363636363636363636360C
:20F440003636363636363636363636363636363636363636363636363636363636363636EC
:20F460003636363636363636363636363636363636363636363636363636363636363636CC
:20F480003636363636363636363636363636363636363636363636363636363636363636AC
:20F4A00036363636363636363636363636363636363636363636363636363636363636368C
:20F4C00036363636363636363636363636363636363636363636363636363636363636366C
:20F4E00036363636363636363636363636363636363636363636363636363636363636364C
:20F5000036363636363636363636363636363636363636363636363636363636363636362B
:20F5200036363636363636363636363636363636363636363636363636363636363636360B
:20F540003636363636363636363636363636363636363636363636363636363636363636EB
:20F560003636363636363636363636363636363636363636363636363636363636363636CB
:20F580003636363636363636363636363636363636363636363636363636363636363636AB
:20F5A00036363636363636363636363636363636363636363636363636363636363636368B
:20F5C00036363636363636363636363636363636363636363636363636363636363636366B
:20F5E00036363636363636363636363636363636363636363636363636363636363636364B
:20F6000036363636363636363636363636363636363636363636363636363636363636362A
:20F6200036363636363636363636363636363636363636363636363636363636363636360A
:20F640003636363636363636363636363636363636363636363636363636363636363636EA
:20F660003636363636363636363636363636363636363636363636363636363636363636CA
:20F680003636363636363636363636363636363636363636363636363636363636363636AA
:20F6A00036363636363636363636363636363636363636363636363636363636363636368A
:20F6C00036363636363636363636363636363636363636363636363636363636363636366A
:20F6E00036363636363636363636363636363636363636363636363636363636363636364A
:20F70000363636363636363636363636363636363636363636363636363636363636363629
:20F72000363636363636363636363636363636363636363636363636363636363636363609
:20F740003636363636363636363636363636363636363636363636363636363636363636E9
:20F760003636363636363636363636363636363636363636363636363636363636363636C9
:20F780003636363636363636363636363636363636363636363636363636363636363636A9
:20F7A000363636363636363636363636363636363636363636363636363636363636363689
:20F7C000363636363636363636363636363636363636363636363636363636363636363669
:20F7E000363636363636363636363636363636363636363636363636363636363636363649
:20F80000363636363636363636363636363636363636363636363636363636363636363628
:20F82000363636363636363636363636363636363636363636363636363636363636363608
:20F840003636363636363636363636363636363636363636363636363636363636363636E8
:20F860003636363636363636363636363636363636363636363636363636363636363636C8
:20F880003636363636363636363636363636363636363636363636363636363636363636A8
:20F8A000363636363636363636363636363636363636363636363636363636363636363688
:20F8C000363636363636363636363636363636363636363636363636363636363636363668
:20F8E000363636363636363636363636363636363636363636363636363636363636363648
:20F90000363636363636363636363636363636363636363636363636363636363636363627
:20F92000363636363636363636363636363636363636363636363636363636363636363607
:20F940003636363636363636363636363636363636363636363636363636363636363636E7
:20F960003636363636363636363636363636363636363636363636363636363636363636C7
:20F980003636363636363636363636363636363636363636363636363636363636363636A7
:20F9A000363636363636363636363636363636363636363636363636363636363636363687
:20F9C000363636363636363636363636363636363636363636363636363636363636363667
:20F9E000363636363636363636363636363636363636363636363636363636363636363647
:20FA0000363636363636363636363636363636363636363636363636363636363636363626
:20FA2000363636363636363636363636363636363636363636363636363636363636363606
:20FA40003636363636363636363636363636363636363636363636363636363636363636E6
:20FA60003636363636363636363636363636363636363636363636363636363636363636C6
:20FA80003636363636363636363636363636363636363636363636363636363636363636A6
:20FAA000363636363636363636363636363636363636363636363636363636363636363686
:20FAC000363636363636363636363636363636363636363636363636363636363636363666
:20FAE000363636363636363636363636363636363636363636363636363636363636363646
:20FB0000363636363636363636363636363636363636363636363636363636363636363625
:20FB2000363636363636363636363636363636363636363636363636363636363636363605
:20FB40003636363636363636363636363636363636363636363636363636363636363636E5
:20FB60003636363636363636363636363636363636363636363636363636363636363636C5
:20FB80003636363636363636363636363636363636363636363636363636363636363636A5
:20FBA000363636363636363636363636363636363636363636363636363636363636363685
:20FBC000363636363636363636363636363636363636363636363636363636363636363665
:20FBE000363636363636363636363636363636363636363636363636363636363636363645
:20FC0000363636363636363636363636363636363636363636363636363636363636363624
:20FC2000363636363636363636363636363636363636363636363636363636363636363604
:20FC40003636363636363636363636363636363636363636363636363636363636363636E4
:20FC60003636363636363636363636363636363636363636363636363636363636363636C4
:20FC80003636363636363636363636363636363636363636363636363636363636363636A4
:20FCA000363636363636363636363636363636363636363636363636363636363636363684
:20FCC000363636363636363636363636363636363636363636363636363636363636363664
:20FCE000363636363636363636363636363636363636363636363636363636363636363644
:20FD0000363636363636363636363636363636363636363636363636363636363636363623
:20FD2000363636363636363636363636363636363636363636363636363636363636363603
:20FD40003636363636363636363636363636363636363636363636363636363636363636E3
:20FD60003636363636363636363636363636363636363636363636363636363636363636C3
:20FD80003636363636363636363636363636363636363636363636363636363636363636A3
:20FDA000363636363636363636363636363636363636363636363636363636363636363683
:20FDC000363636363636363636363636363636363636363636363636363636363636363663
:20FDE000363636363636363636363636363636363636363636363636363636363636363643
:20FE0000363636363636363636363636363636363636363636363636363636363636363622
:20FE2000363636363636363636363636363636363636363636363636363636363636363602
:20FE40003636363636363636363636363636363636363636363636363636363636363636E2
:20FE60003636363636363636363636363636363636363636363636363636363636363636C2
:20FE80003636363636363636363636363636363636363636363636363636363636363636A2
:20FEA000363636363636363636363636363636363636363636363636363636363636363682
:20FEC000363636363636363636363636363636363636363636363636363636363636363662
:20FEE000363636363636363636363636363636363636363636363636363636363636363642
:20FF0000363636363636363636363636363636363636363636363636363636363636363621
:20FF2000363636363636363636363636363636363636363636363636363636363636363601
:20FF40003636363636363636363636363636363636363636363636363636363636363636E1
:20FF60003636363636363636363636363636363636363636363636363636363636363636C1
:20FF80003636363636363636363636363636363636363636363636363636363636363636A1
:20FFA000363636363636363636363636363636363636363636363636363636363636363681
:20FFC000363636363636363636363636363636363636363636363636363636363636363661
:20FFE000363636363636363636363636363636363636363636363636363636363636363641
:02000004803248
:20000000912003F8D9FFC01BDC0F00903636363636363636363636363636363636363636CE
:20002000363636363636363636363636363636363636363636363636363636363636363600
:200040003636363636363636363636363636363636363636363636363636363636363636E0
:200060003636363636363636363636363636363636363636363636363636363636363636C0
:200080003636363636363636363636363636363636363636363636363636363636363636A0
:2000A000363636363636363636363636363636363636363636363636363636363636363680
:2000C000363636363636363636363636363636363636363636363636363636363636363660
:2000E000363636363636363636363636363636363636363636363636363636363636363640
:20010000911003F8D9FF8C690D00000202F4DC0F0000000000000000000000000000000086
:20012000911003F8D9FF84590D00000202F4DC0F000000000000000000000000000000007E
:20014000911003F8D9FFBC390D00000202F4DC0F0000000000000000000000000000000046
:20016000911003F8D9FFB42902F4DC0F00000000000000000000000000000000000000004D
:20018000911003F8D9FFAC190D00000202F4DC0F0000000000000000000000000000000036
:2001A000911003F8D9FFA8090D00000202F4DC0F000000000000000000000000000000002A
:2001C000911003F8D9FFA6A90D00000202F4DC0F000000000000000000000000000000006C
:2001E000911003F8D9FF90790D00000202F4DC0F0090000000000000000000000000000002
:2002000036363636363636363636363636363636363636363636363636363636363636361E
:200220003636363636363636363636363636363636363636363636363636363636363636FE
:200240003636363636363636363636363636363636363636363636363636363636363636DE
:200260003636363636363636363636363636363636363636363636363636363636363636BE
:2002800036363636363636363636363636363636363636363636363636363636363636369E
:2002A00036363636363636363636363636363636363636363636363636363636363636367E
:2002C00036363636363636363636363636363636363636363636363636363636363636365E
:2002E00036363636363636363636363636363636363636363636363636363636363636363E
:2003000036363636363636363636363636363636363636363636363636363636363636361D
:200320003636363636363636363636363636363636363636363636363636363636363636FD
:200340003636363636363636363636363636363636363636363636363636363636363636DD
:200360003636363636363636363636363636363636363636363636363636363636363636BD
:2003800036363636363636363636363636363636363636363636363636363636363636369D
:2003A00036363636363636363636363636363636363636363636363636363636363636367D
:2003C00036363636363636363636363636363636363636363636363636363636363636365D
:2003E00036363636363636363636363636363636363636363636363636363636363636363D
:2004000036363636363636363636363636363636363636363636363636363636363636361C
:200420003636363636363636363636363636363636363636363636363636363636363636FC
:200440003636363636363636363636363636363636363636363636363636363636363636DC
:200460003636363636363636363636363636363636363636363636363636363636363636BC
:2004800036363636363636363636363636363636363636363636363636363636363636369C
:2004A00036363636363636363636363636363636363636363636363636363636363636367C
:2004C00036363636363636363636363636363636363636363636363636363636363636365C
:2004E00036363636363636363636363636363636363636363636363636363636363636363C
:2005000036363636363636363636363636363636363636363636363636363636363636361B
:200520003636363636363636363636363636363636363636363636363636363636363636FB
:200540003636363636363636363636363636363636363636363636363636363636363636DB
:200560003636363636363636363636363636363636363636363636363636363636363636BB
:2005800036363636363636363636363636363636363636363636363636363636363636369B
:2005A00036363636363636363636363636363636363636363636363636363636363636367B
:2005C00036363636363636363636363636363636363636363636363636363636363636365B
:2005E00036363636363636363636363636363636363636363636363636363636363636363B
:2006000036363636363636363636363636363636363636363636363636363636363636361A
:200620003636363636363636363636363636363636363636363636363636363636363636FA
:200640003636363636363636363636363636363636363636363636363636363636363636DA
:200660003636363636363636363636363636363636363636363636363636363636363636BA
:2006800036363636363636363636363636363636363636363636363636363636363636369A
:2006A00036363636363636363636363636363636363636363636363636363636363636367A
:2006C00036363636363636363636363636363636363636363636363636363636363636365A
:2006E00036363636363636363636363636363636363636363636363636363636363636363A
:20070000363636363636363636363636363636363636363636363636363636363636363619
:200720003636363636363636363636363636363636363636363636363636363636363636F9
:200740003636363636363636363636363636363636363636363636363636363636363636D9
:200760003636363636363636363636363636363636363636363636363636363636363636B9
:20078000363636363636363636363636363636363636363636363636363636363636363699
:2007A000363636363636363636363636363636363636363636363636363636363636363679
:2007C000363636363636363636363636363636363636363636363636363636363636363659
:2007E000363636363636363636363636363636363636363636363636363636363636363639
:20080000363636363636363636363636363636363636363636363636363636363636363618
:200820003636363636363636363636363636363636363636363636363636363636363636F8
:200840003636363636363636363636363636363636363636363636363636363636363636D8
:200860003636363636363636363636363636363636363636363636363636363636363636B8
:20088000363636363636363636363636363636363636363636363636363636363636363698
:2008A000363636363636363636363636363636363636363636363636363636363636363678
:2008C000363636363636363636363636363636363636363636363636363636363636363658
:2008E000363636363636363636363636363636363636363636363636363636363636363638
:20090000363636363636363636363636363636363636363636363636363636363636363617
:200920003636363636363636363636363636363636363636363636363636363636363636F7
:200940003636363636363636363636363636363636363636363636363636363636363636D7
:200960003636363636363636363636363636363636363636363636363636363636363636B7
:20098000363636363636363636363636363636363636363636363636363636363636363697
:2009A000363636363636363636363636363636363636363636363636363636363636363677
:2009C000363636363636363636363636363636363636363636363636363636363636363657
:2009E000363636363636363636363636363636363636363636363636363636363636363637
:200A0000363636363636363636363636363636363636363636363636363636363636363616
:200A20003636363636363636363636363636363636363636363636363636363636363636F6
:200A40003636363636363636363636363636363636363636363636363636363636363636D6
:200A60003636363636363636363636363636363636363636363636363636363636363636B6
:200A8000363636363636363636363636363636363636363636363636363636363636363696
:200AA000363636363636363636363636363636363636363636363636363636363636363676
:200AC000363636363636363636363636363636363636363636363636363636363636363656
:200AE000363636363636363636363636363636363636363636363636363636363636363636
:200B0000363636363636363636363636363636363636363636363636363636363636363615
:200B20003636363636363636363636363636363636363636363636363636363636363636F5
:200B40003636363636363636363636363636363636363636363636363636363636363636D5
:200B60003636363636363636363636363636363636363636363636363636363636363636B5
:200B8000363636363636363636363636363636363636363636363636363636363636363695
:200BA000363636363636363636363636363636363636363636363636363636363636363675
:200BC000363636363636363636363636363636363636363636363636363636363636363655
:200BE000363636363636363636363636363636363636363636363636363636363636363635
:200C0000363636363636363636363636363636363636363636363636363636363636363614
:200C20003636363636363636363636363636363636363636363636363636363636363636F4
:200C40003636363636363636363636363636363636363636363636363636363636363636D4
:200C60003636363636363636363636363636363636363636363636363636363636363636B4
:200C8000363636363636363636363636363636363636363636363636363636363636363694
:200CA000363636363636363636363636363636363636363636363636363636363636363674
:200CC000363636363636363636363636363636363636363636363636363636363636363654
:200CE000363636363636363636363636363636363636363636363636363636363636363634
:200D0000363636363636363636363636363636363636363636363636363636363636363613
:200D20003636363636363636363636363636363636363636363636363636363636363636F3
:200D40003636363636363636363636363636363636363636363636363636363636363636D3
:200D60003636363636363636363636363636363636363636363636363636363636363636B3
:200D8000363636363636363636363636363636363636363636363636363636363636363693
:200DA000363636363636363636363636363636363636363636363636363636363636363673
:200DC000363636363636363636363636363636363636363636363636363636363636363653
:200DE000363636363636363636363636363636363636363636363636363636363636363633
:200E0000363636363636363636363636363636363636363636363636363636363636363612
:200E20003636363636363636363636363636363636363636363636363636363636363636F2
:200E40003636363636363636363636363636363636363636363636363636363636363636D2
:200E60003636363636363636363636363636363636363636363636363636363636363636B2
:200E8000363636363636363636363636363636363636363636363636363636363636363692
:200EA000363636363636363636363636363636363636363636363636363636363636363672
:200EC000363636363636363636363636363636363636363636363636363636363636363652
:200EE000363636363636363636363636363636363636363636363636363636363636363632
:200F0000363636363636363636363636363636363636363636363636363636363636363611
:200F20003636363636363636363636363636363636363636363636363636363636363636F1
:200F40003636363636363636363636363636363636363636363636363636363636363636D1
:200F60003636363636363636363636363636363636363636363636363636363636363636B1
:200F8000363636363636363636363636363636363636363636363636363636363636363691
:200FA000363636363636363636363636363636363636363636363636363636363636363671
:200FC000363636363636363636363636363636363636363636363636363636363636363651
:200FE000363636363636363636363636363636363636363636363636363636363636363631
:20100000363636363636363636363636363636363636363636363636363636363636363610
:201020003636363636363636363636363636363636363636363636363636363636363636F0
:201040003636363636363636363636363636363636363636363636363636363636363636D0
:201060003636363636363636363636363636363636363636363636363636363636363636B0
:20108000363636363636363636363636363636363636363636363636363636363636363690
:2010A000363636363636363636363636363636363636363636363636363636363636363670
:2010C000363636363636363636363636363636363636363636363636363636363636363650
:2010E000363636363636363636363636363636363636363636363636363636363636363630
:2011000036363636363636363636363636363636363636363636363636363636363636360F
:201120003636363636363636363636363636363636363636363636363636363636363636EF
:201140003636363636363636363636363636363636363636363636363636363636363636CF
:201160003636363636363636363636363636363636363636363636363636363636363636AF
:2011800036363636363636363636363636363636363636363636363636363636363636368F
:2011A00036363636363636363636363636363636363636363636363636363636363636366F
:2011C00036363636363636363636363636363636363636363636363636363636363636364F
:2011E00036363636363636363636363636363636363636363636363636363636363636362F
:2012000036363636363636363636363636363636363636363636363636363636363636360E
:201220003636363636363636363636363636363636363636363636363636363636363636EE
:201240003636363636363636363636363636363636363636363636363636363636363636CE
:201260003636363636363636363636363636363636363636363636363636363636363636AE
:2012800036363636363636363636363636363636363636363636363636363636363636368E
:2012A00036363636363636363636363636363636363636363636363636363636363636366E
:2012C00036363636363636363636363636363636363636363636363636363636363636364E
:2012E00036363636363636363636363636363636363636363636363636363636363636362E
:2013000036363636363636363636363636363636363636363636363636363636363636360D
:201320003636363636363636363636363636363636363636363636363636363636363636ED
:201340003636363636363636363636363636363636363636363636363636363636363636CD
:201360003636363636363636363636363636363636363636363636363636363636363636AD
:2013800036363636363636363636363636363636363636363636363636363636363636368D
:2013A00036363636363636363636363636363636363636363636363636363636363636366D
:2013C00036363636363636363636363636363636363636363636363636363636363636364D
:2013E00036363636363636363636363636363636363636363636363636363636363636362D
:2014000036363636363636363636363636363636363636363636363636363636363636360C
:201420003636363636363636363636363636363636363636363636363636363636363636EC
:201440003636363636363636363636363636363636363636363636363636363636363636CC
:201460003636363636363636363636363636363636363636363636363636363636363636AC
:2014800036363636363636363636363636363636363636363636363636363636363636368C
:2014A00036363636363636363636363636363636363636363636363636363636363636366C
:2014C00036363636363636363636363636363636363636363636363636363636363636364C
:2014E00036363636363636363636363636363636363636363636363636363636363636362C
:2015000036363636363636363636363636363636363636363636363636363636363636360B
:201520003636363636363636363636363636363636363636363636363636363636363636EB
:201540003636363636363636363636363636363636363636363636363636363636363636CB
:201560003636363636363636363636363636363636363636363636363636363636363636AB
:2015800036363636363636363636363636363636363636363636363636363636363636368B
:2015A00036363636363636363636363636363636363636363636363636363636363636366B
:2015C00036363636363636363636363636363636363636363636363636363636363636364B
:2015E00036363636363636363636363636363636363636363636363636363636363636362B
:2016000036363636363636363636363636363636363636363636363636363636363636360A
:201620003636363636363636363636363636363636363636363636363636363636363636EA
:201640003636363636363636363636363636363636363636363636363636363636363636CA
:201660003636363636363636363636363636363636363636363636363636363636363636AA
:2016800036363636363636363636363636363636363636363636363636363636363636368A
:2016A00036363636363636363636363636363636363636363636363636363636363636366A
:2016C00036363636363636363636363636363636363636363636363636363636363636364A
:2016E00036363636363636363636363636363636363636363636363636363636363636362A
:20170000363636363636363636363636363636363636363636363636363636363636363609
:201720003636363636363636363636363636363636363636363636363636363636363636E9
:201740003636363636363636363636363636363636363636363636363636363636363636C9
:201760003636363636363636363636363636363636363636363636363636363636363636A9
:20178000363636363636363636363636363636363636363636363636363636363636363689
:2017A000363636363636363636363636363636363636363636363636363636363636363669
:2017C000363636363636363636363636363636363636363636363636363636363636363649
:2017E000363636363636363636363636363636363636363636363636363636363636363629
:20180000363636363636363636363636363636363636363636363636363636363636363608
:201820003636363636363636363636363636363636363636363636363636363636363636E8
:201840003636363636363636363636363636363636363636363636363636363636363636C8
:201860003636363636363636363636363636363636363636363636363636363636363636A8
:20188000363636363636363636363636363636363636363636363636363636363636363688
:2018A000363636363636363636363636363636363636363636363636363636363636363668
:2018C000363636363636363636363636363636363636363636363636363636363636363648
:2018E000363636363636363636363636363636363636363636363636363636363636363628
:20190000363636363636363636363636363636363636363636363636363636363636363607
:201920003636363636363636363636363636363636363636363636363636363636363636E7
:201940003636363636363636363636363636363636363636363636363636363636363636C7
:201960003636363636363636363636363636363636363636363636363636363636363636A7
:20198000363636363636363636363636363636363636363636363636363636363636363687
:2019A000363636363636363636363636363636363636363636363636363636363636363667
:2019C000363636363636363636363636363636363636363636363636363636363636363647
:2019E000363636363636363636363636363636363636363636363636363636363636363627
:201A0000363636363636363636363636363636363636363636363636363636363636363606
:201A20003636363636363636363636363636363636363636363636363636363636363636E6
:201A40003636363636363636363636363636363636363636363636363636363636363636C6
:201A60003636363636363636363636363636363636363636363636363636363636363636A6
:201A8000363636363636363636363636363636363636363636363636363636363636363686
:201AA000363636363636363636363636363636363636363636363636363636363636363666
:201AC000363636363636363636363636363636363636363636363636363636363636363646
:201AE000363636363636363636363636363636363636363636363636363636363636363626
:201B0000363636363636363636363636363636363636363636363636363636363636363605
:201B20003636363636363636363636363636363636363636363636363636363636363636E5
:201B40003636363636363636363636363636363636363636363636363636363636363636C5
:201B60003636363636363636363636363636363636363636363636363636363636363636A5
:201B8000363636363636363636363636363636363636363636363636363636363636363685
:201BA000363636363636363636363636363636363636363636363636363636363636363665
:201BC000363636363636363636363636363636363636363636363636363636363636363645
:201BE000363636363636363636363636363636363636363636363636363636363636363625
:201C0000363636363636363636363636363636363636363636363636363636363636363604
:201C20003636363636363636363636363636363636363636363636363636363636363636E4
:201C40003636363636363636363636363636363636363636363636363636363636363636C4
:201C60003636363636363636363636363636363636363636363636363636363636363636A4
:201C8000363636363636363636363636363636363636363636363636363636363636363684
:201CA000363636363636363636363636363636363636363636363636363636363636363664
:201CC000363636363636363636363636363636363636363636363636363636363636363644
:201CE000363636363636363636363636363636363636363636363636363636363636363624
:201D0000363636363636363636363636363636363636363636363636363636363636363603
:201D20003636363636363636363636363636363636363636363636363636363636363636E3
:201D40003636363636363636363636363636363636363636363636363636363636363636C3
:201D60003636363636363636363636363636363636363636363636363636363636363636A3
:201D8000363636363636363636363636363636363636363636363636363636363636363683
:201DA000363636363636363636363636363636363636363636363636363636363636363663
:201DC000363636363636363636363636363636363636363636363636363636363636363643
:201DE000363636363636363636363636363636363636363636363636363636363636363623
:201E0000363636363636363636363636363636363636363636363636363636363636363602
:201E20003636363636363636363636363636363636363636363636363636363636363636E2
:201E40003636363636363636363636363636363636363636363636363636363636363636C2
:201E60003636363636363636363636363636363636363636363636363636363636363636A2
:201E8000363636363636363636363636363636363636363636363636363636363636363682
:201EA000363636363636363636363636363636363636363636363636363636363636363662
:201EC000363636363636363636363636363636363636363636363636363636363636363642
:201EE000363636363636363636363636363636363636363636363636363636363636363622
:201F0000363636363636363636363636363636363636363636363636363636363636363601
:201F20003636363636363636363636363636363636363636363636363636363636363636E1
:201F40003636363636363636363636363636363636363636363636363636363636363636C1
:201F60003636363636363636363636363636363636363636363636363636363636363636A1
:201F8000363636363636363636363636363636363636363636363636363636363636363681
:201FA000363636363636363636363636363636363636363636363636363636363636363661
:201FC000363636363636363636363636363636363636363636363636363636363636363641
:201FE000363636363636363636363636363636363636363636363636363636363636363621
:20200000363636363636363636363636363636363636363636363636363636363636363600
:202020003636363636363636363636363636363636363636363636363636363636363636E0
:202040003636363636363636363636363636363636363636363636363636363636363636C0
:202060003636363636363636363636363636363636363636363636363636363636363636A0
:20208000363636363636363636363636363636363636363636363636363636363636363680
:2020A000363636363636363636363636363636363636363636363636363636363636363660
:2020C000363636363636363636363636363636363636363636363636363636363636363640
:2020E000363636363636363636363636363636363636363636363636363636363636363620
:202100003636363636363636363636363636363636363636363636363636363636363636FF
:202120003636363636363636363636363636363636363636363636363636363636363636DF
:202140003636363636363636363636363636363636363636363636363636363636363636BF
:2021600036363636363636363636363636363636363636363636363636363636363636369F
:2021800036363636363636363636363636363636363636363636363636363636363636367F
:2021A00036363636363636363636363636363636363636363636363636363636363636365F
:2021C00036363636363636363636363636363636363636363636363636363636363636363F
:2021E00036363636363636363636363636363636363636363636363636363636363636361F
:202200003636363636363636363636363636363636363636363636363636363636363636FE
:202220003636363636363636363636363636363636363636363636363636363636363636DE
:202240003636363636363636363636363636363636363636363636363636363636363636BE
:2022600036363636363636363636363636363636363636363636363636363636363636369E
:2022800036363636363636363636363636363636363636363636363636363636363636367E
:2022A00036363636363636363636363636363636363636363636363636363636363636365E
:2022C00036363636363636363636363636363636363636363636363636363636363636363E
:2022E00036363636363636363636363636363636363636363636363636363636363636361E
:202300003636363636363636363636363636363636363636363636363636363636363636FD
:202320003636363636363636363636363636363636363636363636363636363636363636DD
:202340003636363636363636363636363636363636363636363636363636363636363636BD
:2023600036363636363636363636363636363636363636363636363636363636363636369D
:2023800036363636363636363636363636363636363636363636363636363636363636367D
:2023A00036363636363636363636363636363636363636363636363636363636363636365D
:2023C00036363636363636363636363636363636363636363636363636363636363636363D
:2023E00036363636363636363636363636363636363636363636363636363636363636361D
:202400003636363636363636363636363636363636363636363636363636363636363636FC
:202420003636363636363636363636363636363636363636363636363636363636363636DC
:202440003636363636363636363636363636363636363636363636363636363636363636BC
:2024600036363636363636363636363636363636363636363636363636363636363636369C
:2024800036363636363636363636363636363636363636363636363636363636363636367C
:2024A00036363636363636363636363636363636363636363636363636363636363636365C
:2024C00036363636363636363636363636363636363636363636363636363636363636363C
:2024E00036363636363636363636363636363636363636363636363636363636363636361C
:202500003636363636363636363636363636363636363636363636363636363636363636FB
:202520003636363636363636363636363636363636363636363636363636363636363636DB
:202540003636363636363636363636363636363636363636363636363636363636363636BB
:2025600036363636363636363636363636363636363636363636363636363636363636369B
:2025800036363636363636363636363636363636363636363636363636363636363636367B
:2025A00036363636363636363636363636363636363636363636363636363636363636365B
:2025C00036363636363636363636363636363636363636363636363636363636363636363B
:2025E00036363636363636363636363636363636363636363636363636363636363636361B
:202600003636363636363636363636363636363636363636363636363636363636363636FA
:202620003636363636363636363636363636363636363636363636363636363636363636DA
:202640003636363636363636363636363636363636363636363636363636363636363636BA
:2026600036363636363636363636363636363636363636363636363636363636363636369A
:2026800036363636363636363636363636363636363636363636363636363636363636367A
:2026A00036363636363636363636363636363636363636363636363636363636363636365A
:2026C00036363636363636363636363636363636363636363636363636363636363636363A
:2026E00036363636363636363636363636363636363636363636363636363636363636361A
:202700003636363636363636363636363636363636363636363636363636363636363636F9
:202720003636363636363636363636363636363636363636363636363636363636363636D9
:202740003636363636363636363636363636363636363636363636363636363636363636B9
:20276000363636363636363636363636363636363636363636363636363636363636363699
:20278000363636363636363636363636363636363636363636363636363636363636363679
:2027A000363636363636363636363636363636363636363636363636363636363636363659
:2027C000363636363636363636363636363636363636363636363636363636363636363639
:2027E000363636363636363636363636363636363636363636363636363636363636363619
:202800003636363636363636363636363636363636363636363636363636363636363636F8
:202820003636363636363636363636363636363636363636363636363636363636363636D8
:202840003636363636363636363636363636363636363636363636363636363636363636B8
:20286000363636363636363636363636363636363636363636363636363636363636363698
:20288000363636363636363636363636363636363636363636363636363636363636363678
:2028A000363636363636363636363636363636363636363636363636363636363636363658
:2028C000363636363636363636363636363636363636363636363636363636363636363638
:2028E000363636363636363636363636363636363636363636363636363636363636363618
:202900003636363636363636363636363636363636363636363636363636363636363636F7
:202920003636363636363636363636363636363636363636363636363636363636363636D7
:202940003636363636363636363636363636363636363636363636363636363636363636B7
:20296000363636363636363636363636363636363636363636363636363636363636363697
:20298000363636363636363636363636363636363636363636363636363636363636363677
:2029A000363636363636363636363636363636363636363636363636363636363636363657
:2029C000363636363636363636363636363636363636363636363636363636363636363637
:2029E000363636363636363636363636363636363636363636363636363636363636363617
:202A00003636363636363636363636363636363636363636363636363636363636363636F6
:202A20003636363636363636363636363636363636363636363636363636363636363636D6
:202A40003636363636363636363636363636363636363636363636363636363636363636B6
:202A6000363636363636363636363636363636363636363636363636363636363636363696
:202A8000363636363636363636363636363636363636363636363636363636363636363676
:202AA000363636363636363636363636363636363636363636363636363636363636363656
:202AC000363636363636363636363636363636363636363636363636363636363636363636
:202AE000363636363636363636363636363636363636363636363636363636363636363616
:202B00003636363636363636363636363636363636363636363636363636363636363636F5
:202B20003636363636363636363636363636363636363636363636363636363636363636D5
:202B40003636363636363636363636363636363636363636363636363636363636363636B5
:202B6000363636363636363636363636363636363636363636363636363636363636363695
:202B8000363636363636363636363636363636363636363636363636363636363636363675
:202BA000363636363636363636363636363636363636363636363636363636363636363655
:202BC000363636363636363636363636363636363636363636363636363636363636363635
:202BE000363636363636363636363636363636363636363636363636363636363636363615
:202C00003636363636363636363636363636363636363636363636363636363636363636F4
:202C20003636363636363636363636363636363636363636363636363636363636363636D4
:202C40003636363636363636363636363636363636363636363636363636363636363636B4
:202C6000363636363636363636363636363636363636363636363636363636363636363694
:202C8000363636363636363636363636363636363636363636363636363636363636363674
:202CA000363636363636363636363636363636363636363636363636363636363636363654
:202CC000363636363636363636363636363636363636363636363636363636363636363634
:202CE000363636363636363636363636363636363636363636363636363636363636363614
:202D00003636363636363636363636363636363636363636363636363636363636363636F3
:202D20003636363636363636363636363636363636363636363636363636363636363636D3
:202D40003636363636363636363636363636363636363636363636363636363636363636B3
:202D6000363636363636363636363636363636363636363636363636363636363636363693
:202D8000363636363636363636363636363636363636363636363636363636363636363673
:202DA000363636363636363636363636363636363636363636363636363636363636363653
:202DC000363636363636363636363636363636363636363636363636363636363636363633
:202DE000363636363636363636363636363636363636363636363636363636363636363613
:202E00003636363636363636363636363636363636363636363636363636363636363636F2
:202E20003636363636363636363636363636363636363636363636363636363636363636D2
:202E40003636363636363636363636363636363636363636363636363636363636363636B2
:202E6000363636363636363636363636363636363636363636363636363636363636363692
:202E8000363636363636363636363636363636363636363636363636363636363636363672
:202EA000363636363636363636363636363636363636363636363636363636363636363652
:202EC000363636363636363636363636363636363636363636363636363636363636363632
:202EE000363636363636363636363636363636363636363636363636363636363636363612
:202F00003636363636363636363636363636363636363636363636363636363636363636F1
:202F20003636363636363636363636363636363636363636363636363636363636363636D1
:202F40003636363636363636363636363636363636363636363636363636363636363636B1
:202F6000363636363636363636363636363636363636363636363636363636363636363691
:202F8000363636363636363636363636363636363636363636363636363636363636363671
:202FA000363636363636363636363636363636363636363636363636363636363636363651
:202FC000363636363636363636363636363636363636363636363636363636363636363631
:202FE000363636363636363636363636363636363636363636363636363636363636363611
:203000003636363636363636363636363636363636363636363636363636363636363636F0
:203020003636363636363636363636363636363636363636363636363636363636363636D0
:203040003636363636363636363636363636363636363636363636363636363636363636B0
:20306000363636363636363636363636363636363636363636363636363636363636363690
:20308000363636363636363636363636363636363636363636363636363636363636363670
:2030A000363636363636363636363636363636363636363636363636363636363636363650
:2030C000363636363636363636363636363636363636363636363636363636363636363630
:2030E000363636363636363636363636363636363636363636363636363636363636363610
:203100003636363636363636363636363636363636363636363636363636363636363636EF
:203120003636363636363636363636363636363636363636363636363636363636363636CF
:203140003636363636363636363636363636363636363636363636363636363636363636AF
:2031600036363636363636363636363636363636363636363636363636363636363636368F
:2031800036363636363636363636363636363636363636363636363636363636363636366F
:2031A00036363636363636363636363636363636363636363636363636363636363636364F
:2031C00036363636363636363636363636363636363636363636363636363636363636362F
:2031E00036363636363636363636363636363636363636363636363636363636363636360F
:203200003636363636363636363636363636363636363636363636363636363636363636EE
:203220003636363636363636363636363636363636363636363636363636363636363636CE
:203240003636363636363636363636363636363636363636363636363636363636363636AE
:2032600036363636363636363636363636363636363636363636363636363636363636368E
:2032800036363636363636363636363636363636363636363636363636363636363636366E
:2032A00036363636363636363636363636363636363636363636363636363636363636364E
:2032C00036363636363636363636363636363636363636363636363636363636363636362E
:2032E00036363636363636363636363636363636363636363636363636363636363636360E
:203300003636363636363636363636363636363636363636363636363636363636363636ED
:203320003636363636363636363636363636363636363636363636363636363636363636CD
:203340003636363636363636363636363636363636363636363636363636363636363636AD
:2033600036363636363636363636363636363636363636363636363636363636363636368D
:2033800036363636363636363636363636363636363636363636363636363636363636366D
:2033A00036363636363636363636363636363636363636363636363636363636363636364D
:2033C00036363636363636363636363636363636363636363636363636363636363636362D
:2033E00036363636363636363636363636363636363636363636363636363636363636360D
:203400003636363636363636363636363636363636363636363636363636363636363636EC
:203420003636363636363636363636363636363636363636363636363636363636363636CC
:203440003636363636363636363636363636363636363636363636363636363636363636AC
:2034600036363636363636363636363636363636363636363636363636363636363636368C
:2034800036363636363636363636363636363636363636363636363636363636363636366C
:2034A00036363636363636363636363636363636363636363636363636363636363636364C
:2034C00036363636363636363636363636363636363636363636363636363636363636362C
:2034E00036363636363636363636363636363636363636363636363636363636363636360C
:203500003636363636363636363636363636363636363636363636363636363636363636EB
:203520003636363636363636363636363636363636363636363636363636363636363636CB
:203540003636363636363636363636363636363636363636363636363636363636363636AB
:2035600036363636363636363636363636363636363636363636363636363636363636368B
:2035800036363636363636363636363636363636363636363636363636363636363636366B
:2035A00036363636363636363636363636363636363636363636363636363636363636364B
:2035C00036363636363636363636363636363636363636363636363636363636363636362B
:2035E00036363636363636363636363636363636363636363636363636363636363636360B
:203600003636363636363636363636363636363636363636363636363636363636363636EA
:203620003636363636363636363636363636363636363636363636363636363636363636CA
:203640003636363636363636363636363636363636363636363636363636363636363636AA
:2036600036363636363636363636363636363636363636363636363636363636363636368A
:2036800036363636363636363636363636363636363636363636363636363636363636366A
:2036A00036363636363636363636363636363636363636363636363636363636363636364A
:2036C00036363636363636363636363636363636363636363636363636363636363636362A
:2036E00036363636363636363636363636363636363636363636363636363636363636360A
:203700003636363636363636363636363636363636363636363636363636363636363636E9
:203720003636363636363636363636363636363636363636363636363636363636363636C9
:203740003636363636363636363636363636363636363636363636363636363636363636A9
:20376000363636363636363636363636363636363636363636363636363636363636363689
:20378000363636363636363636363636363636363636363636363636363636363636363669
:2037A000363636363636363636363636363636363636363636363636363636363636363649
:2037C000363636363636363636363636363636363636363636363636363636363636363629
:2037E000363636363636363636363636363636363636363636363636363636363636363609
:203800003636363636363636363636363636363636363636363636363636363636363636E8
:203820003636363636363636363636363636363636363636363636363636363636363636C8
:203840003636363636363636363636363636363636363636363636363636363636363636A8
:20386000363636363636363636363636363636363636363636363636363636363636363688
:20388000363636363636363636363636363636363636363636363636363636363636363668
:2038A000363636363636363636363636363636363636363636363636363636363636363648
:2038C000363636363636363636363636363636363636363636363636363636363636363628
:2038E000363636363636363636363636363636363636363636363636363636363636363608
:203900003636363636363636363636363636363636363636363636363636363636363636E7
:203920003636363636363636363636363636363636363636363636363636363636363636C7
:203940003636363636363636363636363636363636363636363636363636363636363636A7
:20396000363636363636363636363636363636363636363636363636363636363636363687
:20398000363636363636363636363636363636363636363636363636363636363636363667
:2039A000363636363636363636363636363636363636363636363636363636363636363647
:2039C000363636363636363636363636363636363636363636363636363636363636363627
:2039E000363636363636363636363636363636363636363636363636363636363636363607
:203A00003636363636363636363636363636363636363636363636363636363636363636E6
:203A20003636363636363636363636363636363636363636363636363636363636363636C6
:203A40003636363636363636363636363636363636363636363636363636363636363636A6
:203A6000363636363636363636363636363636363636363636363636363636363636363686
:203A8000363636363636363636363636363636363636363636363636363636363636363666
:203AA000363636363636363636363636363636363636363636363636363636363636363646
:203AC000363636363636363636363636363636363636363636363636363636363636363626
:203AE000363636363636363636363636363636363636363636363636363636363636363606
:203B00003636363636363636363636363636363636363636363636363636363636363636E5
:203B20003636363636363636363636363636363636363636363636363636363636363636C5
:203B40003636363636363636363636363636363636363636363636363636363636363636A5
:203B6000363636363636363636363636363636363636363636363636363636363636363685
:203B8000363636363636363636363636363636363636363636363636363636363636363665
:203BA000363636363636363636363636363636363636363636363636363636363636363645
:203BC000363636363636363636363636363636363636363636363636363636363636363625
:203BE000363636363636363636363636363636363636363636363636363636363636363605
:203C00003636363636363636363636363636363636363636363636363636363636363636E4
:203C20003636363636363636363636363636363636363636363636363636363636363636C4
:203C40003636363636363636363636363636363636363636363636363636363636363636A4
:203C6000363636363636363636363636363636363636363636363636363636363636363684
:203C8000363636363636363636363636363636363636363636363636363636363636363664
:203CA000363636363636363636363636363636363636363636363636363636363636363644
:203CC000363636363636363636363636363636363636363636363636363636363636363624
:203CE000363636363636363636363636363636363636363636363636363636363636363604
:203D00003636363636363636363636363636363636363636363636363636363636363636E3
:203D20003636363636363636363636363636363636363636363636363636363636363636C3
:203D40003636363636363636363636363636363636363636363636363636363636363636A3
:203D6000363636363636363636363636363636363636363636363636363636363636363683
:203D8000363636363636363636363636363636363636363636363636363636363636363663
:203DA000363636363636363636363636363636363636363636363636363636363636363643
:203DC000363636363636363636363636363636363636363636363636363636363636363623
:203DE000363636363636363636363636363636363636363636363636363636363636363603
:203E00003636363636363636363636363636363636363636363636363636363636363636E2
:203E20003636363636363636363636363636363636363636363636363636363636363636C2
:203E40003636363636363636363636363636363636363636363636363636363636363636A2
:203E6000363636363636363636363636363636363636363636363636363636363636363682
:203E8000363636363636363636363636363636363636363636363636363636363636363662
:203EA000363636363636363636363636363636363636363636363636363636363636363642
:203EC000363636363636363636363636363636363636363636363636363636363636363622
:203EE000363636363636363636363636363636363636363636363636363636363636363602
:203F00003636363636363636363636363636363636363636363636363636363636363636E1
:203F20003636363636363636363636363636363636363636363636363636363636363636C1
:203F40003636363636363636363636363636363636363636363636363636363636363636A1
:203F6000363636363636363636363636363636363636363636363636363636363636363681
:203F8000363636363636363636363636363636363636363636363636363636363636363661
:203FA000363636363636363636363636363636363636363636363636363636363636363641
:203FC000911003E8D9EE4CC4DC0E36363636363636363636363636363636363636363636F0
:203FE000911003E8D9EE9A04DC0E3636363636363636363636363636363636363636363642
:204000003636363636363636363636363636363636363636363636363636363636363636E0
:204020003636363636363636363636363636363636363636363636363636363636363636C0
:204040003636363636363636363636363636363636363636363636363636363636363636A0
:20406000363636363636363636363636363636363636363636363636363636363636363680
:20408000363636363636363636363636363636363636363636363636363636363636363660
:2040A000363636363636363636363636363636363636363636363636363636363636363640
:2040C000363636363636363636363636363636363636363636363636363636363636363620
:2040E000363636363636363636363636363636363636363636363636363636363636363600
:204100003636363636363636363636363636363636363636363636363636363636363636DF
:204120003636363636363636363636363636363636363636363636363636363636363636BF
:2041400036363636363636363636363636363636363636363636363636363636363636369F
:2041600036363636363636363636363636363636363636363636363636363636363636367F
:2041800036363636363636363636363636363636363636363636363636363636363636365F
:2041A00036363636363636363636363636363636363636363636363636363636363636363F
:2041C00036363636363636363636363636363636363636363636363636363636363636361F
:2041E0003636363636363636363636363636363636363636363636363636363636363636FF
:204200003636363636363636363636363636363636363636363636363636363636363636DE
:204220003636363636363636363636363636363636363636363636363636363636363636BE
:2042400036363636363636363636363636363636363636363636363636363636363636369E
:2042600036363636363636363636363636363636363636363636363636363636363636367E
:2042800036363636363636363636363636363636363636363636363636363636363636365E
:2042A00036363636363636363636363636363636363636363636363636363636363636363E
:2042C00036363636363636363636363636363636363636363636363636363636363636361E
:2042E0003636363636363636363636363636363636363636363636363636363636363636FE
:204300003636363636363636363636363636363636363636363636363636363636363636DD
:204320003636363636363636363636363636363636363636363636363636363636363636BD
:2043400036363636363636363636363636363636363636363636363636363636363636369D
:2043600036363636363636363636363636363636363636363636363636363636363636367D
:2043800036363636363636363636363636363636363636363636363636363636363636365D
:2043A00036363636363636363636363636363636363636363636363636363636363636363D
:2043C00036363636363636363636363636363636363636363636363636363636363636361D
:2043E0003636363636363636363636363636363636363636363636363636363636363636FD
:204400003636363636363636363636363636363636363636363636363636363636363636DC
:204420003636363636363636363636363636363636363636363636363636363636363636BC
:2044400036363636363636363636363636363636363636363636363636363636363636369C
:2044600036363636363636363636363636363636363636363636363636363636363636367C
:2044800036363636363636363636363636363636363636363636363636363636363636365C
:2044A00036363636363636363636363636363636363636363636363636363636363636363C
:2044C00036363636363636363636363636363636363636363636363636363636363636361C
:2044E0003636363636363636363636363636363636363636363636363636363636363636FC
:204500003636363636363636363636363636363636363636363636363636363636363636DB
:204520003636363636363636363636363636363636363636363636363636363636363636BB
:2045400036363636363636363636363636363636363636363636363636363636363636369B
:2045600036363636363636363636363636363636363636363636363636363636363636367B
:2045800036363636363636363636363636363636363636363636363636363636363636365B
:2045A00036363636363636363636363636363636363636363636363636363636363636363B
:2045C00036363636363636363636363636363636363636363636363636363636363636361B
:2045E0003636363636363636363636363636363636363636363636363636363636363636FB
:204600003636363636363636363636363636363636363636363636363636363636363636DA
:204620003636363636363636363636363636363636363636363636363636363636363636BA
:2046400036363636363636363636363636363636363636363636363636363636363636369A
:2046600036363636363636363636363636363636363636363636363636363636363636367A
:2046800036363636363636363636363636363636363636363636363636363636363636365A
:2046A00036363636363636363636363636363636363636363636363636363636363636363A
:2046C00036363636363636363636363636363636363636363636363636363636363636361A
:2046E0003636363636363636363636363636363636363636363636363636363636363636FA
:204700003636363636363636363636363636363636363636363636363636363636363636D9
:204720003636363636363636363636363636363636363636363636363636363636363636B9
:20474000363636363636363636363636363636363636363636363636363636363636363699
:20476000363636363636363636363636363636363636363636363636363636363636363679
:20478000363636363636363636363636363636363636363636363636363636363636363659
:2047A000363636363636363636363636363636363636363636363636363636363636363639
:2047C000363636363636363636363636363636363636363636363636363636363636363619
:2047E0003636363636363636363636363636363636363636363636363636363636363636F9
:204800003636363636363636363636363636363636363636363636363636363636363636D8
:204820003636363636363636363636363636363636363636363636363636363636363636B8
:20484000363636363636363636363636363636363636363636363636363636363636363698
:20486000363636363636363636363636363636363636363636363636363636363636363678
:20488000363636363636363636363636363636363636363636363636363636363636363658
:2048A000363636363636363636363636363636363636363636363636363636363636363638
:2048C000363636363636363636363636363636363636363636363636363636363636363618
:2048E0003636363636363636363636363636363636363636363636363636363636363636F8
:204900003636363636363636363636363636363636363636363636363636363636363636D7
:204920003636363636363636363636363636363636363636363636363636363636363636B7
:20494000363636363636363636363636363636363636363636363636363636363636363697
:20496000363636363636363636363636363636363636363636363636363636363636363677
:20498000363636363636363636363636363636363636363636363636363636363636363657
:2049A000363636363636363636363636363636363636363636363636363636363636363637
:2049C000363636363636363636363636363636363636363636363636363636363636363617
:2049E0003636363636363636363636363636363636363636363636363636363636363636F7
:204A00003636363636363636363636363636363636363636363636363636363636363636D6
:204A20003636363636363636363636363636363636363636363636363636363636363636B6
:204A4000363636363636363636363636363636363636363636363636363636363636363696
:204A6000363636363636363636363636363636363636363636363636363636363636363676
:204A8000363636363636363636363636363636363636363636363636363636363636363656
:204AA000363636363636363636363636363636363636363636363636363636363636363636
:204AC000363636363636363636363636363636363636363636363636363636363636363616
:204AE0003636363636363636363636363636363636363636363636363636363636363636F6
:204B00003636363636363636363636363636363636363636363636363636363636363636D5
:204B20003636363636363636363636363636363636363636363636363636363636363636B5
:204B4000363636363636363636363636363636363636363636363636363636363636363695
:204B6000363636363636363636363636363636363636363636363636363636363636363675
:204B8000363636363636363636363636363636363636363636363636363636363636363655
:204BA000363636363636363636363636363636363636363636363636363636363636363635
:204BC000363636363636363636363636363636363636363636363636363636363636363615
:204BE0003636363636363636363636363636363636363636363636363636363636363636F5
:204C00003636363636363636363636363636363636363636363636363636363636363636D4
:204C20003636363636363636363636363636363636363636363636363636363636363636B4
:204C4000363636363636363636363636363636363636363636363636363636363636363694
:204C6000363636363636363636363636363636363636363636363636363636363636363674
:204C8000363636363636363636363636363636363636363636363636363636363636363654
:204CA000363636363636363636363636363636363636363636363636363636363636363634
:204CC000363636363636363636363636363636363636363636363636363636363636363614
:204CE0003636363636363636363636363636363636363636363636363636363636363636F4
:204D00003636363636363636363636363636363636363636363636363636363636363636D3
:204D20003636363636363636363636363636363636363636363636363636363636363636B3
:204D4000363636363636363636363636363636363636363636363636363636363636363693
:204D6000363636363636363636363636363636363636363636363636363636363636363673
:204D8000363636363636363636363636363636363636363636363636363636363636363653
:204DA000363636363636363636363636363636363636363636363636363636363636363633
:204DC000363636363636363636363636363636363636363636363636363636363636363613
:204DE0003636363636363636363636363636363636363636363636363636363636363636F3
:204E00003636363636363636363636363636363636363636363636363636363636363636D2
:204E20003636363636363636363636363636363636363636363636363636363636363636B2
:204E4000363636363636363636363636363636363636363636363636363636363636363692
:204E6000363636363636363636363636363636363636363636363636363636363636363672
:204E8000363636363636363636363636363636363636363636363636363636363636363652
:204EA000363636363636363636363636363636363636363636363636363636363636363632
:204EC000363636363636363636363636363636363636363636363636363636363636363612
:204EE0003636363636363636363636363636363636363636363636363636363636363636F2
:204F00003636363636363636363636363636363636363636363636363636363636363636D1
:204F20003636363636363636363636363636363636363636363636363636363636363636B1
:204F4000363636363636363636363636363636363636363636363636363636363636363691
:204F6000363636363636363636363636363636363636363636363636363636363636363671
:204F8000363636363636363636363636363636363636363636363636363636363636363651
:204FA000363636363636363636363636363636363636363636363636363636363636363631
:204FC000363636363636363636363636363636363636363636363636363636363636363611
:204FE0003636363636363636363636363636363636363636363636363636363636363636F1
:205000003636363636363636363636363636363636363636363636363636363636363636D0
:205020003636363636363636363636363636363636363636363636363636363636363636B0
:20504000363636363636363636363636363636363636363636363636363636363636363690
:20506000363636363636363636363636363636363636363636363636363636363636363670
:20508000363636363636363636363636363636363636363636363636363636363636363650
:2050A000363636363636363636363636363636363636363636363636363636363636363630
:2050C000363636363636363636363636363636363636363636363636363636363636363610
:2050E0003636363636363636363636363636363636363636363636363636363636363636F0
:205100003636363636363636363636363636363636363636363636363636363636363636CF
:205120003636363636363636363636363636363636363636363636363636363636363636AF
:2051400036363636363636363636363636363636363636363636363636363636363636368F
:2051600036363636363636363636363636363636363636363636363636363636363636366F
:2051800036363636363636363636363636363636363636363636363636363636363636364F
:2051A00036363636363636363636363636363636363636363636363636363636363636362F
:2051C00036363636363636363636363636363636363636363636363636363636363636360F
:2051E0003636363636363636363636363636363636363636363636363636363636363636EF
:205200003636363636363636363636363636363636363636363636363636363636363636CE
:205220003636363636363636363636363636363636363636363636363636363636363636AE
:2052400036363636363636363636363636363636363636363636363636363636363636368E
:2052600036363636363636363636363636363636363636363636363636363636363636366E
:2052800036363636363636363636363636363636363636363636363636363636363636364E
:2052A00036363636363636363636363636363636363636363636363636363636363636362E
:2052C00036363636363636363636363636363636363636363636363636363636363636360E
:2052E0003636363636363636363636363636363636363636363636363636363636363636EE
:205300003636363636363636363636363636363636363636363636363636363636363636CD
:205320003636363636363636363636363636363636363636363636363636363636363636AD
:2053400036363636363636363636363636363636363636363636363636363636363636368D
:2053600036363636363636363636363636363636363636363636363636363636363636366D
:2053800036363636363636363636363636363636363636363636363636363636363636364D
:2053A00036363636363636363636363636363636363636363636363636363636363636362D
:2053C00036363636363636363636363636363636363636363636363636363636363636360D
:2053E0003636363636363636363636363636363636363636363636363636363636363636ED
:205400003636363636363636363636363636363636363636363636363636363636363636CC
:205420003636363636363636363636363636363636363636363636363636363636363636AC
:2054400036363636363636363636363636363636363636363636363636363636363636368C
:2054600036363636363636363636363636363636363636363636363636363636363636366C
:2054800036363636363636363636363636363636363636363636363636363636363636364C
:2054A00036363636363636363636363636363636363636363636363636363636363636362C
:2054C00036363636363636363636363636363636363636363636363636363636363636360C
:2054E0003636363636363636363636363636363636363636363636363636363636363636EC
:205500003636363636363636363636363636363636363636363636363636363636363636CB
:205520003636363636363636363636363636363636363636363636363636363636363636AB
:2055400036363636363636363636363636363636363636363636363636363636363636368B
:2055600036363636363636363636363636363636363636363636363636363636363636366B
:2055800036363636363636363636363636363636363636363636363636363636363636364B
:2055A00036363636363636363636363636363636363636363636363636363636363636362B
:2055C00036363636363636363636363636363636363636363636363636363636363636360B
:2055E0003636363636363636363636363636363636363636363636363636363636363636EB
:205600003636363636363636363636363636363636363636363636363636363636363636CA
:205620003636363636363636363636363636363636363636363636363636363636363636AA
:2056400036363636363636363636363636363636363636363636363636363636363636368A
:2056600036363636363636363636363636363636363636363636363636363636363636366A
:2056800036363636363636363636363636363636363636363636363636363636363636364A
:2056A00036363636363636363636363636363636363636363636363636363636363636362A
:2056C00036363636363636363636363636363636363636363636363636363636363636360A
:2056E0003636363636363636363636363636363636363636363636363636363636363636EA
:205700003636363636363636363636363636363636363636363636363636363636363636C9
:205720003636363636363636363636363636363636363636363636363636363636363636A9
:20574000363636363636363636363636363636363636363636363636363636363636363689
:20576000363636363636363636363636363636363636363636363636363636363636363669
:20578000363636363636363636363636363636363636363636363636363636363636363649
:2057A000363636363636363636363636363636363636363636363636363636363636363629
:2057C000363636363636363636363636363636363636363636363636363636363636363609
:2057E0003636363636363636363636363636363636363636363636363636363636363636E9
:205800003636363636363636363636363636363636363636363636363636363636363636C8
:205820003636363636363636363636363636363636363636363636363636363636363636A8
:20584000363636363636363636363636363636363636363636363636363636363636363688
:20586000363636363636363636363636363636363636363636363636363636363636363668
:20588000363636363636363636363636363636363636363636363636363636363636363648
:2058A000363636363636363636363636363636363636363636363636363636363636363628
:2058C000363636363636363636363636363636363636363636363636363636363636363608
:2058E0003636363636363636363636363636363636363636363636363636363636363636E8
:205900003636363636363636363636363636363636363636363636363636363636363636C7
:205920003636363636363636363636363636363636363636363636363636363636363636A7
:20594000363636363636363636363636363636363636363636363636363636363636363687
:20596000363636363636363636363636363636363636363636363636363636363636363667
:20598000363636363636363636363636363636363636363636363636363636363636363647
:2059A000363636363636363636363636363636363636363636363636363636363636363627
:2059C000363636363636363636363636363636363636363636363636363636363636363607
:2059E0003636363636363636363636363636363636363636363636363636363636363636E7
:205A00003636363636363636363636363636363636363636363636363636363636363636C6
:205A20003636363636363636363636363636363636363636363636363636363636363636A6
:205A4000363636363636363636363636363636363636363636363636363636363636363686
:205A6000363636363636363636363636363636363636363636363636363636363636363666
:205A8000363636363636363636363636363636363636363636363636363636363636363646
:205AA000363636363636363636363636363636363636363636363636363636363636363626
:205AC000363636363636363636363636363636363636363636363636363636363636363606
:205AE0003636363636363636363636363636363636363636363636363636363636363636E6
:205B00003636363636363636363636363636363636363636363636363636363636363636C5
:205B20003636363636363636363636363636363636363636363636363636363636363636A5
:205B4000363636363636363636363636363636363636363636363636363636363636363685
:205B6000363636363636363636363636363636363636363636363636363636363636363665
:205B8000363636363636363636363636363636363636363636363636363636363636363645
:205BA000363636363636363636363636363636363636363636363636363636363636363625
:205BC000363636363636363636363636363636363636363636363636363636363636363605
:205BE0003636363636363636363636363636363636363636363636363636363636363636E5
:205C00003636363636363636363636363636363636363636363636363636363636363636C4
:205C20003636363636363636363636363636363636363636363636363636363636363636A4
:205C4000363636363636363636363636363636363636363636363636363636363636363684
:205C6000363636363636363636363636363636363636363636363636363636363636363664
:205C8000363636363636363636363636363636363636363636363636363636363636363644
:205CA000363636363636363636363636363636363636363636363636363636363636363624
:205CC000363636363636363636363636363636363636363636363636363636363636363604
:205CE0003636363636363636363636363636363636363636363636363636363636363636E4
:205D00003636363636363636363636363636363636363636363636363636363636363636C3
:205D20003636363636363636363636363636363636363636363636363636363636363636A3
:205D4000363636363636363636363636363636363636363636363636363636363636363683
:205D6000363636363636363636363636363636363636363636363636363636363636363663
:205D8000363636363636363636363636363636363636363636363636363636363636363643
:205DA000363636363636363636363636363636363636363636363636363636363636363623
:205DC000363636363636363636363636363636363636363636363636363636363636363603
:205DE0003636363636363636363636363636363636363636363636363636363636363636E3
:205E00003636363636363636363636363636363636363636363636363636363636363636C2
:205E20003636363636363636363636363636363636363636363636363636363636363636A2
:205E4000363636363636363636363636363636363636363636363636363636363636363682
:205E6000363636363636363636363636363636363636363636363636363636363636363662
:205E8000363636363636363636363636363636363636363636363636363636363636363642
:205EA000363636363636363636363636363636363636363636363636363636363636363622
:205EC000363636363636363636363636363636363636363636363636363636363636363602
:205EE0003636363636363636363636363636363636363636363636363636363636363636E2
:205F00003636363636363636363636363636363636363636363636363636363636363636C1
:205F20003636363636363636363636363636363636363636363636363636363636363636A1
:205F4000363636363636363636363636363636363636363636363636363636363636363681
:205F6000363636363636363636363636363636363636363636363636363636363636363661
:205F8000363636363636363636363636363636363636363636363636363636363636363641
:205FA000363636363636363636363636363636363636363636363636363636363636363621
:205FC000363636363636363636363636363636363636363636363636363636363636363601
:205FE0003636363636363636363636363636363636363636363636363636363636363636E1
:206000003636363636363636363636363636363636363636363636363636363636363636C0
:206020003636363636363636363636363636363636363636363636363636363636363636A0
:20604000363636363636363636363636363636363636363636363636363636363636363680
:20606000363636363636363636363636363636363636363636363636363636363636363660
:20608000363636363636363636363636363636363636363636363636363636363636363640
:2060A000363636363636363636363636363636363636363636363636363636363636363620
:2060C000363636363636363636363636363636363636363636363636363636363636363600
:2060E0003636363636363636363636363636363636363636363636363636363636363636E0
:206100003636363636363636363636363636363636363636363636363636363636363636BF
:2061200036363636363636363636363636363636363636363636363636363636363636369F
:2061400036363636363636363636363636363636363636363636363636363636363636367F
:2061600036363636363636363636363636363636363636363636363636363636363636365F
:2061800036363636363636363636363636363636363636363636363636363636363636363F
:2061A00036363636363636363636363636363636363636363636363636363636363636361F
:2061C0003636363636363636363636363636363636363636363636363636363636363636FF
:2061E0003636363636363636363636363636363636363636363636363636363636363636DF
:206200003636363636363636363636363636363636363636363636363636363636363636BE
:2062200036363636363636363636363636363636363636363636363636363636363636369E
:2062400036363636363636363636363636363636363636363636363636363636363636367E
:2062600036363636363636363636363636363636363636363636363636363636363636365E
:2062800036363636363636363636363636363636363636363636363636363636363636363E
:2062A00036363636363636363636363636363636363636363636363636363636363636361E
:2062C0003636363636363636363636363636363636363636363636363636363636363636FE
:2062E0003636363636363636363636363636363636363636363636363636363636363636DE
:206300003636363636363636363636363636363636363636363636363636363636363636BD
:2063200036363636363636363636363636363636363636363636363636363636363636369D
:2063400036363636363636363636363636363636363636363636363636363636363636367D
:2063600036363636363636363636363636363636363636363636363636363636363636365D
:2063800036363636363636363636363636363636363636363636363636363636363636363D
:2063A00036363636363636363636363636363636363636363636363636363636363636361D
:2063C0003636363636363636363636363636363636363636363636363636363636363636FD
:2063E0003636363636363636363636363636363636363636363636363636363636363636DD
:206400003636363636363636363636363636363636363636363636363636363636363636BC
:2064200036363636363636363636363636363636363636363636363636363636363636369C
:2064400036363636363636363636363636363636363636363636363636363636363636367C
:2064600036363636363636363636363636363636363636363636363636363636363636365C
:2064800036363636363636363636363636363636363636363636363636363636363636363C
:2064A00036363636363636363636363636363636363636363636363636363636363636361C
:2064C0003636363636363636363636363636363636363636363636363636363636363636FC
:2064E0003636363636363636363636363636363636363636363636363636363636363636DC
:206500003636363636363636363636363636363636363636363636363636363636363636BB
:2065200036363636363636363636363636363636363636363636363636363636363636369B
:2065400036363636363636363636363636363636363636363636363636363636363636367B
:2065600036363636363636363636363636363636363636363636363636363636363636365B
:2065800036363636363636363636363636363636363636363636363636363636363636363B
:2065A00036363636363636363636363636363636363636363636363636363636363636361B
:2065C0003636363636363636363636363636363636363636363636363636363636363636FB
:2065E0003636363636363636363636363636363636363636363636363636363636363636DB
:206600003636363636363636363636363636363636363636363636363636363636363636BA
:2066200036363636363636363636363636363636363636363636363636363636363636369A
:2066400036363636363636363636363636363636363636363636363636363636363636367A
:2066600036363636363636363636363636363636363636363636363636363636363636365A
:2066800036363636363636363636363636363636363636363636363636363636363636363A
:2066A00036363636363636363636363636363636363636363636363636363636363636361A
:2066C0003636363636363636363636363636363636363636363636363636363636363636FA
:2066E0003636363636363636363636363636363636363636363636363636363636363636DA
:206700003636363636363636363636363636363636363636363636363636363636363636B9
:20672000363636363636363636363636363636363636363636363636363636363636363699
:20674000363636363636363636363636363636363636363636363636363636363636363679
:20676000363636363636363636363636363636363636363636363636363636363636363659
:20678000363636363636363636363636363636363636363636363636363636363636363639
:2067A000363636363636363636363636363636363636363636363636363636363636363619
:2067C0003636363636363636363636363636363636363636363636363636363636363636F9
:2067E0003636363636363636363636363636363636363636363636363636363636363636D9
:206800003636363636363636363636363636363636363636363636363636363636363636B8
:20682000363636363636363636363636363636363636363636363636363636363636363698
:20684000363636363636363636363636363636363636363636363636363636363636363678
:20686000363636363636363636363636363636363636363636363636363636363636363658
:20688000363636363636363636363636363636363636363636363636363636363636363638
:2068A000363636363636363636363636363636363636363636363636363636363636363618
:2068C0003636363636363636363636363636363636363636363636363636363636363636F8
:2068E0003636363636363636363636363636363636363636363636363636363636363636D8
:206900003636363636363636363636363636363636363636363636363636363636363636B7
:20692000363636363636363636363636363636363636363636363636363636363636363697
:20694000363636363636363636363636363636363636363636363636363636363636363677
:20696000363636363636363636363636363636363636363636363636363636363636363657
:20698000363636363636363636363636363636363636363636363636363636363636363637
:2069A000363636363636363636363636363636363636363636363636363636363636363617
:2069C0003636363636363636363636363636363636363636363636363636363636363636F7
:2069E0003636363636363636363636363636363636363636363636363636363636363636D7
:206A00003636363636363636363636363636363636363636363636363636363636363636B6
:206A2000363636363636363636363636363636363636363636363636363636363636363696
:206A4000363636363636363636363636363636363636363636363636363636363636363676
:206A6000363636363636363636363636363636363636363636363636363636363636363656
:206A8000363636363636363636363636363636363636363636363636363636363636363636
:206AA000363636363636363636363636363636363636363636363636363636363636363616
:206AC0003636363636363636363636363636363636363636363636363636363636363636F6
:206AE0003636363636363636363636363636363636363636363636363636363636363636D6
:206B00003636363636363636363636363636363636363636363636363636363636363636B5
:206B2000363636363636363636363636363636363636363636363636363636363636363695
:206B4000363636363636363636363636363636363636363636363636363636363636363675
:206B6000363636363636363636363636363636363636363636363636363636363636363655
:206B8000363636363636363636363636363636363636363636363636363636363636363635
:206BA000363636363636363636363636363636363636363636363636363636363636363615
:206BC0003636363636363636363636363636363636363636363636363636363636363636F5
:206BE0003636363636363636363636363636363636363636363636363636363636363636D5
:206C00003636363636363636363636363636363636363636363636363636363636363636B4
:206C2000363636363636363636363636363636363636363636363636363636363636363694
:206C4000363636363636363636363636363636363636363636363636363636363636363674
:206C6000363636363636363636363636363636363636363636363636363636363636363654
:206C8000363636363636363636363636363636363636363636363636363636363636363634
:206CA000363636363636363636363636363636363636363636363636363636363636363614
:206CC0003636363636363636363636363636363636363636363636363636363636363636F4
:206CE0003636363636363636363636363636363636363636363636363636363636363636D4
:206D00003636363636363636363636363636363636363636363636363636363636363636B3
:206D2000363636363636363636363636363636363636363636363636363636363636363693
:206D4000363636363636363636363636363636363636363636363636363636363636363673
:206D6000363636363636363636363636363636363636363636363636363636363636363653
:206D8000363636363636363636363636363636363636363636363636363636363636363633
:206DA000363636363636363636363636363636363636363636363636363636363636363613
:206DC0003636363636363636363636363636363636363636363636363636363636363636F3
:206DE0003636363636363636363636363636363636363636363636363636363636363636D3
:206E00003636363636363636363636363636363636363636363636363636363636363636B2
:206E2000363636363636363636363636363636363636363636363636363636363636363692
:206E4000363636363636363636363636363636363636363636363636363636363636363672
:206E6000363636363636363636363636363636363636363636363636363636363636363652
:206E8000363636363636363636363636363636363636363636363636363636363636363632
:206EA000363636363636363636363636363636363636363636363636363636363636363612
:206EC0003636363636363636363636363636363636363636363636363636363636363636F2
:206EE0003636363636363636363636363636363636363636363636363636363636363636D2
:206F00003636363636363636363636363636363636363636363636363636363636363636B1
:206F2000363636363636363636363636363636363636363636363636363636363636363691
:206F4000363636363636363636363636363636363636363636363636363636363636363671
:206F6000363636363636363636363636363636363636363636363636363636363636363651
:206F8000363636363636363636363636363636363636363636363636363636363636363631
:206FA000363636363636363636363636363636363636363636363636363636363636363611
:206FC0003636363636363636363636363636363636363636363636363636363636363636F1
:206FE0003636363636363636363636363636363636363636363636363636363636363636D1
:207000003636363636363636363636363636363636363636363636363636363636363636B0
:20702000363636363636363636363636363636363636363636363636363636363636363690
:20704000363636363636363636363636363636363636363636363636363636363636363670
:20706000363636363636363636363636363636363636363636363636363636363636363650
:20708000363636363636363636363636363636363636363636363636363636363636363630
:2070A000363636363636363636363636363636363636363636363636363636363636363610
:2070C0003636363636363636363636363636363636363636363636363636363636363636F0
:2070E0003636363636363636363636363636363636363636363636363636363636363636D0
:207100003636363636363636363636363636363636363636363636363636363636363636AF
:2071200036363636363636363636363636363636363636363636363636363636363636368F
:2071400036363636363636363636363636363636363636363636363636363636363636366F
:2071600036363636363636363636363636363636363636363636363636363636363636364F
:2071800036363636363636363636363636363636363636363636363636363636363636362F
:2071A00036363636363636363636363636363636363636363636363636363636363636360F
:2071C0003636363636363636363636363636363636363636363636363636363636363636EF
:2071E0003636363636363636363636363636363636363636363636363636363636363636CF
:207200003636363636363636363636363636363636363636363636363636363636363636AE
:2072200036363636363636363636363636363636363636363636363636363636363636368E
:2072400036363636363636363636363636363636363636363636363636363636363636366E
:2072600036363636363636363636363636363636363636363636363636363636363636364E
:2072800036363636363636363636363636363636363636363636363636363636363636362E
:2072A00036363636363636363636363636363636363636363636363636363636363636360E
:2072C0003636363636363636363636363636363636363636363636363636363636363636EE
:2072E0003636363636363636363636363636363636363636363636363636363636363636CE
:207300003636363636363636363636363636363636363636363636363636363636363636AD
:2073200036363636363636363636363636363636363636363636363636363636363636368D
:2073400036363636363636363636363636363636363636363636363636363636363636366D
:2073600036363636363636363636363636363636363636363636363636363636363636364D
:2073800036363636363636363636363636363636363636363636363636363636363636362D
:2073A00036363636363636363636363636363636363636363636363636363636363636360D
:2073C0003636363636363636363636363636363636363636363636363636363636363636ED
:2073E0003636363636363636363636363636363636363636363636363636363636363636CD
:207400003636363636363636363636363636363636363636363636363636363636363636AC
:2074200036363636363636363636363636363636363636363636363636363636363636368C
:2074400036363636363636363636363636363636363636363636363636363636363636366C
:2074600036363636363636363636363636363636363636363636363636363636363636364C
:2074800036363636363636363636363636363636363636363636363636363636363636362C
:2074A00036363636363636363636363636363636363636363636363636363636363636360C
:2074C0003636363636363636363636363636363636363636363636363636363636363636EC
:2074E0003636363636363636363636363636363636363636363636363636363636363636CC
:207500003636363636363636363636363636363636363636363636363636363636363636AB
:2075200036363636363636363636363636363636363636363636363636363636363636368B
:2075400036363636363636363636363636363636363636363636363636363636363636366B
:2075600036363636363636363636363636363636363636363636363636363636363636364B
:2075800036363636363636363636363636363636363636363636363636363636363636362B
:2075A00036363636363636363636363636363636363636363636363636363636363636360B
:2075C0003636363636363636363636363636363636363636363636363636363636363636EB
:2075E0003636363636363636363636363636363636363636363636363636363636363636CB
:207600003636363636363636363636363636363636363636363636363636363636363636AA
:2076200036363636363636363636363636363636363636363636363636363636363636368A
:2076400036363636363636363636363636363636363636363636363636363636363636366A
:2076600036363636363636363636363636363636363636363636363636363636363636364A
:2076800036363636363636363636363636363636363636363636363636363636363636362A
:2076A00036363636363636363636363636363636363636363636363636363636363636360A
:2076C0003636363636363636363636363636363636363636363636363636363636363636EA
:2076E0003636363636363636363636363636363636363636363636363636363636363636CA
:207700003636363636363636363636363636363636363636363636363636363636363636A9
:20772000363636363636363636363636363636363636363636363636363636363636363689
:20774000363636363636363636363636363636363636363636363636363636363636363669
:20776000363636363636363636363636363636363636363636363636363636363636363649
:20778000363636363636363636363636363636363636363636363636363636363636363629
:2077A000363636363636363636363636363636363636363636363636363636363636363609
:2077C0003636363636363636363636363636363636363636363636363636363636363636E9
:2077E0003636363636363636363636363636363636363636363636363636363636363636C9
:207800003636363636363636363636363636363636363636363636363636363636363636A8
:20782000363636363636363636363636363636363636363636363636363636363636363688
:20784000363636363636363636363636363636363636363636363636363636363636363668
:20786000363636363636363636363636363636363636363636363636363636363636363648
:20788000363636363636363636363636363636363636363636363636363636363636363628
:2078A000363636363636363636363636363636363636363636363636363636363636363608
:2078C0003636363636363636363636363636363636363636363636363636363636363636E8
:2078E0003636363636363636363636363636363636363636363636363636363636363636C8
:207900003636363636363636363636363636363636363636363636363636363636363636A7
:20792000363636363636363636363636363636363636363636363636363636363636363687
:20794000363636363636363636363636363636363636363636363636363636363636363667
:20796000363636363636363636363636363636363636363636363636363636363636363647
:20798000363636363636363636363636363636363636363636363636363636363636363627
:2079A000363636363636363636363636363636363636363636363636363636363636363607
:2079C0003636363636363636363636363636363636363636363636363636363636363636E7
:2079E0003636363636363636363636363636363636363636363636363636363636363636C7
:207A00003636363636363636363636363636363636363636363636363636363636363636A6
:207A2000363636363636363636363636363636363636363636363636363636363636363686
:207A4000363636363636363636363636363636363636363636363636363636363636363666
:207A6000363636363636363636363636363636363636363636363636363636363636363646
:207A8000363636363636363636363636363636363636363636363636363636363636363626
:207AA000363636363636363636363636363636363636363636363636363636363636363606
:207AC0003636363636363636363636363636363636363636363636363636363636363636E6
:207AE0003636363636363636363636363636363636363636363636363636363636363636C6
:207B00003636363636363636363636363636363636363636363636363636363636363636A5
:207B2000363636363636363636363636363636363636363636363636363636363636363685
:207B4000363636363636363636363636363636363636363636363636363636363636363665
:207B6000363636363636363636363636363636363636363636363636363636363636363645
:207B8000363636363636363636363636363636363636363636363636363636363636363625
:207BA000363636363636363636363636363636363636363636363636363636363636363605
:207BC0003636363636363636363636363636363636363636363636363636363636363636E5
:207BE0003636363636363636363636363636363636363636363636363636363636363636C5
:207C00003636363636363636363636363636363636363636363636363636363636363636A4
:207C2000363636363636363636363636363636363636363636363636363636363636363684
:207C4000363636363636363636363636363636363636363636363636363636363636363664
:207C6000363636363636363636363636363636363636363636363636363636363636363644
:207C8000363636363636363636363636363636363636363636363636363636363636363624
:207CA000363636363636363636363636363636363636363636363636363636363636363604
:207CC0003636363636363636363636363636363636363636363636363636363636363636E4
:207CE0003636363636363636363636363636363636363636363636363636363636363636C4
:207D00003636363636363636363636363636363636363636363636363636363636363636A3
:207D2000363636363636363636363636363636363636363636363636363636363636363683
:207D4000363636363636363636363636363636363636363636363636363636363636363663
:207D6000363636363636363636363636363636363636363636363636363636363636363643
:207D8000363636363636363636363636363636363636363636363636363636363636363623
:207DA000363636363636363636363636363636363636363636363636363636363636363603
:207DC0003636363636363636363636363636363636363636363636363636363636363636E3
:207DE0003636363636363636363636363636363636363636363636363636363636363636C3
:207E00003636363636363636363636363636363636363636363636363636363636363636A2
:207E2000363636363636363636363636363636363636363636363636363636363636363682
:207E4000363636363636363636363636363636363636363636363636363636363636363662
:207E6000363636363636363636363636363636363636363636363636363636363636363642
:207E8000363636363636363636363636363636363636363636363636363636363636363622
:207EA000363636363636363636363636363636363636363636363636363636363636363602
:207EC0003636363636363636363636363636363636363636363636363636363636363636E2
:207EE0003636363636363636363636363636363636363636363636363636363636363636C2
:207F00003636363636363636363636363636363636363636363636363636363636363636A1
:207F2000363636363636363636363636363636363636363636363636363636363636363681
:207F4000363636363636363636363636363636363636363636363636363636363636363661
:207F6000363636363636363636363636363636363636363636363636363636363636363641
:207F8000363636363636363636363636363636363636363636363636363636363636363621
:207FA000363636363636363636363636363636363636363636363636363636363636363601
:207FC0003636363636363636363636363636363636363636363636363636363636363636E1
:207FE0003636363636363636363636363636363636363636363636363636363636363636C1
:208000003636363636363636363636363636363636363636363636363636363636363636A0
:20802000363636363636363636363636363636363636363636363636363636363636363680
:20804000363636363636363636363636363636363636363636363636363636363636363660
:20806000363636363636363636363636363636363636363636363636363636363636363640
:20808000363636363636363636363636363636363636363636363636363636363636363620
:2080A000363636363636363636363636363636363636363636363636363636363636363600
:2080C0003636363636363636363636363636363636363636363636363636363636363636E0
:2080E0003636363636363636363636363636363636363636363636363636363636363636C0
:2081000036363636363636363636363636363636363636363636363636363636363636369F
:2081200036363636363636363636363636363636363636363636363636363636363636367F
:2081400036363636363636363636363636363636363636363636363636363636363636365F
:2081600036363636363636363636363636363636363636363636363636363636363636363F
:2081800036363636363636363636363636363636363636363636363636363636363636361F
:2081A0003636363636363636363636363636363636363636363636363636363636363636FF
:2081C0003636363636363636363636363636363636363636363636363636363636363636DF
:2081E0003636363636363636363636363636363636363636363636363636363636363636BF
:2082000036363636363636363636363636363636363636363636363636363636363636369E
:2082200036363636363636363636363636363636363636363636363636363636363636367E
:2082400036363636363636363636363636363636363636363636363636363636363636365E
:2082600036363636363636363636363636363636363636363636363636363636363636363E
:2082800036363636363636363636363636363636363636363636363636363636363636361E
:2082A0003636363636363636363636363636363636363636363636363636363636363636FE
:2082C0003636363636363636363636363636363636363636363636363636363636363636DE
:2082E0003636363636363636363636363636363636363636363636363636363636363636BE
:2083000036363636363636363636363636363636363636363636363636363636363636369D
:2083200036363636363636363636363636363636363636363636363636363636363636367D
:2083400036363636363636363636363636363636363636363636363636363636363636365D
:2083600036363636363636363636363636363636363636363636363636363636363636363D
:2083800036363636363636363636363636363636363636363636363636363636363636361D
:2083A0003636363636363636363636363636363636363636363636363636363636363636FD
:2083C0003636363636363636363636363636363636363636363636363636363636363636DD
:2083E0003636363636363636363636363636363636363636363636363636363636363636BD
:2084000036363636363636363636363636363636363636363636363636363636363636369C
:2084200036363636363636363636363636363636363636363636363636363636363636367C
:2084400036363636363636363636363636363636363636363636363636363636363636365C
:2084600036363636363636363636363636363636363636363636363636363636363636363C
:2084800036363636363636363636363636363636363636363636363636363636363636361C
:2084A0003636363636363636363636363636363636363636363636363636363636363636FC
:2084C0003636363636363636363636363636363636363636363636363636363636363636DC
:2084E0003636363636363636363636363636363636363636363636363636363636363636BC
:2085000036363636363636363636363636363636363636363636363636363636363636369B
:2085200036363636363636363636363636363636363636363636363636363636363636367B
:2085400036363636363636363636363636363636363636363636363636363636363636365B
:2085600036363636363636363636363636363636363636363636363636363636363636363B
:2085800036363636363636363636363636363636363636363636363636363636363636361B
:2085A0003636363636363636363636363636363636363636363636363636363636363636FB
:2085C0003636363636363636363636363636363636363636363636363636363636363636DB
:2085E0003636363636363636363636363636363636363636363636363636363636363636BB
:2086000036363636363636363636363636363636363636363636363636363636363636369A
:2086200036363636363636363636363636363636363636363636363636363636363636367A
:2086400036363636363636363636363636363636363636363636363636363636363636365A
:2086600036363636363636363636363636363636363636363636363636363636363636363A
:2086800036363636363636363636363636363636363636363636363636363636363636361A
:2086A0003636363636363636363636363636363636363636363636363636363636363636FA
:2086C0003636363636363636363636363636363636363636363636363636363636363636DA
:2086E0003636363636363636363636363636363636363636363636363636363636363636BA
:20870000363636363636363636363636363636363636363636363636363636363636363699
:20872000363636363636363636363636363636363636363636363636363636363636363679
:20874000363636363636363636363636363636363636363636363636363636363636363659
:20876000363636363636363636363636363636363636363636363636363636363636363639
:20878000363636363636363636363636363636363636363636363636363636363636363619
:2087A0003636363636363636363636363636363636363636363636363636363636363636F9
:2087C0003636363636363636363636363636363636363636363636363636363636363636D9
:2087E0003636363636363636363636363636363636363636363636363636363636363636B9
:20880000363636363636363636363636363636363636363636363636363636363636363698
:20882000363636363636363636363636363636363636363636363636363636363636363678
:20884000363636363636363636363636363636363636363636363636363636363636363658
:20886000363636363636363636363636363636363636363636363636363636363636363638
:20888000363636363636363636363636363636363636363636363636363636363636363618
:2088A0003636363636363636363636363636363636363636363636363636363636363636F8
:2088C0003636363636363636363636363636363636363636363636363636363636363636D8
:2088E0003636363636363636363636363636363636363636363636363636363636363636B8
:20890000363636363636363636363636363636363636363636363636363636363636363697
:20892000363636363636363636363636363636363636363636363636363636363636363677
:20894000363636363636363636363636363636363636363636363636363636363636363657
:20896000363636363636363636363636363636363636363636363636363636363636363637
:20898000363636363636363636363636363636363636363636363636363636363636363617
:2089A0003636363636363636363636363636363636363636363636363636363636363636F7
:2089C0003636363636363636363636363636363636363636363636363636363636363636D7
:2089E0003636363636363636363636363636363636363636363636363636363636363636B7
:208A0000363636363636363636363636363636363636363636363636363636363636363696
:208A2000363636363636363636363636363636363636363636363636363636363636363676
:208A4000363636363636363636363636363636363636363636363636363636363636363656
:208A6000363636363636363636363636363636363636363636363636363636363636363636
:208A8000363636363636363636363636363636363636363636363636363636363636363616
:208AA0003636363636363636363636363636363636363636363636363636363636363636F6
:208AC0003636363636363636363636363636363636363636363636363636363636363636D6
:208AE0003636363636363636363636363636363636363636363636363636363636363636B6
:208B0000363636363636363636363636363636363636363636363636363636363636363695
:208B2000363636363636363636363636363636363636363636363636363636363636363675
:208B4000363636363636363636363636363636363636363636363636363636363636363655
:208B6000363636363636363636363636363636363636363636363636363636363636363635
:208B8000363636363636363636363636363636363636363636363636363636363636363615
:208BA0003636363636363636363636363636363636363636363636363636363636363636F5
:208BC0003636363636363636363636363636363636363636363636363636363636363636D5
:208BE0003636363636363636363636363636363636363636363636363636363636363636B5
:208C0000363636363636363636363636363636363636363636363636363636363636363694
:208C2000363636363636363636363636363636363636363636363636363636363636363674
:208C4000363636363636363636363636363636363636363636363636363636363636363654
:208C6000363636363636363636363636363636363636363636363636363636363636363634
:208C8000363636363636363636363636363636363636363636363636363636363636363614
:208CA0003636363636363636363636363636363636363636363636363636363636363636F4
:208CC0003636363636363636363636363636363636363636363636363636363636363636D4
:208CE0003636363636363636363636363636363636363636363636363636363636363636B4
:208D0000363636363636363636363636363636363636363636363636363636363636363693
:208D2000363636363636363636363636363636363636363636363636363636363636363673
:208D4000363636363636363636363636363636363636363636363636363636363636363653
:208D6000363636363636363636363636363636363636363636363636363636363636363633
:208D8000363636363636363636363636363636363636363636363636363636363636363613
:208DA0003636363636363636363636363636363636363636363636363636363636363636F3
:208DC0003636363636363636363636363636363636363636363636363636363636363636D3
:208DE0003636363636363636363636363636363636363636363636363636363636363636B3
:208E0000363636363636363636363636363636363636363636363636363636363636363692
:208E2000363636363636363636363636363636363636363636363636363636363636363672
:208E4000363636363636363636363636363636363636363636363636363636363636363652
:208E6000363636363636363636363636363636363636363636363636363636363636363632
:208E8000363636363636363636363636363636363636363636363636363636363636363612
:208EA0003636363636363636363636363636363636363636363636363636363636363636F2
:208EC0003636363636363636363636363636363636363636363636363636363636363636D2
:208EE0003636363636363636363636363636363636363636363636363636363636363636B2
:208F0000363636363636363636363636363636363636363636363636363636363636363691
:208F2000363636363636363636363636363636363636363636363636363636363636363671
:208F4000363636363636363636363636363636363636363636363636363636363636363651
:208F6000363636363636363636363636363636363636363636363636363636363636363631
:208F8000363636363636363636363636363636363636363636363636363636363636363611
:208FA0003636363636363636363636363636363636363636363636363636363636363636F1
:208FC0003636363636363636363636363636363636363636363636363636363636363636D1
:208FE0003636363636363636363636363636363636363636363636363636363636363636B1
:20900000363636363636363636363636363636363636363636363636363636363636363690
:20902000363636363636363636363636363636363636363636363636363636363636363670
:20904000363636363636363636363636363636363636363636363636363636363636363650
:20906000363636363636363636363636363636363636363636363636363636363636363630
:20908000363636363636363636363636363636363636363636363636363636363636363610
:2090A0003636363636363636363636363636363636363636363636363636363636363636F0
:2090C0003636363636363636363636363636363636363636363636363636363636363636D0
:2090E0003636363636363636363636363636363636363636363636363636363636363636B0
:2091000036363636363636363636363636363636363636363636363636363636363636368F
:2091200036363636363636363636363636363636363636363636363636363636363636366F
:2091400036363636363636363636363636363636363636363636363636363636363636364F
:2091600036363636363636363636363636363636363636363636363636363636363636362F
:2091800036363636363636363636363636363636363636363636363636363636363636360F
:2091A0003636363636363636363636363636363636363636363636363636363636363636EF
:2091C0003636363636363636363636363636363636363636363636363636363636363636CF
:2091E0003636363636363636363636363636363636363636363636363636363636363636AF
:2092000036363636363636363636363636363636363636363636363636363636363636368E
:2092200036363636363636363636363636363636363636363636363636363636363636366E
:2092400036363636363636363636363636363636363636363636363636363636363636364E
:2092600036363636363636363636363636363636363636363636363636363636363636362E
:2092800036363636363636363636363636363636363636363636363636363636363636360E
:2092A0003636363636363636363636363636363636363636363636363636363636363636EE
:2092C0003636363636363636363636363636363636363636363636363636363636363636CE
:2092E0003636363636363636363636363636363636363636363636363636363636363636AE
:2093000036363636363636363636363636363636363636363636363636363636363636368D
:2093200036363636363636363636363636363636363636363636363636363636363636366D
:2093400036363636363636363636363636363636363636363636363636363636363636364D
:2093600036363636363636363636363636363636363636363636363636363636363636362D
:2093800036363636363636363636363636363636363636363636363636363636363636360D
:2093A0003636363636363636363636363636363636363636363636363636363636363636ED
:2093C0003636363636363636363636363636363636363636363636363636363636363636CD
:2093E0003636363636363636363636363636363636363636363636363636363636363636AD
:2094000036363636363636363636363636363636363636363636363636363636363636368C
:2094200036363636363636363636363636363636363636363636363636363636363636366C
:2094400036363636363636363636363636363636363636363636363636363636363636364C
:2094600036363636363636363636363636363636363636363636363636363636363636362C
:2094800036363636363636363636363636363636363636363636363636363636363636360C
:2094A0003636363636363636363636363636363636363636363636363636363636363636EC
:2094C0003636363636363636363636363636363636363636363636363636363636363636CC
:2094E0003636363636363636363636363636363636363636363636363636363636363636AC
:2095000036363636363636363636363636363636363636363636363636363636363636368B
:2095200036363636363636363636363636363636363636363636363636363636363636366B
:2095400036363636363636363636363636363636363636363636363636363636363636364B
:2095600036363636363636363636363636363636363636363636363636363636363636362B
:2095800036363636363636363636363636363636363636363636363636363636363636360B
:2095A0003636363636363636363636363636363636363636363636363636363636363636EB
:2095C0003636363636363636363636363636363636363636363636363636363636363636CB
:2095E0003636363636363636363636363636363636363636363636363636363636363636AB
:2096000036363636363636363636363636363636363636363636363636363636363636368A
:2096200036363636363636363636363636363636363636363636363636363636363636366A
:2096400036363636363636363636363636363636363636363636363636363636363636364A
:2096600036363636363636363636363636363636363636363636363636363636363636362A
:2096800036363636363636363636363636363636363636363636363636363636363636360A
:2096A0003636363636363636363636363636363636363636363636363636363636363636EA
:2096C0003636363636363636363636363636363636363636363636363636363636363636CA
:2096E0003636363636363636363636363636363636363636363636363636363636363636AA
:20970000363636363636363636363636363636363636363636363636363636363636363689
:20972000363636363636363636363636363636363636363636363636363636363636363669
:20974000363636363636363636363636363636363636363636363636363636363636363649
:20976000363636363636363636363636363636363636363636363636363636363636363629
:20978000363636363636363636363636363636363636363636363636363636363636363609
:2097A0003636363636363636363636363636363636363636363636363636363636363636E9
:2097C0003636363636363636363636363636363636363636363636363636363636363636C9
:2097E0003636363636363636363636363636363636363636363636363636363636363636A9
:20980000363636363636363636363636363636363636363636363636363636363636363688
:20982000363636363636363636363636363636363636363636363636363636363636363668
:20984000363636363636363636363636363636363636363636363636363636363636363648
:20986000363636363636363636363636363636363636363636363636363636363636363628
:20988000363636363636363636363636363636363636363636363636363636363636363608
:2098A0003636363636363636363636363636363636363636363636363636363636363636E8
:2098C0003636363636363636363636363636363636363636363636363636363636363636C8
:2098E0003636363636363636363636363636363636363636363636363636363636363636A8
:20990000363636363636363636363636363636363636363636363636363636363636363687
:20992000363636363636363636363636363636363636363636363636363636363636363667
:20994000363636363636363636363636363636363636363636363636363636363636363647
:20996000363636363636363636363636363636363636363636363636363636363636363627
:20998000363636363636363636363636363636363636363636363636363636363636363607
:2099A0003636363636363636363636363636363636363636363636363636363636363636E7
:2099C0003636363636363636363636363636363636363636363636363636363636363636C7
:2099E0003636363636363636363636363636363636363636363636363636363636363636A7
:209A0000363636363636363636363636363636363636363636363636363636363636363686
:209A2000363636363636363636363636363636363636363636363636363636363636363666
:209A4000363636363636363636363636363636363636363636363636363636363636363646
:209A6000363636363636363636363636363636363636363636363636363636363636363626
:209A8000363636363636363636363636363636363636363636363636363636363636363606
:209AA0003636363636363636363636363636363636363636363636363636363636363636E6
:209AC0003636363636363636363636363636363636363636363636363636363636363636C6
:209AE0003636363636363636363636363636363636363636363636363636363636363636A6
:209B0000363636363636363636363636363636363636363636363636363636363636363685
:209B2000363636363636363636363636363636363636363636363636363636363636363665
:209B4000363636363636363636363636363636363636363636363636363636363636363645
:209B6000363636363636363636363636363636363636363636363636363636363636363625
:209B8000363636363636363636363636363636363636363636363636363636363636363605
:209BA0003636363636363636363636363636363636363636363636363636363636363636E5
:209BC0003636363636363636363636363636363636363636363636363636363636363636C5
:209BE0003636363636363636363636363636363636363636363636363636363636363636A5
:209C0000363636363636363636363636363636363636363636363636363636363636363684
:209C2000363636363636363636363636363636363636363636363636363636363636363664
:209C4000363636363636363636363636363636363636363636363636363636363636363644
:209C6000363636363636363636363636363636363636363636363636363636363636363624
:209C8000363636363636363636363636363636363636363636363636363636363636363604
:209CA0003636363636363636363636363636363636363636363636363636363636363636E4
:209CC0003636363636363636363636363636363636363636363636363636363636363636C4
:209CE0003636363636363636363636363636363636363636363636363636363636363636A4
:209D0000363636363636363636363636363636363636363636363636363636363636363683
:209D2000363636363636363636363636363636363636363636363636363636363636363663
:209D4000363636363636363636363636363636363636363636363636363636363636363643
:209D6000363636363636363636363636363636363636363636363636363636363636363623
:209D8000363636363636363636363636363636363636363636363636363636363636363603
:209DA0003636363636363636363636363636363636363636363636363636363636363636E3
:209DC0003636363636363636363636363636363636363636363636363636363636363636C3
:209DE0003636363636363636363636363636363636363636363636363636363636363636A3
:209E0000363636363636363636363636363636363636363636363636363636363636363682
:209E2000363636363636363636363636363636363636363636363636363636363636363662
:209E4000363636363636363636363636363636363636363636363636363636363636363642
:209E6000363636363636363636363636363636363636363636363636363636363636363622
:209E8000363636363636363636363636363636363636363636363636363636363636363602
:209EA0003636363636363636363636363636363636363636363636363636363636363636E2
:209EC0003636363636363636363636363636363636363636363636363636363636363636C2
:209EE0003636363636363636363636363636363636363636363636363636363636363636A2
:209F0000363636363636363636363636363636363636363636363636363636363636363681
:209F2000363636363636363636363636363636363636363636363636363636363636363661
:209F4000363636363636363636363636363636363636363636363636363636363636363641
:209F6000363636363636363636363636363636363636363636363636363636363636363621
:209F8000363636363636363636363636363636363636363636363636363636363636363601
:209FA0003636363636363636363636363636363636363636363636363636363636363636E1
:209FC0003636363636363636363636363636363636363636363636363636363636363636C1
:209FE0003636363636363636363636363636363636363636363636363636363636363636A1
:20A00000363636363636363636363636363636363636363636363636363636363636363680
:20A02000363636363636363636363636363636363636363636363636363636363636363660
:20A04000363636363636363636363636363636363636363636363636363636363636363640
:20A06000363636363636363636363636363636363636363636363636363636363636363620
:20A08000363636363636363636363636363636363636363636363636363636363636363600
:20A0A0003636363636363636363636363636363636363636363636363636363636363636E0
:20A0C0003636363636363636363636363636363636363636363636363636363636363636C0
:20A0E0003636363636363636363636363636363636363636363636363636363636363636A0
:20A1000036363636363636363636363636363636363636363636363636363636363636367F
:20A1200036363636363636363636363636363636363636363636363636363636363636365F
:20A1400036363636363636363636363636363636363636363636363636363636363636363F
:20A1600036363636363636363636363636363636363636363636363636363636363636361F
:20A180003636363636363636363636363636363636363636363636363636363636363636FF
:20A1A0003636363636363636363636363636363636363636363636363636363636363636DF
:20A1C0003636363636363636363636363636363636363636363636363636363636363636BF
:20A1E00036363636363636363636363636363636363636363636363636363636363636369F
:20A2000036363636363636363636363636363636363636363636363636363636363636367E
:20A2200036363636363636363636363636363636363636363636363636363636363636365E
:20A2400036363636363636363636363636363636363636363636363636363636363636363E
:20A2600036363636363636363636363636363636363636363636363636363636363636361E
:20A280003636363636363636363636363636363636363636363636363636363636363636FE
:20A2A0003636363636363636363636363636363636363636363636363636363636363636DE
:20A2C0003636363636363636363636363636363636363636363636363636363636363636BE
:20A2E00036363636363636363636363636363636363636363636363636363636363636369E
:20A3000036363636363636363636363636363636363636363636363636363636363636367D
:20A3200036363636363636363636363636363636363636363636363636363636363636365D
:20A3400036363636363636363636363636363636363636363636363636363636363636363D
:20A3600036363636363636363636363636363636363636363636363636363636363636361D
:20A380003636363636363636363636363636363636363636363636363636363636363636FD
:20A3A0003636363636363636363636363636363636363636363636363636363636363636DD
:20A3C0003636363636363636363636363636363636363636363636363636363636363636BD
:20A3E00036363636363636363636363636363636363636363636363636363636363636369D
:20A4000036363636363636363636363636363636363636363636363636363636363636367C
:20A4200036363636363636363636363636363636363636363636363636363636363636365C
:20A4400036363636363636363636363636363636363636363636363636363636363636363C
:20A4600036363636363636363636363636363636363636363636363636363636363636361C
:20A480003636363636363636363636363636363636363636363636363636363636363636FC
:20A4A0003636363636363636363636363636363636363636363636363636363636363636DC
:20A4C0003636363636363636363636363636363636363636363636363636363636363636BC
:20A4E00036363636363636363636363636363636363636363636363636363636363636369C
:20A5000036363636363636363636363636363636363636363636363636363636363636367B
:20A5200036363636363636363636363636363636363636363636363636363636363636365B
:20A5400036363636363636363636363636363636363636363636363636363636363636363B
:20A5600036363636363636363636363636363636363636363636363636363636363636361B
:20A580003636363636363636363636363636363636363636363636363636363636363636FB
:20A5A0003636363636363636363636363636363636363636363636363636363636363636DB
:20A5C0003636363636363636363636363636363636363636363636363636363636363636BB
:20A5E00036363636363636363636363636363636363636363636363636363636363636369B
:20A6000036363636363636363636363636363636363636363636363636363636363636367A
:20A6200036363636363636363636363636363636363636363636363636363636363636365A
:20A6400036363636363636363636363636363636363636363636363636363636363636363A
:20A6600036363636363636363636363636363636363636363636363636363636363636361A
:20A680003636363636363636363636363636363636363636363636363636363636363636FA
:20A6A0003636363636363636363636363636363636363636363636363636363636363636DA
:20A6C0003636363636363636363636363636363636363636363636363636363636363636BA
:20A6E00036363636363636363636363636363636363636363636363636363636363636369A
:20A70000363636363636363636363636363636363636363636363636363636363636363679
:20A72000363636363636363636363636363636363636363636363636363636363636363659
:20A74000363636363636363636363636363636363636363636363636363636363636363639
:20A76000363636363636363636363636363636363636363636363636363636363636363619
:20A780003636363636363636363636363636363636363636363636363636363636363636F9
:20A7A0003636363636363636363636363636363636363636363636363636363636363636D9
:20A7C0003636363636363636363636363636363636363636363636363636363636363636B9
:20A7E000363636363636363636363636363636363636363636363636363636363636363699
:20A80000363636363636363636363636363636363636363636363636363636363636363678
:20A82000363636363636363636363636363636363636363636363636363636363636363658
:20A84000363636363636363636363636363636363636363636363636363636363636363638
:20A86000363636363636363636363636363636363636363636363636363636363636363618
:20A880003636363636363636363636363636363636363636363636363636363636363636F8
:20A8A0003636363636363636363636363636363636363636363636363636363636363636D8
:20A8C0003636363636363636363636363636363636363636363636363636363636363636B8
:20A8E000363636363636363636363636363636363636363636363636363636363636363698
:20A90000363636363636363636363636363636363636363636363636363636363636363677
:20A92000363636363636363636363636363636363636363636363636363636363636363657
:20A94000363636363636363636363636363636363636363636363636363636363636363637
:20A96000363636363636363636363636363636363636363636363636363636363636363617
:20A980003636363636363636363636363636363636363636363636363636363636363636F7
:20A9A0003636363636363636363636363636363636363636363636363636363636363636D7
:20A9C0003636363636363636363636363636363636363636363636363636363636363636B7
:20A9E000363636363636363636363636363636363636363636363636363636363636363697
:20AA0000363636363636363636363636363636363636363636363636363636363636363676
:20AA2000363636363636363636363636363636363636363636363636363636363636363656
:20AA4000363636363636363636363636363636363636363636363636363636363636363636
:20AA6000363636363636363636363636363636363636363636363636363636363636363616
:20AA80003636363636363636363636363636363636363636363636363636363636363636F6
:20AAA0003636363636363636363636363636363636363636363636363636363636363636D6
:20AAC0003636363636363636363636363636363636363636363636363636363636363636B6
:20AAE000363636363636363636363636363636363636363636363636363636363636363696
:20AB0000363636363636363636363636363636363636363636363636363636363636363675
:20AB2000363636363636363636363636363636363636363636363636363636363636363655
:20AB4000363636363636363636363636363636363636363636363636363636363636363635
:20AB6000363636363636363636363636363636363636363636363636363636363636363615
:20AB80003636363636363636363636363636363636363636363636363636363636363636F5
:20ABA0003636363636363636363636363636363636363636363636363636363636363636D5
:20ABC0003636363636363636363636363636363636363636363636363636363636363636B5
:20ABE000363636363636363636363636363636363636363636363636363636363636363695
:20AC0000363636363636363636363636363636363636363636363636363636363636363674
:20AC2000363636363636363636363636363636363636363636363636363636363636363654
:20AC4000363636363636363636363636363636363636363636363636363636363636363634
:20AC6000363636363636363636363636363636363636363636363636363636363636363614
:20AC80003636363636363636363636363636363636363636363636363636363636363636F4
:20ACA0003636363636363636363636363636363636363636363636363636363636363636D4
:20ACC0003636363636363636363636363636363636363636363636363636363636363636B4
:20ACE000363636363636363636363636363636363636363636363636363636363636363694
:20AD0000363636363636363636363636363636363636363636363636363636363636363673
:20AD2000363636363636363636363636363636363636363636363636363636363636363653
:20AD4000363636363636363636363636363636363636363636363636363636363636363633
:20AD6000363636363636363636363636363636363636363636363636363636363636363613
:20AD80003636363636363636363636363636363636363636363636363636363636363636F3
:20ADA0003636363636363636363636363636363636363636363636363636363636363636D3
:20ADC0003636363636363636363636363636363636363636363636363636363636363636B3
:20ADE000363636363636363636363636363636363636363636363636363636363636363693
:20AE0000363636363636363636363636363636363636363636363636363636363636363672
:20AE2000363636363636363636363636363636363636363636363636363636363636363652
:20AE4000363636363636363636363636363636363636363636363636363636363636363632
:20AE6000363636363636363636363636363636363636363636363636363636363636363612
:20AE80003636363636363636363636363636363636363636363636363636363636363636F2
:20AEA0003636363636363636363636363636363636363636363636363636363636363636D2
:20AEC0003636363636363636363636363636363636363636363636363636363636363636B2
:20AEE000363636363636363636363636363636363636363636363636363636363636363692
:20AF0000363636363636363636363636363636363636363636363636363636363636363671
:20AF2000363636363636363636363636363636363636363636363636363636363636363651
:20AF4000363636363636363636363636363636363636363636363636363636363636363631
:20AF6000363636363636363636363636363636363636363636363636363636363636363611
:20AF80003636363636363636363636363636363636363636363636363636363636363636F1
:20AFA0003636363636363636363636363636363636363636363636363636363636363636D1
:20AFC0003636363636363636363636363636363636363636363636363636363636363636B1
:20AFE000363636363636363636363636363636363636363636363636363636363636363691
:20B00000363636363636363636363636363636363636363636363636363636363636363670
:20B02000363636363636363636363636363636363636363636363636363636363636363650
:20B04000363636363636363636363636363636363636363636363636363636363636363630
:20B06000363636363636363636363636363636363636363636363636363636363636363610
:20B080003636363636363636363636363636363636363636363636363636363636363636F0
:20B0A0003636363636363636363636363636363636363636363636363636363636363636D0
:20B0C0003636363636363636363636363636363636363636363636363636363636363636B0
:20B0E000363636363636363636363636363636363636363636363636363636363636363690
:20B1000036363636363636363636363636363636363636363636363636363636363636366F
:20B1200036363636363636363636363636363636363636363636363636363636363636364F
:20B1400036363636363636363636363636363636363636363636363636363636363636362F
:20B1600036363636363636363636363636363636363636363636363636363636363636360F
:20B180003636363636363636363636363636363636363636363636363636363636363636EF
:20B1A0003636363636363636363636363636363636363636363636363636363636363636CF
:20B1C0003636363636363636363636363636363636363636363636363636363636363636AF
:20B1E00036363636363636363636363636363636363636363636363636363636363636368F
:20B2000036363636363636363636363636363636363636363636363636363636363636366E
:20B2200036363636363636363636363636363636363636363636363636363636363636364E
:20B2400036363636363636363636363636363636363636363636363636363636363636362E
:20B2600036363636363636363636363636363636363636363636363636363636363636360E
:20B280003636363636363636363636363636363636363636363636363636363636363636EE
:20B2A0003636363636363636363636363636363636363636363636363636363636363636CE
:20B2C0003636363636363636363636363636363636363636363636363636363636363636AE
:20B2E00036363636363636363636363636363636363636363636363636363636363636368E
:20B3000036363636363636363636363636363636363636363636363636363636363636366D
:20B3200036363636363636363636363636363636363636363636363636363636363636364D
:20B3400036363636363636363636363636363636363636363636363636363636363636362D
:20B3600036363636363636363636363636363636363636363636363636363636363636360D
:20B380003636363636363636363636363636363636363636363636363636363636363636ED
:20B3A0003636363636363636363636363636363636363636363636363636363636363636CD
:20B3C0003636363636363636363636363636363636363636363636363636363636363636AD
:20B3E00036363636363636363636363636363636363636363636363636363636363636368D
:20B4000036363636363636363636363636363636363636363636363636363636363636366C
:20B4200036363636363636363636363636363636363636363636363636363636363636364C
:20B4400036363636363636363636363636363636363636363636363636363636363636362C
:20B4600036363636363636363636363636363636363636363636363636363636363636360C
:20B480003636363636363636363636363636363636363636363636363636363636363636EC
:20B4A0003636363636363636363636363636363636363636363636363636363636363636CC
:20B4C0003636363636363636363636363636363636363636363636363636363636363636AC
:20B4E00036363636363636363636363636363636363636363636363636363636363636368C
:20B5000036363636363636363636363636363636363636363636363636363636363636366B
:20B5200036363636363636363636363636363636363636363636363636363636363636364B
:20B5400036363636363636363636363636363636363636363636363636363636363636362B
:20B5600036363636363636363636363636363636363636363636363636363636363636360B
:20B580003636363636363636363636363636363636363636363636363636363636363636EB
:20B5A0003636363636363636363636363636363636363636363636363636363636363636CB
:20B5C0003636363636363636363636363636363636363636363636363636363636363636AB
:20B5E00036363636363636363636363636363636363636363636363636363636363636368B
:20B6000036363636363636363636363636363636363636363636363636363636363636366A
:20B6200036363636363636363636363636363636363636363636363636363636363636364A
:20B6400036363636363636363636363636363636363636363636363636363636363636362A
:20B6600036363636363636363636363636363636363636363636363636363636363636360A
:20B680003636363636363636363636363636363636363636363636363636363636363636EA
:20B6A0003636363636363636363636363636363636363636363636363636363636363636CA
:20B6C0003636363636363636363636363636363636363636363636363636363636363636AA
:20B6E00036363636363636363636363636363636363636363636363636363636363636368A
:20B70000363636363636363636363636363636363636363636363636363636363636363669
:20B72000363636363636363636363636363636363636363636363636363636363636363649
:20B74000363636363636363636363636363636363636363636363636363636363636363629
:20B76000363636363636363636363636363636363636363636363636363636363636363609
:20B780003636363636363636363636363636363636363636363636363636363636363636E9
:20B7A0003636363636363636363636363636363636363636363636363636363636363636C9
:20B7C0003636363636363636363636363636363636363636363636363636363636363636A9
:20B7E000363636363636363636363636363636363636363636363636363636363636363689
:20B80000363636363636363636363636363636363636363636363636363636363636363668
:20B82000363636363636363636363636363636363636363636363636363636363636363648
:20B84000363636363636363636363636363636363636363636363636363636363636363628
:20B86000363636363636363636363636363636363636363636363636363636363636363608
:20B880003636363636363636363636363636363636363636363636363636363636363636E8
:20B8A0003636363636363636363636363636363636363636363636363636363636363636C8
:20B8C0003636363636363636363636363636363636363636363636363636363636363636A8
:20B8E000363636363636363636363636363636363636363636363636363636363636363688
:20B90000363636363636363636363636363636363636363636363636363636363636363667
:20B92000363636363636363636363636363636363636363636363636363636363636363647
:20B94000363636363636363636363636363636363636363636363636363636363636363627
:20B96000363636363636363636363636363636363636363636363636363636363636363607
:20B980003636363636363636363636363636363636363636363636363636363636363636E7
:20B9A0003636363636363636363636363636363636363636363636363636363636363636C7
:20B9C0003636363636363636363636363636363636363636363636363636363636363636A7
:20B9E000363636363636363636363636363636363636363636363636363636363636363687
:20BA0000363636363636363636363636363636363636363636363636363636363636363666
:20BA2000363636363636363636363636363636363636363636363636363636363636363646
:20BA4000363636363636363636363636363636363636363636363636363636363636363626
:20BA6000363636363636363636363636363636363636363636363636363636363636363606
:20BA80003636363636363636363636363636363636363636363636363636363636363636E6
:20BAA0003636363636363636363636363636363636363636363636363636363636363636C6
:20BAC0003636363636363636363636363636363636363636363636363636363636363636A6
:20BAE000363636363636363636363636363636363636363636363636363636363636363686
:20BB0000363636363636363636363636363636363636363636363636363636363636363665
:20BB2000363636363636363636363636363636363636363636363636363636363636363645
:20BB4000363636363636363636363636363636363636363636363636363636363636363625
:20BB6000363636363636363636363636363636363636363636363636363636363636363605
:20BB80003636363636363636363636363636363636363636363636363636363636363636E5
:20BBA0003636363636363636363636363636363636363636363636363636363636363636C5
:20BBC0003636363636363636363636363636363636363636363636363636363636363636A5
:20BBE000363636363636363636363636363636363636363636363636363636363636363685
:20BC0000363636363636363636363636363636363636363636363636363636363636363664
:20BC2000363636363636363636363636363636363636363636363636363636363636363644
:20BC4000363636363636363636363636363636363636363636363636363636363636363624
:20BC6000363636363636363636363636363636363636363636363636363636363636363604
:20BC80003636363636363636363636363636363636363636363636363636363636363636E4
:20BCA0003636363636363636363636363636363636363636363636363636363636363636C4
:20BCC0003636363636363636363636363636363636363636363636363636363636363636A4
:20BCE000363636363636363636363636363636363636363636363636363636363636363684
:20BD0000363636363636363636363636363636363636363636363636363636363636363663
:20BD2000363636363636363636363636363636363636363636363636363636363636363643
:20BD4000363636363636363636363636363636363636363636363636363636363636363623
:20BD6000363636363636363636363636363636363636363636363636363636363636363603
:20BD80003636363636363636363636363636363636363636363636363636363636363636E3
:20BDA0003636363636363636363636363636363636363636363636363636363636363636C3
:20BDC0003636363636363636363636363636363636363636363636363636363636363636A3
:20BDE000363636363636363636363636363636363636363636363636363636363636363683
:20BE0000363636363636363636363636363636363636363636363636363636363636363662
:20BE2000363636363636363636363636363636363636363636363636363636363636363642
:20BE4000363636363636363636363636363636363636363636363636363636363636363622
:20BE6000363636363636363636363636363636363636363636363636363636363636363602
:20BE80003636363636363636363636363636363636363636363636363636363636363636E2
:20BEA0003636363636363636363636363636363636363636363636363636363636363636C2
:20BEC0003636363636363636363636363636363636363636363636363636363636363636A2
:20BEE000363636363636363636363636363636363636363636363636363636363636363682
:20BF0000363636363636363636363636363636363636363636363636363636363636363661
:20BF2000363636363636363636363636363636363636363636363636363636363636363641
:20BF4000363636363636363636363636363636363636363636363636363636363636363621
:20BF6000363636363636363636363636363636363636363636363636363636363636363601
:20BF80003636363636363636363636363636363636363636363636363636363636363636E1
:20BFA0003636363636363636363636363636363636363636363636363636363636363636C1
:20BFC0003636363636363636363636363636363636363636363636363636363636363636A1
:20BFE000363636363636363636363636363636363636363636363636363636363636363681
:20C00000363636363636363636363636363636363636363636363636363636363636363660
:20C02000363636363636363636363636363636363636363636363636363636363636363640
:20C04000363636363636363636363636363636363636363636363636363636363636363620
:20C06000363636363636363636363636363636363636363636363636363636363636363600
:20C080003636363636363636363636363636363636363636363636363636363636363636E0
:20C0A0003636363636363636363636363636363636363636363636363636363636363636C0
:20C0C0003636363636363636363636363636363636363636363636363636363636363636A0
:20C0E000363636363636363636363636363636363636363636363636363636363636363680
:20C1000036363636363636363636363636363636363636363636363636363636363636365F
:20C1200036363636363636363636363636363636363636363636363636363636363636363F
:20C1400036363636363636363636363636363636363636363636363636363636363636361F
:20C160003636363636363636363636363636363636363636363636363636363636363636FF
:20C180003636363636363636363636363636363636363636363636363636363636363636DF
:20C1A0003636363636363636363636363636363636363636363636363636363636363636BF
:20C1C00036363636363636363636363636363636363636363636363636363636363636369F
:20C1E00036363636363636363636363636363636363636363636363636363636363636367F
:20C2000036363636363636363636363636363636363636363636363636363636363636365E
:20C2200036363636363636363636363636363636363636363636363636363636363636363E
:20C2400036363636363636363636363636363636363636363636363636363636363636361E
:20C260003636363636363636363636363636363636363636363636363636363636363636FE
:20C280003636363636363636363636363636363636363636363636363636363636363636DE
:20C2A0003636363636363636363636363636363636363636363636363636363636363636BE
:20C2C00036363636363636363636363636363636363636363636363636363636363636369E
:20C2E00036363636363636363636363636363636363636363636363636363636363636367E
:20C3000036363636363636363636363636363636363636363636363636363636363636365D
:20C3200036363636363636363636363636363636363636363636363636363636363636363D
:20C3400036363636363636363636363636363636363636363636363636363636363636361D
:20C360003636363636363636363636363636363636363636363636363636363636363636FD
:20C380003636363636363636363636363636363636363636363636363636363636363636DD
:20C3A0003636363636363636363636363636363636363636363636363636363636363636BD
:20C3C00036363636363636363636363636363636363636363636363636363636363636369D
:20C3E00036363636363636363636363636363636363636363636363636363636363636367D
:20C4000036363636363636363636363636363636363636363636363636363636363636365C
:20C4200036363636363636363636363636363636363636363636363636363636363636363C
:20C4400036363636363636363636363636363636363636363636363636363636363636361C
:20C460003636363636363636363636363636363636363636363636363636363636363636FC
:20C480003636363636363636363636363636363636363636363636363636363636363636DC
:20C4A0003636363636363636363636363636363636363636363636363636363636363636BC
:20C4C00036363636363636363636363636363636363636363636363636363636363636369C
:20C4E00036363636363636363636363636363636363636363636363636363636363636367C
:20C5000036363636363636363636363636363636363636363636363636363636363636365B
:20C5200036363636363636363636363636363636363636363636363636363636363636363B
:20C5400036363636363636363636363636363636363636363636363636363636363636361B
:20C560003636363636363636363636363636363636363636363636363636363636363636FB
:20C580003636363636363636363636363636363636363636363636363636363636363636DB
:20C5A0003636363636363636363636363636363636363636363636363636363636363636BB
:20C5C00036363636363636363636363636363636363636363636363636363636363636369B
:20C5E00036363636363636363636363636363636363636363636363636363636363636367B
:20C6000036363636363636363636363636363636363636363636363636363636363636365A
:20C6200036363636363636363636363636363636363636363636363636363636363636363A
:20C6400036363636363636363636363636363636363636363636363636363636363636361A
:20C660003636363636363636363636363636363636363636363636363636363636363636FA
:20C680003636363636363636363636363636363636363636363636363636363636363636DA
:20C6A0003636363636363636363636363636363636363636363636363636363636363636BA
:20C6C00036363636363636363636363636363636363636363636363636363636363636369A
:20C6E00036363636363636363636363636363636363636363636363636363636363636367A
:20C70000363636363636363636363636363636363636363636363636363636363636363659
:20C72000363636363636363636363636363636363636363636363636363636363636363639
:20C74000363636363636363636363636363636363636363636363636363636363636363619
:20C760003636363636363636363636363636363636363636363636363636363636363636F9
:20C780003636363636363636363636363636363636363636363636363636363636363636D9
:20C7A0003636363636363636363636363636363636363636363636363636363636363636B9
:20C7C000363636363636363636363636363636363636363636363636363636363636363699
:20C7E000363636363636363636363636363636363636363636363636363636363636363679
:20C80000363636363636363636363636363636363636363636363636363636363636363658
:20C82000363636363636363636363636363636363636363636363636363636363636363638
:20C84000363636363636363636363636363636363636363636363636363636363636363618
:20C860003636363636363636363636363636363636363636363636363636363636363636F8
:20C880003636363636363636363636363636363636363636363636363636363636363636D8
:20C8A0003636363636363636363636363636363636363636363636363636363636363636B8
:20C8C000363636363636363636363636363636363636363636363636363636363636363698
:20C8E000363636363636363636363636363636363636363636363636363636363636363678
:20C90000363636363636363636363636363636363636363636363636363636363636363657
:20C92000363636363636363636363636363636363636363636363636363636363636363637
:20C94000363636363636363636363636363636363636363636363636363636363636363617
:20C960003636363636363636363636363636363636363636363636363636363636363636F7
:20C980003636363636363636363636363636363636363636363636363636363636363636D7
:20C9A0003636363636363636363636363636363636363636363636363636363636363636B7
:20C9C000363636363636363636363636363636363636363636363636363636363636363697
:20C9E000363636363636363636363636363636363636363636363636363636363636363677
:20CA0000363636363636363636363636363636363636363636363636363636363636363656
:20CA2000363636363636363636363636363636363636363636363636363636363636363636
:20CA4000363636363636363636363636363636363636363636363636363636363636363616
:20CA60003636363636363636363636363636363636363636363636363636363636363636F6
:20CA80003636363636363636363636363636363636363636363636363636363636363636D6
:20CAA0003636363636363636363636363636363636363636363636363636363636363636B6
:20CAC000363636363636363636363636363636363636363636363636363636363636363696
:20CAE000363636363636363636363636363636363636363636363636363636363636363676
:20CB0000363636363636363636363636363636363636363636363636363636363636363655
:20CB2000363636363636363636363636363636363636363636363636363636363636363635
:20CB4000363636363636363636363636363636363636363636363636363636363636363615
:20CB60003636363636363636363636363636363636363636363636363636363636363636F5
:20CB80003636363636363636363636363636363636363636363636363636363636363636D5
:20CBA0003636363636363636363636363636363636363636363636363636363636363636B5
:20CBC000363636363636363636363636363636363636363636363636363636363636363695
:20CBE000363636363636363636363636363636363636363636363636363636363636363675
:20CC0000363636363636363636363636363636363636363636363636363636363636363654
:20CC2000363636363636363636363636363636363636363636363636363636363636363634
:20CC4000363636363636363636363636363636363636363636363636363636363636363614
:20CC60003636363636363636363636363636363636363636363636363636363636363636F4
:20CC80003636363636363636363636363636363636363636363636363636363636363636D4
:20CCA0003636363636363636363636363636363636363636363636363636363636363636B4
:20CCC000363636363636363636363636363636363636363636363636363636363636363694
:20CCE000363636363636363636363636363636363636363636363636363636363636363674
:20CD0000363636363636363636363636363636363636363636363636363636363636363653
:20CD2000363636363636363636363636363636363636363636363636363636363636363633
:20CD4000363636363636363636363636363636363636363636363636363636363636363613
:20CD60003636363636363636363636363636363636363636363636363636363636363636F3
:20CD80003636363636363636363636363636363636363636363636363636363636363636D3
:20CDA0003636363636363636363636363636363636363636363636363636363636363636B3
:20CDC000363636363636363636363636363636363636363636363636363636363636363693
:20CDE000363636363636363636363636363636363636363636363636363636363636363673
:20CE0000363636363636363636363636363636363636363636363636363636363636363652
:20CE2000363636363636363636363636363636363636363636363636363636363636363632
:20CE4000363636363636363636363636363636363636363636363636363636363636363612
:20CE60003636363636363636363636363636363636363636363636363636363636363636F2
:20CE80003636363636363636363636363636363636363636363636363636363636363636D2
:20CEA0003636363636363636363636363636363636363636363636363636363636363636B2
:20CEC000363636363636363636363636363636363636363636363636363636363636363692
:20CEE000363636363636363636363636363636363636363636363636363636363636363672
:20CF0000363636363636363636363636363636363636363636363636363636363636363651
:20CF2000363636363636363636363636363636363636363636363636363636363636363631
:20CF4000363636363636363636363636363636363636363636363636363636363636363611
:20CF60003636363636363636363636363636363636363636363636363636363636363636F1
:20CF80003636363636363636363636363636363636363636363636363636363636363636D1
:20CFA0003636363636363636363636363636363636363636363636363636363636363636B1
:20CFC000363636363636363636363636363636363636363636363636363636363636363691
:20CFE000363636363636363636363636363636363636363636363636363636363636363671
:20D00000363636363636363636363636363636363636363636363636363636363636363650
:20D02000363636363636363636363636363636363636363636363636363636363636363630
:20D04000363636363636363636363636363636363636363636363636363636363636363610
:20D060003636363636363636363636363636363636363636363636363636363636363636F0
:20D080003636363636363636363636363636363636363636363636363636363636363636D0
:20D0A0003636363636363636363636363636363636363636363636363636363636363636B0
:20D0C000363636363636363636363636363636363636363636363636363636363636363690
:20D0E000363636363636363636363636363636363636363636363636363636363636363670
:20D1000036363636363636363636363636363636363636363636363636363636363636364F
:20D1200036363636363636363636363636363636363636363636363636363636363636362F
:20D1400036363636363636363636363636363636363636363636363636363636363636360F
:20D160003636363636363636363636363636363636363636363636363636363636363636EF
:20D180003636363636363636363636363636363636363636363636363636363636363636CF
:20D1A0003636363636363636363636363636363636363636363636363636363636363636AF
:20D1C00036363636363636363636363636363636363636363636363636363636363636368F
:20D1E00036363636363636363636363636363636363636363636363636363636363636366F
:20D2000036363636363636363636363636363636363636363636363636363636363636364E
:20D2200036363636363636363636363636363636363636363636363636363636363636362E
:20D2400036363636363636363636363636363636363636363636363636363636363636360E
:20D260003636363636363636363636363636363636363636363636363636363636363636EE
:20D280003636363636363636363636363636363636363636363636363636363636363636CE
:20D2A0003636363636363636363636363636363636363636363636363636363636363636AE
:20D2C00036363636363636363636363636363636363636363636363636363636363636368E
:20D2E00036363636363636363636363636363636363636363636363636363636363636366E
:20D3000036363636363636363636363636363636363636363636363636363636363636364D
:20D3200036363636363636363636363636363636363636363636363636363636363636362D
:20D3400036363636363636363636363636363636363636363636363636363636363636360D
:20D360003636363636363636363636363636363636363636363636363636363636363636ED
:20D380003636363636363636363636363636363636363636363636363636363636363636CD
:20D3A0003636363636363636363636363636363636363636363636363636363636363636AD
:20D3C00036363636363636363636363636363636363636363636363636363636363636368D
:20D3E00036363636363636363636363636363636363636363636363636363636363636366D
:20D4000036363636363636363636363636363636363636363636363636363636363636364C
:20D4200036363636363636363636363636363636363636363636363636363636363636362C
:20D4400036363636363636363636363636363636363636363636363636363636363636360C
:20D460003636363636363636363636363636363636363636363636363636363636363636EC
:20D480003636363636363636363636363636363636363636363636363636363636363636CC
:20D4A0003636363636363636363636363636363636363636363636363636363636363636AC
:20D4C00036363636363636363636363636363636363636363636363636363636363636368C
:20D4E00036363636363636363636363636363636363636363636363636363636363636366C
:20D5000036363636363636363636363636363636363636363636363636363636363636364B
:20D5200036363636363636363636363636363636363636363636363636363636363636362B
:20D5400036363636363636363636363636363636363636363636363636363636363636360B
:20D560003636363636363636363636363636363636363636363636363636363636363636EB
:20D580003636363636363636363636363636363636363636363636363636363636363636CB
:20D5A0003636363636363636363636363636363636363636363636363636363636363636AB
:20D5C00036363636363636363636363636363636363636363636363636363636363636368B
:20D5E00036363636363636363636363636363636363636363636363636363636363636366B
:20D6000036363636363636363636363636363636363636363636363636363636363636364A
:20D6200036363636363636363636363636363636363636363636363636363636363636362A
:20D6400036363636363636363636363636363636363636363636363636363636363636360A
:20D660003636363636363636363636363636363636363636363636363636363636363636EA
:20D680003636363636363636363636363636363636363636363636363636363636363636CA
:20D6A0003636363636363636363636363636363636363636363636363636363636363636AA
:20D6C00036363636363636363636363636363636363636363636363636363636363636368A
:20D6E00036363636363636363636363636363636363636363636363636363636363636366A
:20D70000363636363636363636363636363636363636363636363636363636363636363649
:20D72000363636363636363636363636363636363636363636363636363636363636363629
:20D74000363636363636363636363636363636363636363636363636363636363636363609
:20D760003636363636363636363636363636363636363636363636363636363636363636E9
:20D780003636363636363636363636363636363636363636363636363636363636363636C9
:20D7A0003636363636363636363636363636363636363636363636363636363636363636A9
:20D7C000363636363636363636363636363636363636363636363636363636363636363689
:20D7E000363636363636363636363636363636363636363636363636363636363636363669
:20D80000363636363636363636363636363636363636363636363636363636363636363648
:20D82000363636363636363636363636363636363636363636363636363636363636363628
:20D84000363636363636363636363636363636363636363636363636363636363636363608
:20D860003636363636363636363636363636363636363636363636363636363636363636E8
:20D880003636363636363636363636363636363636363636363636363636363636363636C8
:20D8A0003636363636363636363636363636363636363636363636363636363636363636A8
:20D8C000363636363636363636363636363636363636363636363636363636363636363688
:20D8E000363636363636363636363636363636363636363636363636363636363636363668
:20D90000363636363636363636363636363636363636363636363636363636363636363647
:20D92000363636363636363636363636363636363636363636363636363636363636363627
:20D94000363636363636363636363636363636363636363636363636363636363636363607
:20D960003636363636363636363636363636363636363636363636363636363636363636E7
:20D980003636363636363636363636363636363636363636363636363636363636363636C7
:20D9A0003636363636363636363636363636363636363636363636363636363636363636A7
:20D9C000363636363636363636363636363636363636363636363636363636363636363687
:20D9E000363636363636363636363636363636363636363636363636363636363636363667
:20DA0000363636363636363636363636363636363636363636363636363636363636363646
:20DA2000363636363636363636363636363636363636363636363636363636363636363626
:20DA4000363636363636363636363636363636363636363636363636363636363636363606
:20DA60003636363636363636363636363636363636363636363636363636363636363636E6
:20DA80003636363636363636363636363636363636363636363636363636363636363636C6
:20DAA0003636363636363636363636363636363636363636363636363636363636363636A6
:20DAC000363636363636363636363636363636363636363636363636363636363636363686
:20DAE000363636363636363636363636363636363636363636363636363636363636363666
:20DB0000363636363636363636363636363636363636363636363636363636363636363645
:20DB2000363636363636363636363636363636363636363636363636363636363636363625
:20DB4000363636363636363636363636363636363636363636363636363636363636363605
:20DB60003636363636363636363636363636363636363636363636363636363636363636E5
:20DB80003636363636363636363636363636363636363636363636363636363636363636C5
:20DBA0003636363636363636363636363636363636363636363636363636363636363636A5
:20DBC000363636363636363636363636363636363636363636363636363636363636363685
:20DBE000363636363636363636363636363636363636363636363636363636363636363665
:20DC0000363636363636363636363636363636363636363636363636363636363636363644
:20DC2000363636363636363636363636363636363636363636363636363636363636363624
:20DC4000363636363636363636363636363636363636363636363636363636363636363604
:20DC60003636363636363636363636363636363636363636363636363636363636363636E4
:20DC80003636363636363636363636363636363636363636363636363636363636363636C4
:20DCA0003636363636363636363636363636363636363636363636363636363636363636A4
:20DCC000363636363636363636363636363636363636363636363636363636363636363684
:20DCE000363636363636363636363636363636363636363636363636363636363636363664
:20DD0000363636363636363636363636363636363636363636363636363636363636363643
:20DD2000363636363636363636363636363636363636363636363636363636363636363623
:20DD4000363636363636363636363636363636363636363636363636363636363636363603
:20DD60003636363636363636363636363636363636363636363636363636363636363636E3
:20DD80003636363636363636363636363636363636363636363636363636363636363636C3
:20DDA0003636363636363636363636363636363636363636363636363636363636363636A3
:20DDC000363636363636363636363636363636363636363636363636363636363636363683
:20DDE000363636363636363636363636363636363636363636363636363636363636363663
:20DE0000363636363636363636363636363636363636363636363636363636363636363642
:20DE2000363636363636363636363636363636363636363636363636363636363636363622
:20DE4000363636363636363636363636363636363636363636363636363636363636363602
:20DE60003636363636363636363636363636363636363636363636363636363636363636E2
:20DE80003636363636363636363636363636363636363636363636363636363636363636C2
:20DEA0003636363636363636363636363636363636363636363636363636363636363636A2
:20DEC000363636363636363636363636363636363636363636363636363636363636363682
:20DEE000363636363636363636363636363636363636363636363636363636363636363662
:20DF0000363636363636363636363636363636363636363636363636363636363636363641
:20DF2000363636363636363636363636363636363636363636363636363636363636363621
:20DF4000363636363636363636363636363636363636363636363636363636363636363601
:20DF60003636363636363636363636363636363636363636363636363636363636363636E1
:20DF80003636363636363636363636363636363636363636363636363636363636363636C1
:20DFA0003636363636363636363636363636363636363636363636363636363636363636A1
:20DFC000363636363636363636363636363636363636363636363636363636363636363681
:20DFE000363636363636363636363636363636363636363636363636363636363636363661
:20E00000363636363636363636363636363636363636363636363636363636363636363640
:20E02000363636363636363636363636363636363636363636363636363636363636363620
:20E04000363636363636363636363636363636363636363636363636363636363636363600
:20E060003636363636363636363636363636363636363636363636363636363636363636E0
:20E080003636363636363636363636363636363636363636363636363636363636363636C0
:20E0A0003636363636363636363636363636363636363636363636363636363636363636A0
:20E0C000363636363636363636363636363636363636363636363636363636363636363680
:20E0E000363636363636363636363636363636363636363636363636363636363636363660
:20E1000036363636363636363636363636363636363636363636363636363636363636363F
:20E1200036363636363636363636363636363636363636363636363636363636363636361F
:20E140003636363636363636363636363636363636363636363636363636363636363636FF
:20E160003636363636363636363636363636363636363636363636363636363636363636DF
:20E180003636363636363636363636363636363636363636363636363636363636363636BF
:20E1A00036363636363636363636363636363636363636363636363636363636363636369F
:20E1C00036363636363636363636363636363636363636363636363636363636363636367F
:20E1E00036363636363636363636363636363636363636363636363636363636363636365F
:20E2000036363636363636363636363636363636363636363636363636363636363636363E
:20E2200036363636363636363636363636363636363636363636363636363636363636361E
:20E240003636363636363636363636363636363636363636363636363636363636363636FE
:20E260003636363636363636363636363636363636363636363636363636363636363636DE
:20E280003636363636363636363636363636363636363636363636363636363636363636BE
:20E2A00036363636363636363636363636363636363636363636363636363636363636369E
:20E2C00036363636363636363636363636363636363636363636363636363636363636367E
:20E2E00036363636363636363636363636363636363636363636363636363636363636365E
:20E3000036363636363636363636363636363636363636363636363636363636363636363D
:20E3200036363636363636363636363636363636363636363636363636363636363636361D
:20E340003636363636363636363636363636363636363636363636363636363636363636FD
:20E360003636363636363636363636363636363636363636363636363636363636363636DD
:20E380003636363636363636363636363636363636363636363636363636363636363636BD
:20E3A00036363636363636363636363636363636363636363636363636363636363636369D
:20E3C00036363636363636363636363636363636363636363636363636363636363636367D
:20E3E00036363636363636363636363636363636363636363636363636363636363636365D
:20E4000036363636363636363636363636363636363636363636363636363636363636363C
:20E4200036363636363636363636363636363636363636363636363636363636363636361C
:20E440003636363636363636363636363636363636363636363636363636363636363636FC
:20E460003636363636363636363636363636363636363636363636363636363636363636DC
:20E480003636363636363636363636363636363636363636363636363636363636363636BC
:20E4A00036363636363636363636363636363636363636363636363636363636363636369C
:20E4C00036363636363636363636363636363636363636363636363636363636363636367C
:20E4E00036363636363636363636363636363636363636363636363636363636363636365C
:20E5000036363636363636363636363636363636363636363636363636363636363636363B
:20E5200036363636363636363636363636363636363636363636363636363636363636361B
:20E540003636363636363636363636363636363636363636363636363636363636363636FB
:20E560003636363636363636363636363636363636363636363636363636363636363636DB
:20E580003636363636363636363636363636363636363636363636363636363636363636BB
:20E5A00036363636363636363636363636363636363636363636363636363636363636369B
:20E5C00036363636363636363636363636363636363636363636363636363636363636367B
:20E5E00036363636363636363636363636363636363636363636363636363636363636365B
:20E6000036363636363636363636363636363636363636363636363636363636363636363A
:20E6200036363636363636363636363636363636363636363636363636363636363636361A
:20E640003636363636363636363636363636363636363636363636363636363636363636FA
:20E660003636363636363636363636363636363636363636363636363636363636363636DA
:20E680003636363636363636363636363636363636363636363636363636363636363636BA
:20E6A00036363636363636363636363636363636363636363636363636363636363636369A
:20E6C00036363636363636363636363636363636363636363636363636363636363636367A
:20E6E00036363636363636363636363636363636363636363636363636363636363636365A
:20E70000363636363636363636363636363636363636363636363636363636363636363639
:20E72000363636363636363636363636363636363636363636363636363636363636363619
:20E740003636363636363636363636363636363636363636363636363636363636363636F9
:20E760003636363636363636363636363636363636363636363636363636363636363636D9
:20E780003636363636363636363636363636363636363636363636363636363636363636B9
:20E7A000363636363636363636363636363636363636363636363636363636363636363699
:20E7C000363636363636363636363636363636363636363636363636363636363636363679
:20E7E000363636363636363636363636363636363636363636363636363636363636363659
:20E80000363636363636363636363636363636363636363636363636363636363636363638
:20E82000363636363636363636363636363636363636363636363636363636363636363618
:20E840003636363636363636363636363636363636363636363636363636363636363636F8
:20E860003636363636363636363636363636363636363636363636363636363636363636D8
:20E880003636363636363636363636363636363636363636363636363636363636363636B8
:20E8A000363636363636363636363636363636363636363636363636363636363636363698
:20E8C000363636363636363636363636363636363636363636363636363636363636363678
:20E8E000363636363636363636363636363636363636363636363636363636363636363658
:20E90000363636363636363636363636363636363636363636363636363636363636363637
:20E92000363636363636363636363636363636363636363636363636363636363636363617
:20E940003636363636363636363636363636363636363636363636363636363636363636F7
:20E960003636363636363636363636363636363636363636363636363636363636363636D7
:20E980003636363636363636363636363636363636363636363636363636363636363636B7
:20E9A000363636363636363636363636363636363636363636363636363636363636363697
:20E9C000363636363636363636363636363636363636363636363636363636363636363677
:20E9E000363636363636363636363636363636363636363636363636363636363636363657
:20EA0000363636363636363636363636363636363636363636363636363636363636363636
:20EA2000363636363636363636363636363636363636363636363636363636363636363616
:20EA40003636363636363636363636363636363636363636363636363636363636363636F6
:20EA60003636363636363636363636363636363636363636363636363636363636363636D6
:20EA80003636363636363636363636363636363636363636363636363636363636363636B6
:20EAA000363636363636363636363636363636363636363636363636363636363636363696
:20EAC000363636363636363636363636363636363636363636363636363636363636363676
:20EAE000363636363636363636363636363636363636363636363636363636363636363656
:20EB0000363636363636363636363636363636363636363636363636363636363636363635
:20EB2000363636363636363636363636363636363636363636363636363636363636363615
:20EB40003636363636363636363636363636363636363636363636363636363636363636F5
:20EB60003636363636363636363636363636363636363636363636363636363636363636D5
:20EB80003636363636363636363636363636363636363636363636363636363636363636B5
:20EBA000363636363636363636363636363636363636363636363636363636363636363695
:20EBC000363636363636363636363636363636363636363636363636363636363636363675
:20EBE000363636363636363636363636363636363636363636363636363636363636363655
:20EC0000363636363636363636363636363636363636363636363636363636363636363634
:20EC2000363636363636363636363636363636363636363636363636363636363636363614
:20EC40003636363636363636363636363636363636363636363636363636363636363636F4
:20EC60003636363636363636363636363636363636363636363636363636363636363636D4
:20EC80003636363636363636363636363636363636363636363636363636363636363636B4
:20ECA000363636363636363636363636363636363636363636363636363636363636363694
:20ECC000363636363636363636363636363636363636363636363636363636363636363674
:20ECE000363636363636363636363636363636363636363636363636363636363636363654
:20ED0000363636363636363636363636363636363636363636363636363636363636363633
:20ED2000363636363636363636363636363636363636363636363636363636363636363613
:20ED40003636363636363636363636363636363636363636363636363636363636363636F3
:20ED60003636363636363636363636363636363636363636363636363636363636363636D3
:20ED80003636363636363636363636363636363636363636363636363636363636363636B3
:20EDA000363636363636363636363636363636363636363636363636363636363636363693
:20EDC000363636363636363636363636363636363636363636363636363636363636363673
:20EDE000363636363636363636363636363636363636363636363636363636363636363653
:20EE0000363636363636363636363636363636363636363636363636363636363636363632
:20EE2000363636363636363636363636363636363636363636363636363636363636363612
:20EE40003636363636363636363636363636363636363636363636363636363636363636F2
:20EE60003636363636363636363636363636363636363636363636363636363636363636D2
:20EE80003636363636363636363636363636363636363636363636363636363636363636B2
:20EEA000363636363636363636363636363636363636363636363636363636363636363692
:20EEC000363636363636363636363636363636363636363636363636363636363636363672
:20EEE000363636363636363636363636363636363636363636363636363636363636363652
:20EF0000363636363636363636363636363636363636363636363636363636363636363631
:20EF2000363636363636363636363636363636363636363636363636363636363636363611
:20EF40003636363636363636363636363636363636363636363636363636363636363636F1
:20EF60003636363636363636363636363636363636363636363636363636363636363636D1
:20EF80003636363636363636363636363636363636363636363636363636363636363636B1
:20EFA000363636363636363636363636363636363636363636363636363636363636363691
:20EFC000363636363636363636363636363636363636363636363636363636363636363671
:20EFE000363636363636363636363636363636363636363636363636363636363636363651
:20F00000363636363636363636363636363636363636363636363636363636363636363630
:20F02000363636363636363636363636363636363636363636363636363636363636363610
:20F040003636363636363636363636363636363636363636363636363636363636363636F0
:20F060003636363636363636363636363636363636363636363636363636363636363636D0
:20F080003636363636363636363636363636363636363636363636363636363636363636B0
:20F0A000363636363636363636363636363636363636363636363636363636363636363690
:20F0C000363636363636363636363636363636363636363636363636363636363636363670
:20F0E000363636363636363636363636363636363636363636363636363636363636363650
:20F1000036363636363636363636363636363636363636363636363636363636363636362F
:20F1200036363636363636363636363636363636363636363636363636363636363636360F
:20F140003636363636363636363636363636363636363636363636363636363636363636EF
:20F160003636363636363636363636363636363636363636363636363636363636363636CF
:20F180003636363636363636363636363636363636363636363636363636363636363636AF
:20F1A00036363636363636363636363636363636363636363636363636363636363636368F
:20F1C00036363636363636363636363636363636363636363636363636363636363636366F
:20F1E00036363636363636363636363636363636363636363636363636363636363636364F
:20F2000036363636363636363636363636363636363636363636363636363636363636362E
:20F2200036363636363636363636363636363636363636363636363636363636363636360E
:20F240003636363636363636363636363636363636363636363636363636363636363636EE
:20F260003636363636363636363636363636363636363636363636363636363636363636CE
:20F280003636363636363636363636363636363636363636363636363636363636363636AE
:20F2A00036363636363636363636363636363636363636363636363636363636363636368E
:20F2C00036363636363636363636363636363636363636363636363636363636363636366E
:20F2E00036363636363636363636363636363636363636363636363636363636363636364E
:20F3000036363636363636363636363636363636363636363636363636363636363636362D
:20F3200036363636363636363636363636363636363636363636363636363636363636360D
:20F340003636363636363636363636363636363636363636363636363636363636363636ED
:20F360003636363636363636363636363636363636363636363636363636363636363636CD
:20F380003636363636363636363636363636363636363636363636363636363636363636AD
:20F3A00036363636363636363636363636363636363636363636363636363636363636368D
:20F3C00036363636363636363636363636363636363636363636363636363636363636366D
:20F3E00036363636363636363636363636363636363636363636363636363636363636364D
:20F4000036363636363636363636363636363636363636363636363636363636363636362C
:20F4200036363636363636363636363636363636363636363636363636363636363636360C
:20F440003636363636363636363636363636363636363636363636363636363636363636EC
:20F460003636363636363636363636363636363636363636363636363636363636363636CC
:20F480003636363636363636363636363636363636363636363636363636363636363636AC
:20F4A00036363636363636363636363636363636363636363636363636363636363636368C
:20F4C00036363636363636363636363636363636363636363636363636363636363636366C
:20F4E00036363636363636363636363636363636363636363636363636363636363636364C
:20F5000036363636363636363636363636363636363636363636363636363636363636362B
:20F5200036363636363636363636363636363636363636363636363636363636363636360B
:20F540003636363636363636363636363636363636363636363636363636363636363636EB
:20F560003636363636363636363636363636363636363636363636363636363636363636CB
:20F580003636363636363636363636363636363636363636363636363636363636363636AB
:20F5A00036363636363636363636363636363636363636363636363636363636363636368B
:20F5C00036363636363636363636363636363636363636363636363636363636363636366B
:20F5E00036363636363636363636363636363636363636363636363636363636363636364B
:20F6000036363636363636363636363636363636363636363636363636363636363636362A
:20F6200036363636363636363636363636363636363636363636363636363636363636360A
:20F640003636363636363636363636363636363636363636363636363636363636363636EA
:20F660003636363636363636363636363636363636363636363636363636363636363636CA
:20F680003636363636363636363636363636363636363636363636363636363636363636AA
:20F6A00036363636363636363636363636363636363636363636363636363636363636368A
:20F6C00036363636363636363636363636363636363636363636363636363636363636366A
:20F6E00036363636363636363636363636363636363636363636363636363636363636364A
:20F70000363636363636363636363636363636363636363636363636363636363636363629
:20F72000363636363636363636363636363636363636363636363636363636363636363609
:20F740003636363636363636363636363636363636363636363636363636363636363636E9
:20F760003636363636363636363636363636363636363636363636363636363636363636C9
:20F780003636363636363636363636363636363636363636363636363636363636363636A9
:20F7A000363636363636363636363636363636363636363636363636363636363636363689
:20F7C000363636363636363636363636363636363636363636363636363636363636363669
:20F7E000363636363636363636363636363636363636363636363636363636363636363649
:20F80000363636363636363636363636363636363636363636363636363636363636363628
:20F82000363636363636363636363636363636363636363636363636363636363636363608
:20F840003636363636363636363636363636363636363636363636363636363636363636E8
:20F860003636363636363636363636363636363636363636363636363636363636363636C8
:20F880003636363636363636363636363636363636363636363636363636363636363636A8
:20F8A000363636363636363636363636363636363636363636363636363636363636363688
:20F8C000363636363636363636363636363636363636363636363636363636363636363668
:20F8E000363636363636363636363636363636363636363636363636363636363636363648
:20F90000363636363636363636363636363636363636363636363636363636363636363627
:20F92000363636363636363636363636363636363636363636363636363636363636363607
:20F940003636363636363636363636363636363636363636363636363636363636363636E7
:20F960003636363636363636363636363636363636363636363636363636363636363636C7
:20F980003636363636363636363636363636363636363636363636363636363636363636A7
:20F9A000363636363636363636363636363636363636363636363636363636363636363687
:20F9C000363636363636363636363636363636363636363636363636363636363636363667
:20F9E000363636363636363636363636363636363636363636363636363636363636363647
:20FA0000363636363636363636363636363636363636363636363636363636363636363626
:20FA2000363636363636363636363636363636363636363636363636363636363636363606
:20FA40003636363636363636363636363636363636363636363636363636363636363636E6
:20FA60003636363636363636363636363636363636363636363636363636363636363636C6
:20FA80003636363636363636363636363636363636363636363636363636363636363636A6
:20FAA000363636363636363636363636363636363636363636363636363636363636363686
:20FAC000363636363636363636363636363636363636363636363636363636363636363666
:20FAE000363636363636363636363636363636363636363636363636363636363636363646
:20FB0000363636363636363636363636363636363636363636363636363636363636363625
:20FB2000363636363636363636363636363636363636363636363636363636363636363605
:20FB40003636363636363636363636363636363636363636363636363636363636363636E5
:20FB60003636363636363636363636363636363636363636363636363636363636363636C5
:20FB80003636363636363636363636363636363636363636363636363636363636363636A5
:20FBA000363636363636363636363636363636363636363636363636363636363636363685
:20FBC000363636363636363636363636363636363636363636363636363636363636363665
:20FBE000363636363636363636363636363636363636363636363636363636363636363645
:20FC0000363636363636363636363636363636363636363636363636363636363636363624
:20FC2000363636363636363636363636363636363636363636363636363636363636363604
:20FC40003636363636363636363636363636363636363636363636363636363636363636E4
:20FC60003636363636363636363636363636363636363636363636363636363636363636C4
:20FC80003636363636363636363636363636363636363636363636363636363636363636A4
:20FCA000363636363636363636363636363636363636363636363636363636363636363684
:20FCC000363636363636363636363636363636363636363636363636363636363636363664
:20FCE000363636363636363636363636363636363636363636363636363636363636363644
:20FD0000363636363636363636363636363636363636363636363636363636363636363623
:20FD2000363636363636363636363636363636363636363636363636363636363636363603
:20FD40003636363636363636363636363636363636363636363636363636363636363636E3
:20FD60003636363636363636363636363636363636363636363636363636363636363636C3
:20FD80003636363636363636363636363636363636363636363636363636363636363636A3
:20FDA000363636363636363636363636363636363636363636363636363636363636363683
:20FDC000363636363636363636363636363636363636363636363636363636363636363663
:20FDE000363636363636363636363636363636363636363636363636363636363636363643
:20FE0000363636363636363636363636363636363636363636363636363636363636363622
:20FE2000363636363636363636363636363636363636363636363636363636363636363602
:20FE40003636363636363636363636363636363636363636363636363636363636363636E2
:20FE60003636363636363636363636363636363636363636363636363636363636363636C2
:20FE80003636363636363636363636363636363636363636363636363636363636363636A2
:20FEA000363636363636363636363636363636363636363636363636363636363636363682
:20FEC000363636363636363636363636363636363636363636363636363636363636363662
:20FEE000363636363636363636363636363636363636363636363636363636363636363642
:20FF0000363636363636363636363636363636363636363636363636363636363636363621
:20FF2000363636363636363636363636363636363636363636363636363636363636363601
:20FF40003636363636363636363636363636363636363636363636363636363636363636E1
:20FF60003636363636363636363636363636363636363636363636363636363636363636C1
:20FF80003636363636363636363636363636363636363636363636363636363636363636A1
:20FFA000363636363636363636363636363636363636363636363636363636363636363681
:20FFC000363636363636363636363636363636363636363636363636363636363636363661
:20FFE000363636363636363636363636363636363636363636363636363636363636363641
:02000004803347
:20000000363636363636363636363636363636363636363636363636363636363636363620
:20002000363636363636363636363636363636363636363636363636363636363636363600
:200040003636363636363636363636363636363636363636363636363636363636363636E0
:200060003636363636363636363636363636363636363636363636363636363636363636C0
:200080003636363636363636363636363636363636363636363636363636363636363636A0
:2000A000363636363636363636363636363636363636363636363636363636363636363680
:2000C000363636363636363636363636363636363636363636363636363636363636363660
:2000E000363636363636363636363636363636363636363636363636363636363636363640
:2001000036363636363636363636363636363636363636363636363636363636363636361F
:200120003636363636363636363636363636363636363636363636363636363636363636FF
:200140003636363636363636363636363636363636363636363636363636363636363636DF
:200160003636363636363636363636363636363636363636363636363636363636363636BF
:2001800036363636363636363636363636363636363636363636363636363636363636369F
:2001A00036363636363636363636363636363636363636363636363636363636363636367F
:2001C00036363636363636363636363636363636363636363636363636363636363636365F
:2001E00036363636363636363636363636363636363636363636363636363636363636363F
:2002000036363636363636363636363636363636363636363636363636363636363636361E
:200220003636363636363636363636363636363636363636363636363636363636363636FE
:200240003636363636363636363636363636363636363636363636363636363636363636DE
:200260003636363636363636363636363636363636363636363636363636363636363636BE
:2002800036363636363636363636363636363636363636363636363636363636363636369E
:2002A00036363636363636363636363636363636363636363636363636363636363636367E
:2002C00036363636363636363636363636363636363636363636363636363636363636365E
:2002E00036363636363636363636363636363636363636363636363636363636363636363E
:2003000036363636363636363636363636363636363636363636363636363636363636361D
:200320003636363636363636363636363636363636363636363636363636363636363636FD
:200340003636363636363636363636363636363636363636363636363636363636363636DD
:200360003636363636363636363636363636363636363636363636363636363636363636BD
:2003800036363636363636363636363636363636363636363636363636363636363636369D
:2003A00036363636363636363636363636363636363636363636363636363636363636367D
:2003C00036363636363636363636363636363636363636363636363636363636363636365D
:2003E00036363636363636363636363636363636363636363636363636363636363636363D
:2004000036363636363636363636363636363636363636363636363636363636363636361C
:200420003636363636363636363636363636363636363636363636363636363636363636FC
:200440003636363636363636363636363636363636363636363636363636363636363636DC
:200460003636363636363636363636363636363636363636363636363636363636363636BC
:2004800036363636363636363636363636363636363636363636363636363636363636369C
:2004A00036363636363636363636363636363636363636363636363636363636363636367C
:2004C00036363636363636363636363636363636363636363636363636363636363636365C
:2004E00036363636363636363636363636363636363636363636363636363636363636363C
:2005000036363636363636363636363636363636363636363636363636363636363636361B
:200520003636363636363636363636363636363636363636363636363636363636363636FB
:200540003636363636363636363636363636363636363636363636363636363636363636DB
:200560003636363636363636363636363636363636363636363636363636363636363636BB
:2005800036363636363636363636363636363636363636363636363636363636363636369B
:2005A00036363636363636363636363636363636363636363636363636363636363636367B
:2005C00036363636363636363636363636363636363636363636363636363636363636365B
:2005E00036363636363636363636363636363636363636363636363636363636363636363B
:2006000036363636363636363636363636363636363636363636363636363636363636361A
:200620003636363636363636363636363636363636363636363636363636363636363636FA
:200640003636363636363636363636363636363636363636363636363636363636363636DA
:200660003636363636363636363636363636363636363636363636363636363636363636BA
:2006800036363636363636363636363636363636363636363636363636363636363636369A
:2006A00036363636363636363636363636363636363636363636363636363636363636367A
:2006C00036363636363636363636363636363636363636363636363636363636363636365A
:2006E00036363636363636363636363636363636363636363636363636363636363636363A
:20070000363636363636363636363636363636363636363636363636363636363636363619
:200720003636363636363636363636363636363636363636363636363636363636363636F9
:200740003636363636363636363636363636363636363636363636363636363636363636D9
:200760003636363636363636363636363636363636363636363636363636363636363636B9
:20078000363636363636363636363636363636363636363636363636363636363636363699
:2007A000363636363636363636363636363636363636363636363636363636363636363679
:2007C000363636363636363636363636363636363636363636363636363636363636363659
:2007E000363636363636363636363636363636363636363636363636363636363636363639
:20080000363636363636363636363636363636363636363636363636363636363636363618
:200820003636363636363636363636363636363636363636363636363636363636363636F8
:200840003636363636363636363636363636363636363636363636363636363636363636D8
:200860003636363636363636363636363636363636363636363636363636363636363636B8
:20088000363636363636363636363636363636363636363636363636363636363636363698
:2008A000363636363636363636363636363636363636363636363636363636363636363678
:2008C000363636363636363636363636363636363636363636363636363636363636363658
:2008E000363636363636363636363636363636363636363636363636363636363636363638
:20090000363636363636363636363636363636363636363636363636363636363636363617
:200920003636363636363636363636363636363636363636363636363636363636363636F7
:200940003636363636363636363636363636363636363636363636363636363636363636D7
:200960003636363636363636363636363636363636363636363636363636363636363636B7
:20098000363636363636363636363636363636363636363636363636363636363636363697
:2009A000363636363636363636363636363636363636363636363636363636363636363677
:2009C000363636363636363636363636363636363636363636363636363636363636363657
:2009E000363636363636363636363636363636363636363636363636363636363636363637
:200A0000363636363636363636363636363636363636363636363636363636363636363616
:200A20003636363636363636363636363636363636363636363636363636363636363636F6
:200A40003636363636363636363636363636363636363636363636363636363636363636D6
:200A60003636363636363636363636363636363636363636363636363636363636363636B6
:200A8000363636363636363636363636363636363636363636363636363636363636363696
:200AA000363636363636363636363636363636363636363636363636363636363636363676
:200AC000363636363636363636363636363636363636363636363636363636363636363656
:200AE000363636363636363636363636363636363636363636363636363636363636363636
:200B0000363636363636363636363636363636363636363636363636363636363636363615
:200B20003636363636363636363636363636363636363636363636363636363636363636F5
:200B40003636363636363636363636363636363636363636363636363636363636363636D5
:200B60003636363636363636363636363636363636363636363636363636363636363636B5
:200B8000363636363636363636363636363636363636363636363636363636363636363695
:200BA000363636363636363636363636363636363636363636363636363636363636363675
:200BC000363636363636363636363636363636363636363636363636363636363636363655
:200BE000363636363636363636363636363636363636363636363636363636363636363635
:200C0000363636363636363636363636363636363636363636363636363636363636363614
:200C20003636363636363636363636363636363636363636363636363636363636363636F4
:200C40003636363636363636363636363636363636363636363636363636363636363636D4
:200C60003636363636363636363636363636363636363636363636363636363636363636B4
:200C8000363636363636363636363636363636363636363636363636363636363636363694
:200CA000363636363636363636363636363636363636363636363636363636363636363674
:200CC000363636363636363636363636363636363636363636363636363636363636363654
:200CE000363636363636363636363636363636363636363636363636363636363636363634
:200D0000363636363636363636363636363636363636363636363636363636363636363613
:200D20003636363636363636363636363636363636363636363636363636363636363636F3
:200D40003636363636363636363636363636363636363636363636363636363636363636D3
:200D60003636363636363636363636363636363636363636363636363636363636363636B3
:200D8000363636363636363636363636363636363636363636363636363636363636363693
:200DA000363636363636363636363636363636363636363636363636363636363636363673
:200DC000363636363636363636363636363636363636363636363636363636363636363653
:200DE000363636363636363636363636363636363636363636363636363636363636363633
:200E0000363636363636363636363636363636363636363636363636363636363636363612
:200E20003636363636363636363636363636363636363636363636363636363636363636F2
:200E40003636363636363636363636363636363636363636363636363636363636363636D2
:200E60003636363636363636363636363636363636363636363636363636363636363636B2
:200E8000363636363636363636363636363636363636363636363636363636363636363692
:200EA000363636363636363636363636363636363636363636363636363636363636363672
:200EC000363636363636363636363636363636363636363636363636363636363636363652
:200EE000363636363636363636363636363636363636363636363636363636363636363632
:200F0000363636363636363636363636363636363636363636363636363636363636363611
:200F20003636363636363636363636363636363636363636363636363636363636363636F1
:200F40003636363636363636363636363636363636363636363636363636363636363636D1
:200F60003636363636363636363636363636363636363636363636363636363636363636B1
:200F8000363636363636363636363636363636363636363636363636363636363636363691
:200FA000363636363636363636363636363636363636363636363636363636363636363671
:200FC000363636363636363636363636363636363636363636363636363636363636363651
:200FE000363636363636363636363636363636363636363636363636363636363636363631
:20100000363636363636363636363636363636363636363636363636363636363636363610
:201020003636363636363636363636363636363636363636363636363636363636363636F0
:201040003636363636363636363636363636363636363636363636363636363636363636D0
:201060003636363636363636363636363636363636363636363636363636363636363636B0
:20108000363636363636363636363636363636363636363636363636363636363636363690
:2010A000363636363636363636363636363636363636363636363636363636363636363670
:2010C000363636363636363636363636363636363636363636363636363636363636363650
:2010E000363636363636363636363636363636363636363636363636363636363636363630
:2011000036363636363636363636363636363636363636363636363636363636363636360F
:201120003636363636363636363636363636363636363636363636363636363636363636EF
:201140003636363636363636363636363636363636363636363636363636363636363636CF
:201160003636363636363636363636363636363636363636363636363636363636363636AF
:2011800036363636363636363636363636363636363636363636363636363636363636368F
:2011A00036363636363636363636363636363636363636363636363636363636363636366F
:2011C00036363636363636363636363636363636363636363636363636363636363636364F
:2011E00036363636363636363636363636363636363636363636363636363636363636362F
:2012000036363636363636363636363636363636363636363636363636363636363636360E
:201220003636363636363636363636363636363636363636363636363636363636363636EE
:201240003636363636363636363636363636363636363636363636363636363636363636CE
:201260003636363636363636363636363636363636363636363636363636363636363636AE
:2012800036363636363636363636363636363636363636363636363636363636363636368E
:2012A00036363636363636363636363636363636363636363636363636363636363636366E
:2012C00036363636363636363636363636363636363636363636363636363636363636364E
:2012E00036363636363636363636363636363636363636363636363636363636363636362E
:2013000036363636363636363636363636363636363636363636363636363636363636360D
:201320003636363636363636363636363636363636363636363636363636363636363636ED
:201340003636363636363636363636363636363636363636363636363636363636363636CD
:201360003636363636363636363636363636363636363636363636363636363636363636AD
:2013800036363636363636363636363636363636363636363636363636363636363636368D
:2013A00036363636363636363636363636363636363636363636363636363636363636366D
:2013C00036363636363636363636363636363636363636363636363636363636363636364D
:2013E00036363636363636363636363636363636363636363636363636363636363636362D
:2014000036363636363636363636363636363636363636363636363636363636363636360C
:201420003636363636363636363636363636363636363636363636363636363636363636EC
:201440003636363636363636363636363636363636363636363636363636363636363636CC
:201460003636363636363636363636363636363636363636363636363636363636363636AC
:2014800036363636363636363636363636363636363636363636363636363636363636368C
:2014A00036363636363636363636363636363636363636363636363636363636363636366C
:2014C00036363636363636363636363636363636363636363636363636363636363636364C
:2014E00036363636363636363636363636363636363636363636363636363636363636362C
:2015000036363636363636363636363636363636363636363636363636363636363636360B
:201520003636363636363636363636363636363636363636363636363636363636363636EB
:201540003636363636363636363636363636363636363636363636363636363636363636CB
:201560003636363636363636363636363636363636363636363636363636363636363636AB
:2015800036363636363636363636363636363636363636363636363636363636363636368B
:2015A00036363636363636363636363636363636363636363636363636363636363636366B
:2015C00036363636363636363636363636363636363636363636363636363636363636364B
:2015E00036363636363636363636363636363636363636363636363636363636363636362B
:2016000036363636363636363636363636363636363636363636363636363636363636360A
:201620003636363636363636363636363636363636363636363636363636363636363636EA
:201640003636363636363636363636363636363636363636363636363636363636363636CA
:201660003636363636363636363636363636363636363636363636363636363636363636AA
:2016800036363636363636363636363636363636363636363636363636363636363636368A
:2016A00036363636363636363636363636363636363636363636363636363636363636366A
:2016C00036363636363636363636363636363636363636363636363636363636363636364A
:2016E00036363636363636363636363636363636363636363636363636363636363636362A
:20170000363636363636363636363636363636363636363636363636363636363636363609
:201720003636363636363636363636363636363636363636363636363636363636363636E9
:201740003636363636363636363636363636363636363636363636363636363636363636C9
:201760003636363636363636363636363636363636363636363636363636363636363636A9
:20178000363636363636363636363636363636363636363636363636363636363636363689
:2017A000363636363636363636363636363636363636363636363636363636363636363669
:2017C000363636363636363636363636363636363636363636363636363636363636363649
:2017E000363636363636363636363636363636363636363636363636363636363636363629
:20180000363636363636363636363636363636363636363636363636363636363636363608
:201820003636363636363636363636363636363636363636363636363636363636363636E8
:201840003636363636363636363636363636363636363636363636363636363636363636C8
:201860003636363636363636363636363636363636363636363636363636363636363636A8
:20188000363636363636363636363636363636363636363636363636363636363636363688
:2018A000363636363636363636363636363636363636363636363636363636363636363668
:2018C000363636363636363636363636363636363636363636363636363636363636363648
:2018E000363636363636363636363636363636363636363636363636363636363636363628
:20190000363636363636363636363636363636363636363636363636363636363636363607
:201920003636363636363636363636363636363636363636363636363636363636363636E7
:201940003636363636363636363636363636363636363636363636363636363636363636C7
:201960003636363636363636363636363636363636363636363636363636363636363636A7
:20198000363636363636363636363636363636363636363636363636363636363636363687
:2019A000363636363636363636363636363636363636363636363636363636363636363667
:2019C000363636363636363636363636363636363636363636363636363636363636363647
:2019E000363636363636363636363636363636363636363636363636363636363636363627
:201A0000363636363636363636363636363636363636363636363636363636363636363606
:201A20003636363636363636363636363636363636363636363636363636363636363636E6
:201A40003636363636363636363636363636363636363636363636363636363636363636C6
:201A60003636363636363636363636363636363636363636363636363636363636363636A6
:201A8000363636363636363636363636363636363636363636363636363636363636363686
:201AA000363636363636363636363636363636363636363636363636363636363636363666
:201AC000363636363636363636363636363636363636363636363636363636363636363646
:201AE000363636363636363636363636363636363636363636363636363636363636363626
:201B0000363636363636363636363636363636363636363636363636363636363636363605
:201B20003636363636363636363636363636363636363636363636363636363636363636E5
:201B40003636363636363636363636363636363636363636363636363636363636363636C5
:201B60003636363636363636363636363636363636363636363636363636363636363636A5
:201B8000363636363636363636363636363636363636363636363636363636363636363685
:201BA000363636363636363636363636363636363636363636363636363636363636363665
:201BC000363636363636363636363636363636363636363636363636363636363636363645
:201BE000363636363636363636363636363636363636363636363636363636363636363625
:201C0000363636363636363636363636363636363636363636363636363636363636363604
:201C20003636363636363636363636363636363636363636363636363636363636363636E4
:201C40003636363636363636363636363636363636363636363636363636363636363636C4
:201C60003636363636363636363636363636363636363636363636363636363636363636A4
:201C8000363636363636363636363636363636363636363636363636363636363636363684
:201CA000363636363636363636363636363636363636363636363636363636363636363664
:201CC000363636363636363636363636363636363636363636363636363636363636363644
:201CE000363636363636363636363636363636363636363636363636363636363636363624
:201D0000363636363636363636363636363636363636363636363636363636363636363603
:201D20003636363636363636363636363636363636363636363636363636363636363636E3
:201D40003636363636363636363636363636363636363636363636363636363636363636C3
:201D60003636363636363636363636363636363636363636363636363636363636363636A3
:201D8000363636363636363636363636363636363636363636363636363636363636363683
:201DA000363636363636363636363636363636363636363636363636363636363636363663
:201DC000363636363636363636363636363636363636363636363636363636363636363643
:201DE000363636363636363636363636363636363636363636363636363636363636363623
:201E0000363636363636363636363636363636363636363636363636363636363636363602
:201E20003636363636363636363636363636363636363636363636363636363636363636E2
:201E40003636363636363636363636363636363636363636363636363636363636363636C2
:201E60003636363636363636363636363636363636363636363636363636363636363636A2
:201E8000363636363636363636363636363636363636363636363636363636363636363682
:201EA000363636363636363636363636363636363636363636363636363636363636363662
:201EC000363636363636363636363636363636363636363636363636363636363636363642
:201EE000363636363636363636363636363636363636363636363636363636363636363622
:201F0000363636363636363636363636363636363636363636363636363636363636363601
:201F20003636363636363636363636363636363636363636363636363636363636363636E1
:201F40003636363636363636363636363636363636363636363636363636363636363636C1
:201F60003636363636363636363636363636363636363636363636363636363636363636A1
:201F8000363636363636363636363636363636363636363636363636363636363636363681
:201FA000363636363636363636363636363636363636363636363636363636363636363661
:201FC000363636363636363636363636363636363636363636363636363636363636363641
:201FE000363636363636363636363636363636363636363636363636363636363636363621
:20200000363636363636363636363636363636363636363636363636363636363636363600
:202020003636363636363636363636363636363636363636363636363636363636363636E0
:202040003636363636363636363636363636363636363636363636363636363636363636C0
:202060003636363636363636363636363636363636363636363636363636363636363636A0
:20208000363636363636363636363636363636363636363636363636363636363636363680
:2020A000363636363636363636363636363636363636363636363636363636363636363660
:2020C000363636363636363636363636363636363636363636363636363636363636363640
:2020E000363636363636363636363636363636363636363636363636363636363636363620
:202100003636363636363636363636363636363636363636363636363636363636363636FF
:202120003636363636363636363636363636363636363636363636363636363636363636DF
:202140003636363636363636363636363636363636363636363636363636363636363636BF
:2021600036363636363636363636363636363636363636363636363636363636363636369F
:2021800036363636363636363636363636363636363636363636363636363636363636367F
:2021A00036363636363636363636363636363636363636363636363636363636363636365F
:2021C00036363636363636363636363636363636363636363636363636363636363636363F
:2021E00036363636363636363636363636363636363636363636363636363636363636361F
:202200003636363636363636363636363636363636363636363636363636363636363636FE
:202220003636363636363636363636363636363636363636363636363636363636363636DE
:202240003636363636363636363636363636363636363636363636363636363636363636BE
:2022600036363636363636363636363636363636363636363636363636363636363636369E
:2022800036363636363636363636363636363636363636363636363636363636363636367E
:2022A00036363636363636363636363636363636363636363636363636363636363636365E
:2022C00036363636363636363636363636363636363636363636363636363636363636363E
:2022E00036363636363636363636363636363636363636363636363636363636363636361E
:202300003636363636363636363636363636363636363636363636363636363636363636FD
:202320003636363636363636363636363636363636363636363636363636363636363636DD
:202340003636363636363636363636363636363636363636363636363636363636363636BD
:2023600036363636363636363636363636363636363636363636363636363636363636369D
:2023800036363636363636363636363636363636363636363636363636363636363636367D
:2023A00036363636363636363636363636363636363636363636363636363636363636365D
:2023C00036363636363636363636363636363636363636363636363636363636363636363D
:2023E00036363636363636363636363636363636363636363636363636363636363636361D
:202400003636363636363636363636363636363636363636363636363636363636363636FC
:202420003636363636363636363636363636363636363636363636363636363636363636DC
:202440003636363636363636363636363636363636363636363636363636363636363636BC
:2024600036363636363636363636363636363636363636363636363636363636363636369C
:2024800036363636363636363636363636363636363636363636363636363636363636367C
:2024A00036363636363636363636363636363636363636363636363636363636363636365C
:2024C00036363636363636363636363636363636363636363636363636363636363636363C
:2024E00036363636363636363636363636363636363636363636363636363636363636361C
:202500003636363636363636363636363636363636363636363636363636363636363636FB
:202520003636363636363636363636363636363636363636363636363636363636363636DB
:202540003636363636363636363636363636363636363636363636363636363636363636BB
:2025600036363636363636363636363636363636363636363636363636363636363636369B
:2025800036363636363636363636363636363636363636363636363636363636363636367B
:2025A00036363636363636363636363636363636363636363636363636363636363636365B
:2025C00036363636363636363636363636363636363636363636363636363636363636363B
:2025E00036363636363636363636363636363636363636363636363636363636363636361B
:202600003636363636363636363636363636363636363636363636363636363636363636FA
:202620003636363636363636363636363636363636363636363636363636363636363636DA
:202640003636363636363636363636363636363636363636363636363636363636363636BA
:2026600036363636363636363636363636363636363636363636363636363636363636369A
:2026800036363636363636363636363636363636363636363636363636363636363636367A
:2026A00036363636363636363636363636363636363636363636363636363636363636365A
:2026C00036363636363636363636363636363636363636363636363636363636363636363A
:2026E00036363636363636363636363636363636363636363636363636363636363636361A
:202700003636363636363636363636363636363636363636363636363636363636363636F9
:202720003636363636363636363636363636363636363636363636363636363636363636D9
:202740003636363636363636363636363636363636363636363636363636363636363636B9
:20276000363636363636363636363636363636363636363636363636363636363636363699
:20278000363636363636363636363636363636363636363636363636363636363636363679
:2027A000363636363636363636363636363636363636363636363636363636363636363659
:2027C000363636363636363636363636363636363636363636363636363636363636363639
:2027E000363636363636363636363636363636363636363636363636363636363636363619
:202800003636363636363636363636363636363636363636363636363636363636363636F8
:202820003636363636363636363636363636363636363636363636363636363636363636D8
:202840003636363636363636363636363636363636363636363636363636363636363636B8
:20286000363636363636363636363636363636363636363636363636363636363636363698
:20288000363636363636363636363636363636363636363636363636363636363636363678
:2028A000363636363636363636363636363636363636363636363636363636363636363658
:2028C000363636363636363636363636363636363636363636363636363636363636363638
:2028E000363636363636363636363636363636363636363636363636363636363636363618
:202900003636363636363636363636363636363636363636363636363636363636363636F7
:202920003636363636363636363636363636363636363636363636363636363636363636D7
:202940003636363636363636363636363636363636363636363636363636363636363636B7
:20296000363636363636363636363636363636363636363636363636363636363636363697
:20298000363636363636363636363636363636363636363636363636363636363636363677
:2029A000363636363636363636363636363636363636363636363636363636363636363657
:2029C000363636363636363636363636363636363636363636363636363636363636363637
:2029E000363636363636363636363636363636363636363636363636363636363636363617
:202A00003636363636363636363636363636363636363636363636363636363636363636F6
:202A20003636363636363636363636363636363636363636363636363636363636363636D6
:202A40003636363636363636363636363636363636363636363636363636363636363636B6
:202A6000363636363636363636363636363636363636363636363636363636363636363696
:202A8000363636363636363636363636363636363636363636363636363636363636363676
:202AA000363636363636363636363636363636363636363636363636363636363636363656
:202AC000363636363636363636363636363636363636363636363636363636363636363636
:202AE000363636363636363636363636363636363636363636363636363636363636363616
:202B00003636363636363636363636363636363636363636363636363636363636363636F5
:202B20003636363636363636363636363636363636363636363636363636363636363636D5
:202B40003636363636363636363636363636363636363636363636363636363636363636B5
:202B6000363636363636363636363636363636363636363636363636363636363636363695
:202B8000363636363636363636363636363636363636363636363636363636363636363675
:202BA000363636363636363636363636363636363636363636363636363636363636363655
:202BC000363636363636363636363636363636363636363636363636363636363636363635
:202BE000363636363636363636363636363636363636363636363636363636363636363615
:202C00003636363636363636363636363636363636363636363636363636363636363636F4
:202C20003636363636363636363636363636363636363636363636363636363636363636D4
:202C40003636363636363636363636363636363636363636363636363636363636363636B4
:202C6000363636363636363636363636363636363636363636363636363636363636363694
:202C8000363636363636363636363636363636363636363636363636363636363636363674
:202CA000363636363636363636363636363636363636363636363636363636363636363654
:202CC000363636363636363636363636363636363636363636363636363636363636363634
:202CE000363636363636363636363636363636363636363636363636363636363636363614
:202D00003636363636363636363636363636363636363636363636363636363636363636F3
:202D20003636363636363636363636363636363636363636363636363636363636363636D3
:202D40003636363636363636363636363636363636363636363636363636363636363636B3
:202D6000363636363636363636363636363636363636363636363636363636363636363693
:202D8000363636363636363636363636363636363636363636363636363636363636363673
:202DA000363636363636363636363636363636363636363636363636363636363636363653
:202DC000363636363636363636363636363636363636363636363636363636363636363633
:202DE000363636363636363636363636363636363636363636363636363636363636363613
:202E00003636363636363636363636363636363636363636363636363636363636363636F2
:202E20003636363636363636363636363636363636363636363636363636363636363636D2
:202E40003636363636363636363636363636363636363636363636363636363636363636B2
:202E6000363636363636363636363636363636363636363636363636363636363636363692
:202E8000363636363636363636363636363636363636363636363636363636363636363672
:202EA000363636363636363636363636363636363636363636363636363636363636363652
:202EC000363636363636363636363636363636363636363636363636363636363636363632
:202EE000363636363636363636363636363636363636363636363636363636363636363612
:202F00003636363636363636363636363636363636363636363636363636363636363636F1
:202F20003636363636363636363636363636363636363636363636363636363636363636D1
:202F40003636363636363636363636363636363636363636363636363636363636363636B1
:202F6000363636363636363636363636363636363636363636363636363636363636363691
:202F8000363636363636363636363636363636363636363636363636363636363636363671
:202FA000363636363636363636363636363636363636363636363636363636363636363651
:202FC000363636363636363636363636363636363636363636363636363636363636363631
:202FE000363636363636363636363636363636363636363636363636363636363636363611
:203000003636363636363636363636363636363636363636363636363636363636363636F0
:203020003636363636363636363636363636363636363636363636363636363636363636D0
:203040003636363636363636363636363636363636363636363636363636363636363636B0
:20306000363636363636363636363636363636363636363636363636363636363636363690
:20308000363636363636363636363636363636363636363636363636363636363636363670
:2030A000363636363636363636363636363636363636363636363636363636363636363650
:2030C000363636363636363636363636363636363636363636363636363636363636363630
:2030E000363636363636363636363636363636363636363636363636363636363636363610
:203100003636363636363636363636363636363636363636363636363636363636363636EF
:203120003636363636363636363636363636363636363636363636363636363636363636CF
:203140003636363636363636363636363636363636363636363636363636363636363636AF
:2031600036363636363636363636363636363636363636363636363636363636363636368F
:2031800036363636363636363636363636363636363636363636363636363636363636366F
:2031A00036363636363636363636363636363636363636363636363636363636363636364F
:2031C00036363636363636363636363636363636363636363636363636363636363636362F
:2031E00036363636363636363636363636363636363636363636363636363636363636360F
:203200003636363636363636363636363636363636363636363636363636363636363636EE
:203220003636363636363636363636363636363636363636363636363636363636363636CE
:203240003636363636363636363636363636363636363636363636363636363636363636AE
:2032600036363636363636363636363636363636363636363636363636363636363636368E
:2032800036363636363636363636363636363636363636363636363636363636363636366E
:2032A00036363636363636363636363636363636363636363636363636363636363636364E
:2032C00036363636363636363636363636363636363636363636363636363636363636362E
:2032E00036363636363636363636363636363636363636363636363636363636363636360E
:203300003636363636363636363636363636363636363636363636363636363636363636ED
:203320003636363636363636363636363636363636363636363636363636363636363636CD
:203340003636363636363636363636363636363636363636363636363636363636363636AD
:2033600036363636363636363636363636363636363636363636363636363636363636368D
:2033800036363636363636363636363636363636363636363636363636363636363636366D
:2033A00036363636363636363636363636363636363636363636363636363636363636364D
:2033C00036363636363636363636363636363636363636363636363636363636363636362D
:2033E00036363636363636363636363636363636363636363636363636363636363636360D
:203400003636363636363636363636363636363636363636363636363636363636363636EC
:203420003636363636363636363636363636363636363636363636363636363636363636CC
:203440003636363636363636363636363636363636363636363636363636363636363636AC
:2034600036363636363636363636363636363636363636363636363636363636363636368C
:2034800036363636363636363636363636363636363636363636363636363636363636366C
:2034A00036363636363636363636363636363636363636363636363636363636363636364C
:2034C00036363636363636363636363636363636363636363636363636363636363636362C
:2034E00036363636363636363636363636363636363636363636363636363636363636360C
:203500003636363636363636363636363636363636363636363636363636363636363636EB
:203520003636363636363636363636363636363636363636363636363636363636363636CB
:203540003636363636363636363636363636363636363636363636363636363636363636AB
:2035600036363636363636363636363636363636363636363636363636363636363636368B
:2035800036363636363636363636363636363636363636363636363636363636363636366B
:2035A00036363636363636363636363636363636363636363636363636363636363636364B
:2035C00036363636363636363636363636363636363636363636363636363636363636362B
:2035E00036363636363636363636363636363636363636363636363636363636363636360B
:203600003636363636363636363636363636363636363636363636363636363636363636EA
:203620003636363636363636363636363636363636363636363636363636363636363636CA
:203640003636363636363636363636363636363636363636363636363636363636363636AA
:2036600036363636363636363636363636363636363636363636363636363636363636368A
:2036800036363636363636363636363636363636363636363636363636363636363636366A
:2036A00036363636363636363636363636363636363636363636363636363636363636364A
:2036C00036363636363636363636363636363636363636363636363636363636363636362A
:2036E00036363636363636363636363636363636363636363636363636363636363636360A
:203700003636363636363636363636363636363636363636363636363636363636363636E9
:203720003636363636363636363636363636363636363636363636363636363636363636C9
:203740003636363636363636363636363636363636363636363636363636363636363636A9
:20376000363636363636363636363636363636363636363636363636363636363636363689
:20378000363636363636363636363636363636363636363636363636363636363636363669
:2037A000363636363636363636363636363636363636363636363636363636363636363649
:2037C000363636363636363636363636363636363636363636363636363636363636363629
:2037E000363636363636363636363636363636363636363636363636363636363636363609
:203800003636363636363636363636363636363636363636363636363636363636363636E8
:203820003636363636363636363636363636363636363636363636363636363636363636C8
:203840003636363636363636363636363636363636363636363636363636363636363636A8
:20386000363636363636363636363636363636363636363636363636363636363636363688
:20388000363636363636363636363636363636363636363636363636363636363636363668
:2038A000363636363636363636363636363636363636363636363636363636363636363648
:2038C000363636363636363636363636363636363636363636363636363636363636363628
:2038E000363636363636363636363636363636363636363636363636363636363636363608
:203900003636363636363636363636363636363636363636363636363636363636363636E7
:203920003636363636363636363636363636363636363636363636363636363636363636C7
:203940003636363636363636363636363636363636363636363636363636363636363636A7
:20396000363636363636363636363636363636363636363636363636363636363636363687
:20398000363636363636363636363636363636363636363636363636363636363636363667
:2039A000363636363636363636363636363636363636363636363636363636363636363647
:2039C000363636363636363636363636363636363636363636363636363636363636363627
:2039E000363636363636363636363636363636363636363636363636363636363636363607
:203A00003636363636363636363636363636363636363636363636363636363636363636E6
:203A20003636363636363636363636363636363636363636363636363636363636363636C6
:203A40003636363636363636363636363636363636363636363636363636363636363636A6
:203A6000363636363636363636363636363636363636363636363636363636363636363686
:203A8000363636363636363636363636363636363636363636363636363636363636363666
:203AA000363636363636363636363636363636363636363636363636363636363636363646
:203AC000363636363636363636363636363636363636363636363636363636363636363626
:203AE000363636363636363636363636363636363636363636363636363636363636363606
:203B00003636363636363636363636363636363636363636363636363636363636363636E5
:203B20003636363636363636363636363636363636363636363636363636363636363636C5
:203B40003636363636363636363636363636363636363636363636363636363636363636A5
:203B6000363636363636363636363636363636363636363636363636363636363636363685
:203B8000363636363636363636363636363636363636363636363636363636363636363665
:203BA000363636363636363636363636363636363636363636363636363636363636363645
:203BC000363636363636363636363636363636363636363636363636363636363636363625
:203BE000363636363636363636363636363636363636363636363636363636363636363605
:203C00003636363636363636363636363636363636363636363636363636363636363636E4
:203C20003636363636363636363636363636363636363636363636363636363636363636C4
:203C40003636363636363636363636363636363636363636363636363636363636363636A4
:203C6000363636363636363636363636363636363636363636363636363636363636363684
:203C8000363636363636363636363636363636363636363636363636363636363636363664
:203CA000363636363636363636363636363636363636363636363636363636363636363644
:203CC000363636363636363636363636363636363636363636363636363636363636363624
:203CE000363636363636363636363636363636363636363636363636363636363636363604
:203D00003636363636363636363636363636363636363636363636363636363636363636E3
:203D20003636363636363636363636363636363636363636363636363636363636363636C3
:203D40003636363636363636363636363636363636363636363636363636363636363636A3
:203D6000363636363636363636363636363636363636363636363636363636363636363683
:203D8000363636363636363636363636363636363636363636363636363636363636363663
:203DA000363636363636363636363636363636363636363636363636363636363636363643
:203DC000363636363636363636363636363636363636363636363636363636363636363623
:203DE000363636363636363636363636363636363636363636363636363636363636363603
:203E00003636363636363636363636363636363636363636363636363636363636363636E2
:203E20003636363636363636363636363636363636363636363636363636363636363636C2
:203E40003636363636363636363636363636363636363636363636363636363636363636A2
:203E6000363636363636363636363636363636363636363636363636363636363636363682
:203E8000363636363636363636363636363636363636363636363636363636363636363662
:203EA000363636363636363636363636363636363636363636363636363636363636363642
:203EC000363636363636363636363636363636363636363636363636363636363636363622
:203EE000363636363636363636363636363636363636363636363636363636363636363602
:203F00003636363636363636363636363636363636363636363636363636363636363636E1
:203F20003636363636363636363636363636363636363636363636363636363636363636C1
:203F40003636363636363636363636363636363636363636363636363636363636363636A1
:203F6000363636363636363636363636363636363636363636363636363636363636363681
:203F8000363636363636363636363636363636363636363636363636363636363636363661
:203FA000363636363636363636363636363636363636363636363636363636363636363641
:203FC000363636363636363636363636363636363636363636363636363636363636363621
:203FE000363636363636363636363636363636363636363636363636363636363636363601
:204000003636363636363636363636363636363636363636363636363636363636363636E0
:204020003636363636363636363636363636363636363636363636363636363636363636C0
:204040003636363636363636363636363636363636363636363636363636363636363636A0
:20406000363636363636363636363636363636363636363636363636363636363636363680
:20408000363636363636363636363636363636363636363636363636363636363636363660
:2040A000363636363636363636363636363636363636363636363636363636363636363640
:2040C000363636363636363636363636363636363636363636363636363636363636363620
:2040E000363636363636363636363636363636363636363636363636363636363636363600
:204100003636363636363636363636363636363636363636363636363636363636363636DF
:204120003636363636363636363636363636363636363636363636363636363636363636BF
:2041400036363636363636363636363636363636363636363636363636363636363636369F
:2041600036363636363636363636363636363636363636363636363636363636363636367F
:2041800036363636363636363636363636363636363636363636363636363636363636365F
:2041A00036363636363636363636363636363636363636363636363636363636363636363F
:2041C00036363636363636363636363636363636363636363636363636363636363636361F
:2041E0003636363636363636363636363636363636363636363636363636363636363636FF
:204200003636363636363636363636363636363636363636363636363636363636363636DE
:204220003636363636363636363636363636363636363636363636363636363636363636BE
:2042400036363636363636363636363636363636363636363636363636363636363636369E
:2042600036363636363636363636363636363636363636363636363636363636363636367E
:2042800036363636363636363636363636363636363636363636363636363636363636365E
:2042A00036363636363636363636363636363636363636363636363636363636363636363E
:2042C00036363636363636363636363636363636363636363636363636363636363636361E
:2042E0003636363636363636363636363636363636363636363636363636363636363636FE
:204300003636363636363636363636363636363636363636363636363636363636363636DD
:204320003636363636363636363636363636363636363636363636363636363636363636BD
:2043400036363636363636363636363636363636363636363636363636363636363636369D
:2043600036363636363636363636363636363636363636363636363636363636363636367D
:2043800036363636363636363636363636363636363636363636363636363636363636365D
:2043A00036363636363636363636363636363636363636363636363636363636363636363D
:2043C00036363636363636363636363636363636363636363636363636363636363636361D
:2043E0003636363636363636363636363636363636363636363636363636363636363636FD
:204400003636363636363636363636363636363636363636363636363636363636363636DC
:204420003636363636363636363636363636363636363636363636363636363636363636BC
:2044400036363636363636363636363636363636363636363636363636363636363636369C
:2044600036363636363636363636363636363636363636363636363636363636363636367C
:2044800036363636363636363636363636363636363636363636363636363636363636365C
:2044A00036363636363636363636363636363636363636363636363636363636363636363C
:2044C00036363636363636363636363636363636363636363636363636363636363636361C
:2044E0003636363636363636363636363636363636363636363636363636363636363636FC
:204500003636363636363636363636363636363636363636363636363636363636363636DB
:204520003636363636363636363636363636363636363636363636363636363636363636BB
:2045400036363636363636363636363636363636363636363636363636363636363636369B
:2045600036363636363636363636363636363636363636363636363636363636363636367B
:2045800036363636363636363636363636363636363636363636363636363636363636365B
:2045A00036363636363636363636363636363636363636363636363636363636363636363B
:2045C00036363636363636363636363636363636363636363636363636363636363636361B
:2045E0003636363636363636363636363636363636363636363636363636363636363636FB
:204600003636363636363636363636363636363636363636363636363636363636363636DA
:204620003636363636363636363636363636363636363636363636363636363636363636BA
:2046400036363636363636363636363636363636363636363636363636363636363636369A
:2046600036363636363636363636363636363636363636363636363636363636363636367A
:2046800036363636363636363636363636363636363636363636363636363636363636365A
:2046A00036363636363636363636363636363636363636363636363636363636363636363A
:2046C00036363636363636363636363636363636363636363636363636363636363636361A
:2046E0003636363636363636363636363636363636363636363636363636363636363636FA
:204700003636363636363636363636363636363636363636363636363636363636363636D9
:204720003636363636363636363636363636363636363636363636363636363636363636B9
:20474000363636363636363636363636363636363636363636363636363636363636363699
:20476000363636363636363636363636363636363636363636363636363636363636363679
:20478000363636363636363636363636363636363636363636363636363636363636363659
:2047A000363636363636363636363636363636363636363636363636363636363636363639
:2047C000363636363636363636363636363636363636363636363636363636363636363619
:2047E0003636363636363636363636363636363636363636363636363636363636363636F9
:204800003636363636363636363636363636363636363636363636363636363636363636D8
:204820003636363636363636363636363636363636363636363636363636363636363636B8
:20484000363636363636363636363636363636363636363636363636363636363636363698
:20486000363636363636363636363636363636363636363636363636363636363636363678
:20488000363636363636363636363636363636363636363636363636363636363636363658
:2048A000363636363636363636363636363636363636363636363636363636363636363638
:2048C000363636363636363636363636363636363636363636363636363636363636363618
:2048E0003636363636363636363636363636363636363636363636363636363636363636F8
:204900003636363636363636363636363636363636363636363636363636363636363636D7
:204920003636363636363636363636363636363636363636363636363636363636363636B7
:20494000363636363636363636363636363636363636363636363636363636363636363697
:20496000363636363636363636363636363636363636363636363636363636363636363677
:20498000363636363636363636363636363636363636363636363636363636363636363657
:2049A000363636363636363636363636363636363636363636363636363636363636363637
:2049C000363636363636363636363636363636363636363636363636363636363636363617
:2049E0003636363636363636363636363636363636363636363636363636363636363636F7
:204A00003636363636363636363636363636363636363636363636363636363636363636D6
:204A20003636363636363636363636363636363636363636363636363636363636363636B6
:204A4000363636363636363636363636363636363636363636363636363636363636363696
:204A6000363636363636363636363636363636363636363636363636363636363636363676
:204A8000363636363636363636363636363636363636363636363636363636363636363656
:204AA000363636363636363636363636363636363636363636363636363636363636363636
:204AC000363636363636363636363636363636363636363636363636363636363636363616
:204AE0003636363636363636363636363636363636363636363636363636363636363636F6
:204B00003636363636363636363636363636363636363636363636363636363636363636D5
:204B20003636363636363636363636363636363636363636363636363636363636363636B5
:204B4000363636363636363636363636363636363636363636363636363636363636363695
:204B6000363636363636363636363636363636363636363636363636363636363636363675
:204B8000363636363636363636363636363636363636363636363636363636363636363655
:204BA000363636363636363636363636363636363636363636363636363636363636363635
:204BC000363636363636363636363636363636363636363636363636363636363636363615
:204BE0003636363636363636363636363636363636363636363636363636363636363636F5
:204C00003636363636363636363636363636363636363636363636363636363636363636D4
:204C20003636363636363636363636363636363636363636363636363636363636363636B4
:204C4000363636363636363636363636363636363636363636363636363636363636363694
:204C6000363636363636363636363636363636363636363636363636363636363636363674
:204C8000363636363636363636363636363636363636363636363636363636363636363654
:204CA000363636363636363636363636363636363636363636363636363636363636363634
:204CC000363636363636363636363636363636363636363636363636363636363636363614
:204CE0003636363636363636363636363636363636363636363636363636363636363636F4
:204D00003636363636363636363636363636363636363636363636363636363636363636D3
:204D20003636363636363636363636363636363636363636363636363636363636363636B3
:204D4000363636363636363636363636363636363636363636363636363636363636363693
:204D6000363636363636363636363636363636363636363636363636363636363636363673
:204D8000363636363636363636363636363636363636363636363636363636363636363653
:204DA000363636363636363636363636363636363636363636363636363636363636363633
:204DC000363636363636363636363636363636363636363636363636363636363636363613
:204DE0003636363636363636363636363636363636363636363636363636363636363636F3
:204E00003636363636363636363636363636363636363636363636363636363636363636D2
:204E20003636363636363636363636363636363636363636363636363636363636363636B2
:204E4000363636363636363636363636363636363636363636363636363636363636363692
:204E6000363636363636363636363636363636363636363636363636363636363636363672
:204E8000363636363636363636363636363636363636363636363636363636363636363652
:204EA000363636363636363636363636363636363636363636363636363636363636363632
:204EC000363636363636363636363636363636363636363636363636363636363636363612
:204EE0003636363636363636363636363636363636363636363636363636363636363636F2
:204F00003636363636363636363636363636363636363636363636363636363636363636D1
:204F20003636363636363636363636363636363636363636363636363636363636363636B1
:204F4000363636363636363636363636363636363636363636363636363636363636363691
:204F6000363636363636363636363636363636363636363636363636363636363636363671
:204F8000363636363636363636363636363636363636363636363636363636363636363651
:204FA000363636363636363636363636363636363636363636363636363636363636363631
:204FC000363636363636363636363636363636363636363636363636363636363636363611
:204FE0003636363636363636363636363636363636363636363636363636363636363636F1
:205000003636363636363636363636363636363636363636363636363636363636363636D0
:205020003636363636363636363636363636363636363636363636363636363636363636B0
:20504000363636363636363636363636363636363636363636363636363636363636363690
:20506000363636363636363636363636363636363636363636363636363636363636363670
:20508000363636363636363636363636363636363636363636363636363636363636363650
:2050A000363636363636363636363636363636363636363636363636363636363636363630
:2050C000363636363636363636363636363636363636363636363636363636363636363610
:2050E0003636363636363636363636363636363636363636363636363636363636363636F0
:205100003636363636363636363636363636363636363636363636363636363636363636CF
:205120003636363636363636363636363636363636363636363636363636363636363636AF
:2051400036363636363636363636363636363636363636363636363636363636363636368F
:2051600036363636363636363636363636363636363636363636363636363636363636366F
:2051800036363636363636363636363636363636363636363636363636363636363636364F
:2051A00036363636363636363636363636363636363636363636363636363636363636362F
:2051C00036363636363636363636363636363636363636363636363636363636363636360F
:2051E0003636363636363636363636363636363636363636363636363636363636363636EF
:205200003636363636363636363636363636363636363636363636363636363636363636CE
:205220003636363636363636363636363636363636363636363636363636363636363636AE
:2052400036363636363636363636363636363636363636363636363636363636363636368E
:2052600036363636363636363636363636363636363636363636363636363636363636366E
:2052800036363636363636363636363636363636363636363636363636363636363636364E
:2052A00036363636363636363636363636363636363636363636363636363636363636362E
:2052C00036363636363636363636363636363636363636363636363636363636363636360E
:2052E0003636363636363636363636363636363636363636363636363636363636363636EE
:205300003636363636363636363636363636363636363636363636363636363636363636CD
:205320003636363636363636363636363636363636363636363636363636363636363636AD
:2053400036363636363636363636363636363636363636363636363636363636363636368D
:2053600036363636363636363636363636363636363636363636363636363636363636366D
:2053800036363636363636363636363636363636363636363636363636363636363636364D
:2053A00036363636363636363636363636363636363636363636363636363636363636362D
:2053C00036363636363636363636363636363636363636363636363636363636363636360D
:2053E0003636363636363636363636363636363636363636363636363636363636363636ED
:205400003636363636363636363636363636363636363636363636363636363636363636CC
:205420003636363636363636363636363636363636363636363636363636363636363636AC
:2054400036363636363636363636363636363636363636363636363636363636363636368C
:2054600036363636363636363636363636363636363636363636363636363636363636366C
:2054800036363636363636363636363636363636363636363636363636363636363636364C
:2054A00036363636363636363636363636363636363636363636363636363636363636362C
:2054C00036363636363636363636363636363636363636363636363636363636363636360C
:2054E0003636363636363636363636363636363636363636363636363636363636363636EC
:205500003636363636363636363636363636363636363636363636363636363636363636CB
:205520003636363636363636363636363636363636363636363636363636363636363636AB
:2055400036363636363636363636363636363636363636363636363636363636363636368B
:2055600036363636363636363636363636363636363636363636363636363636363636366B
:2055800036363636363636363636363636363636363636363636363636363636363636364B
:2055A00036363636363636363636363636363636363636363636363636363636363636362B
:2055C00036363636363636363636363636363636363636363636363636363636363636360B
:2055E0003636363636363636363636363636363636363636363636363636363636363636EB
:205600003636363636363636363636363636363636363636363636363636363636363636CA
:205620003636363636363636363636363636363636363636363636363636363636363636AA
:2056400036363636363636363636363636363636363636363636363636363636363636368A
:2056600036363636363636363636363636363636363636363636363636363636363636366A
:2056800036363636363636363636363636363636363636363636363636363636363636364A
:2056A00036363636363636363636363636363636363636363636363636363636363636362A
:2056C00036363636363636363636363636363636363636363636363636363636363636360A
:2056E0003636363636363636363636363636363636363636363636363636363636363636EA
:205700003636363636363636363636363636363636363636363636363636363636363636C9
:205720003636363636363636363636363636363636363636363636363636363636363636A9
:20574000363636363636363636363636363636363636363636363636363636363636363689
:20576000363636363636363636363636363636363636363636363636363636363636363669
:20578000363636363636363636363636363636363636363636363636363636363636363649
:2057A000363636363636363636363636363636363636363636363636363636363636363629
:2057C000363636363636363636363636363636363636363636363636363636363636363609
:2057E0003636363636363636363636363636363636363636363636363636363636363636E9
:205800003636363636363636363636363636363636363636363636363636363636363636C8
:205820003636363636363636363636363636363636363636363636363636363636363636A8
:20584000363636363636363636363636363636363636363636363636363636363636363688
:20586000363636363636363636363636363636363636363636363636363636363636363668
:20588000363636363636363636363636363636363636363636363636363636363636363648
:2058A000363636363636363636363636363636363636363636363636363636363636363628
:2058C000363636363636363636363636363636363636363636363636363636363636363608
:2058E0003636363636363636363636363636363636363636363636363636363636363636E8
:205900003636363636363636363636363636363636363636363636363636363636363636C7
:205920003636363636363636363636363636363636363636363636363636363636363636A7
:20594000363636363636363636363636363636363636363636363636363636363636363687
:20596000363636363636363636363636363636363636363636363636363636363636363667
:20598000363636363636363636363636363636363636363636363636363636363636363647
:2059A000363636363636363636363636363636363636363636363636363636363636363627
:2059C000363636363636363636363636363636363636363636363636363636363636363607
:2059E0003636363636363636363636363636363636363636363636363636363636363636E7
:205A00003636363636363636363636363636363636363636363636363636363636363636C6
:205A20003636363636363636363636363636363636363636363636363636363636363636A6
:205A4000363636363636363636363636363636363636363636363636363636363636363686
:205A6000363636363636363636363636363636363636363636363636363636363636363666
:205A8000363636363636363636363636363636363636363636363636363636363636363646
:205AA000363636363636363636363636363636363636363636363636363636363636363626
:205AC000363636363636363636363636363636363636363636363636363636363636363606
:205AE0003636363636363636363636363636363636363636363636363636363636363636E6
:205B00003636363636363636363636363636363636363636363636363636363636363636C5
:205B20003636363636363636363636363636363636363636363636363636363636363636A5
:205B4000363636363636363636363636363636363636363636363636363636363636363685
:205B6000363636363636363636363636363636363636363636363636363636363636363665
:205B8000363636363636363636363636363636363636363636363636363636363636363645
:205BA000363636363636363636363636363636363636363636363636363636363636363625
:205BC000363636363636363636363636363636363636363636363636363636363636363605
:205BE0003636363636363636363636363636363636363636363636363636363636363636E5
:205C00003636363636363636363636363636363636363636363636363636363636363636C4
:205C20003636363636363636363636363636363636363636363636363636363636363636A4
:205C4000363636363636363636363636363636363636363636363636363636363636363684
:205C6000363636363636363636363636363636363636363636363636363636363636363664
:205C8000363636363636363636363636363636363636363636363636363636363636363644
:205CA000363636363636363636363636363636363636363636363636363636363636363624
:205CC000363636363636363636363636363636363636363636363636363636363636363604
:205CE0003636363636363636363636363636363636363636363636363636363636363636E4
:205D00003636363636363636363636363636363636363636363636363636363636363636C3
:205D20003636363636363636363636363636363636363636363636363636363636363636A3
:205D4000363636363636363636363636363636363636363636363636363636363636363683
:205D6000363636363636363636363636363636363636363636363636363636363636363663
:205D8000363636363636363636363636363636363636363636363636363636363636363643
:205DA000363636363636363636363636363636363636363636363636363636363636363623
:205DC000363636363636363636363636363636363636363636363636363636363636363603
:205DE0003636363636363636363636363636363636363636363636363636363636363636E3
:205E00003636363636363636363636363636363636363636363636363636363636363636C2
:205E20003636363636363636363636363636363636363636363636363636363636363636A2
:205E4000363636363636363636363636363636363636363636363636363636363636363682
:205E6000363636363636363636363636363636363636363636363636363636363636363662
:205E8000363636363636363636363636363636363636363636363636363636363636363642
:205EA000363636363636363636363636363636363636363636363636363636363636363622
:205EC000363636363636363636363636363636363636363636363636363636363636363602
:205EE0003636363636363636363636363636363636363636363636363636363636363636E2
:205F00003636363636363636363636363636363636363636363636363636363636363636C1
:205F20003636363636363636363636363636363636363636363636363636363636363636A1
:205F4000363636363636363636363636363636363636363636363636363636363636363681
:205F6000363636363636363636363636363636363636363636363636363636363636363661
:205F8000363636363636363636363636363636363636363636363636363636363636363641
:205FA000363636363636363636363636363636363636363636363636363636363636363621
:205FC000363636363636363636363636363636363636363636363636363636363636363601
:205FE0003636363636363636363636363636363636363636363636363636363636363636E1
:206000003636363636363636363636363636363636363636363636363636363636363636C0
:206020003636363636363636363636363636363636363636363636363636363636363636A0
:20604000363636363636363636363636363636363636363636363636363636363636363680
:20606000363636363636363636363636363636363636363636363636363636363636363660
:20608000363636363636363636363636363636363636363636363636363636363636363640
:2060A000363636363636363636363636363636363636363636363636363636363636363620
:2060C000363636363636363636363636363636363636363636363636363636363636363600
:2060E0003636363636363636363636363636363636363636363636363636363636363636E0
:206100003636363636363636363636363636363636363636363636363636363636363636BF
:2061200036363636363636363636363636363636363636363636363636363636363636369F
:2061400036363636363636363636363636363636363636363636363636363636363636367F
:2061600036363636363636363636363636363636363636363636363636363636363636365F
:2061800036363636363636363636363636363636363636363636363636363636363636363F
:2061A00036363636363636363636363636363636363636363636363636363636363636361F
:2061C0003636363636363636363636363636363636363636363636363636363636363636FF
:2061E0003636363636363636363636363636363636363636363636363636363636363636DF
:206200003636363636363636363636363636363636363636363636363636363636363636BE
:2062200036363636363636363636363636363636363636363636363636363636363636369E
:2062400036363636363636363636363636363636363636363636363636363636363636367E
:2062600036363636363636363636363636363636363636363636363636363636363636365E
:2062800036363636363636363636363636363636363636363636363636363636363636363E
:2062A00036363636363636363636363636363636363636363636363636363636363636361E
:2062C0003636363636363636363636363636363636363636363636363636363636363636FE
:2062E0003636363636363636363636363636363636363636363636363636363636363636DE
:206300003636363636363636363636363636363636363636363636363636363636363636BD
:2063200036363636363636363636363636363636363636363636363636363636363636369D
:2063400036363636363636363636363636363636363636363636363636363636363636367D
:2063600036363636363636363636363636363636363636363636363636363636363636365D
:2063800036363636363636363636363636363636363636363636363636363636363636363D
:2063A00036363636363636363636363636363636363636363636363636363636363636361D
:2063C0003636363636363636363636363636363636363636363636363636363636363636FD
:2063E0003636363636363636363636363636363636363636363636363636363636363636DD
:206400003636363636363636363636363636363636363636363636363636363636363636BC
:2064200036363636363636363636363636363636363636363636363636363636363636369C
:2064400036363636363636363636363636363636363636363636363636363636363636367C
:2064600036363636363636363636363636363636363636363636363636363636363636365C
:2064800036363636363636363636363636363636363636363636363636363636363636363C
:2064A00036363636363636363636363636363636363636363636363636363636363636361C
:2064C0003636363636363636363636363636363636363636363636363636363636363636FC
:2064E0003636363636363636363636363636363636363636363636363636363636363636DC
:206500003636363636363636363636363636363636363636363636363636363636363636BB
:2065200036363636363636363636363636363636363636363636363636363636363636369B
:2065400036363636363636363636363636363636363636363636363636363636363636367B
:2065600036363636363636363636363636363636363636363636363636363636363636365B
:2065800036363636363636363636363636363636363636363636363636363636363636363B
:2065A00036363636363636363636363636363636363636363636363636363636363636361B
:2065C0003636363636363636363636363636363636363636363636363636363636363636FB
:2065E0003636363636363636363636363636363636363636363636363636363636363636DB
:206600003636363636363636363636363636363636363636363636363636363636363636BA
:2066200036363636363636363636363636363636363636363636363636363636363636369A
:2066400036363636363636363636363636363636363636363636363636363636363636367A
:2066600036363636363636363636363636363636363636363636363636363636363636365A
:2066800036363636363636363636363636363636363636363636363636363636363636363A
:2066A00036363636363636363636363636363636363636363636363636363636363636361A
:2066C0003636363636363636363636363636363636363636363636363636363636363636FA
:2066E0003636363636363636363636363636363636363636363636363636363636363636DA
:206700003636363636363636363636363636363636363636363636363636363636363636B9
:20672000363636363636363636363636363636363636363636363636363636363636363699
:20674000363636363636363636363636363636363636363636363636363636363636363679
:20676000363636363636363636363636363636363636363636363636363636363636363659
:20678000363636363636363636363636363636363636363636363636363636363636363639
:2067A000363636363636363636363636363636363636363636363636363636363636363619
:2067C0003636363636363636363636363636363636363636363636363636363636363636F9
:2067E0003636363636363636363636363636363636363636363636363636363636363636D9
:206800003636363636363636363636363636363636363636363636363636363636363636B8
:20682000363636363636363636363636363636363636363636363636363636363636363698
:20684000363636363636363636363636363636363636363636363636363636363636363678
:20686000363636363636363636363636363636363636363636363636363636363636363658
:20688000363636363636363636363636363636363636363636363636363636363636363638
:2068A000363636363636363636363636363636363636363636363636363636363636363618
:2068C0003636363636363636363636363636363636363636363636363636363636363636F8
:2068E0003636363636363636363636363636363636363636363636363636363636363636D8
:206900003636363636363636363636363636363636363636363636363636363636363636B7
:20692000363636363636363636363636363636363636363636363636363636363636363697
:20694000363636363636363636363636363636363636363636363636363636363636363677
:20696000363636363636363636363636363636363636363636363636363636363636363657
:20698000363636363636363636363636363636363636363636363636363636363636363637
:2069A000363636363636363636363636363636363636363636363636363636363636363617
:2069C0003636363636363636363636363636363636363636363636363636363636363636F7
:2069E0003636363636363636363636363636363636363636363636363636363636363636D7
:206A00003636363636363636363636363636363636363636363636363636363636363636B6
:206A2000363636363636363636363636363636363636363636363636363636363636363696
:206A4000363636363636363636363636363636363636363636363636363636363636363676
:206A6000363636363636363636363636363636363636363636363636363636363636363656
:206A8000363636363636363636363636363636363636363636363636363636363636363636
:206AA000363636363636363636363636363636363636363636363636363636363636363616
:206AC0003636363636363636363636363636363636363636363636363636363636363636F6
:206AE0003636363636363636363636363636363636363636363636363636363636363636D6
:206B00003636363636363636363636363636363636363636363636363636363636363636B5
:206B2000363636363636363636363636363636363636363636363636363636363636363695
:206B4000363636363636363636363636363636363636363636363636363636363636363675
:206B6000363636363636363636363636363636363636363636363636363636363636363655
:206B8000363636363636363636363636363636363636363636363636363636363636363635
:206BA000363636363636363636363636363636363636363636363636363636363636363615
:206BC0003636363636363636363636363636363636363636363636363636363636363636F5
:206BE0003636363636363636363636363636363636363636363636363636363636363636D5
:206C00003636363636363636363636363636363636363636363636363636363636363636B4
:206C2000363636363636363636363636363636363636363636363636363636363636363694
:206C4000363636363636363636363636363636363636363636363636363636363636363674
:206C6000363636363636363636363636363636363636363636363636363636363636363654
:206C8000363636363636363636363636363636363636363636363636363636363636363634
:206CA000363636363636363636363636363636363636363636363636363636363636363614
:206CC0003636363636363636363636363636363636363636363636363636363636363636F4
:206CE0003636363636363636363636363636363636363636363636363636363636363636D4
:206D00003636363636363636363636363636363636363636363636363636363636363636B3
:206D2000363636363636363636363636363636363636363636363636363636363636363693
:206D4000363636363636363636363636363636363636363636363636363636363636363673
:206D6000363636363636363636363636363636363636363636363636363636363636363653
:206D8000363636363636363636363636363636363636363636363636363636363636363633
:206DA000363636363636363636363636363636363636363636363636363636363636363613
:206DC0003636363636363636363636363636363636363636363636363636363636363636F3
:206DE0003636363636363636363636363636363636363636363636363636363636363636D3
:206E00003636363636363636363636363636363636363636363636363636363636363636B2
:206E2000363636363636363636363636363636363636363636363636363636363636363692
:206E4000363636363636363636363636363636363636363636363636363636363636363672
:206E6000363636363636363636363636363636363636363636363636363636363636363652
:206E8000363636363636363636363636363636363636363636363636363636363636363632
:206EA000363636363636363636363636363636363636363636363636363636363636363612
:206EC0003636363636363636363636363636363636363636363636363636363636363636F2
:206EE0003636363636363636363636363636363636363636363636363636363636363636D2
:206F00003636363636363636363636363636363636363636363636363636363636363636B1
:206F2000363636363636363636363636363636363636363636363636363636363636363691
:206F4000363636363636363636363636363636363636363636363636363636363636363671
:206F6000363636363636363636363636363636363636363636363636363636363636363651
:206F8000363636363636363636363636363636363636363636363636363636363636363631
:206FA000363636363636363636363636363636363636363636363636363636363636363611
:206FC0003636363636363636363636363636363636363636363636363636363636363636F1
:206FE0003636363636363636363636363636363636363636363636363636363636363636D1
:207000003636363636363636363636363636363636363636363636363636363636363636B0
:20702000363636363636363636363636363636363636363636363636363636363636363690
:20704000363636363636363636363636363636363636363636363636363636363636363670
:20706000363636363636363636363636363636363636363636363636363636363636363650
:20708000363636363636363636363636363636363636363636363636363636363636363630
:2070A000363636363636363636363636363636363636363636363636363636363636363610
:2070C0003636363636363636363636363636363636363636363636363636363636363636F0
:2070E0003636363636363636363636363636363636363636363636363636363636363636D0
:207100003636363636363636363636363636363636363636363636363636363636363636AF
:2071200036363636363636363636363636363636363636363636363636363636363636368F
:2071400036363636363636363636363636363636363636363636363636363636363636366F
:2071600036363636363636363636363636363636363636363636363636363636363636364F
:2071800036363636363636363636363636363636363636363636363636363636363636362F
:2071A00036363636363636363636363636363636363636363636363636363636363636360F
:2071C0003636363636363636363636363636363636363636363636363636363636363636EF
:2071E0003636363636363636363636363636363636363636363636363636363636363636CF
:207200003636363636363636363636363636363636363636363636363636363636363636AE
:2072200036363636363636363636363636363636363636363636363636363636363636368E
:2072400036363636363636363636363636363636363636363636363636363636363636366E
:2072600036363636363636363636363636363636363636363636363636363636363636364E
:2072800036363636363636363636363636363636363636363636363636363636363636362E
:2072A00036363636363636363636363636363636363636363636363636363636363636360E
:2072C0003636363636363636363636363636363636363636363636363636363636363636EE
:2072E0003636363636363636363636363636363636363636363636363636363636363636CE
:207300003636363636363636363636363636363636363636363636363636363636363636AD
:2073200036363636363636363636363636363636363636363636363636363636363636368D
:2073400036363636363636363636363636363636363636363636363636363636363636366D
:2073600036363636363636363636363636363636363636363636363636363636363636364D
:2073800036363636363636363636363636363636363636363636363636363636363636362D
:2073A00036363636363636363636363636363636363636363636363636363636363636360D
:2073C0003636363636363636363636363636363636363636363636363636363636363636ED
:2073E0003636363636363636363636363636363636363636363636363636363636363636CD
:207400003636363636363636363636363636363636363636363636363636363636363636AC
:2074200036363636363636363636363636363636363636363636363636363636363636368C
:2074400036363636363636363636363636363636363636363636363636363636363636366C
:2074600036363636363636363636363636363636363636363636363636363636363636364C
:2074800036363636363636363636363636363636363636363636363636363636363636362C
:2074A00036363636363636363636363636363636363636363636363636363636363636360C
:2074C0003636363636363636363636363636363636363636363636363636363636363636EC
:2074E0003636363636363636363636363636363636363636363636363636363636363636CC
:207500003636363636363636363636363636363636363636363636363636363636363636AB
:2075200036363636363636363636363636363636363636363636363636363636363636368B
:2075400036363636363636363636363636363636363636363636363636363636363636366B
:2075600036363636363636363636363636363636363636363636363636363636363636364B
:2075800036363636363636363636363636363636363636363636363636363636363636362B
:2075A00036363636363636363636363636363636363636363636363636363636363636360B
:2075C0003636363636363636363636363636363636363636363636363636363636363636EB
:2075E0003636363636363636363636363636363636363636363636363636363636363636CB
:207600003636363636363636363636363636363636363636363636363636363636363636AA
:2076200036363636363636363636363636363636363636363636363636363636363636368A
:2076400036363636363636363636363636363636363636363636363636363636363636366A
:2076600036363636363636363636363636363636363636363636363636363636363636364A
:2076800036363636363636363636363636363636363636363636363636363636363636362A
:2076A00036363636363636363636363636363636363636363636363636363636363636360A
:2076C0003636363636363636363636363636363636363636363636363636363636363636EA
:2076E0003636363636363636363636363636363636363636363636363636363636363636CA
:207700003636363636363636363636363636363636363636363636363636363636363636A9
:20772000363636363636363636363636363636363636363636363636363636363636363689
:20774000363636363636363636363636363636363636363636363636363636363636363669
:20776000363636363636363636363636363636363636363636363636363636363636363649
:20778000363636363636363636363636363636363636363636363636363636363636363629
:2077A000363636363636363636363636363636363636363636363636363636363636363609
:2077C0003636363636363636363636363636363636363636363636363636363636363636E9
:2077E0003636363636363636363636363636363636363636363636363636363636363636C9
:207800003636363636363636363636363636363636363636363636363636363636363636A8
:20782000363636363636363636363636363636363636363636363636363636363636363688
:20784000363636363636363636363636363636363636363636363636363636363636363668
:20786000363636363636363636363636363636363636363636363636363636363636363648
:20788000363636363636363636363636363636363636363636363636363636363636363628
:2078A000363636363636363636363636363636363636363636363636363636363636363608
:2078C0003636363636363636363636363636363636363636363636363636363636363636E8
:2078E0003636363636363636363636363636363636363636363636363636363636363636C8
:207900003636363636363636363636363636363636363636363636363636363636363636A7
:20792000363636363636363636363636363636363636363636363636363636363636363687
:20794000363636363636363636363636363636363636363636363636363636363636363667
:20796000363636363636363636363636363636363636363636363636363636363636363647
:20798000363636363636363636363636363636363636363636363636363636363636363627
:2079A000363636363636363636363636363636363636363636363636363636363636363607
:2079C0003636363636363636363636363636363636363636363636363636363636363636E7
:2079E0003636363636363636363636363636363636363636363636363636363636363636C7
:207A00003636363636363636363636363636363636363636363636363636363636363636A6
:207A2000363636363636363636363636363636363636363636363636363636363636363686
:207A4000363636363636363636363636363636363636363636363636363636363636363666
:207A6000363636363636363636363636363636363636363636363636363636363636363646
:207A8000363636363636363636363636363636363636363636363636363636363636363626
:207AA000363636363636363636363636363636363636363636363636363636363636363606
:207AC0003636363636363636363636363636363636363636363636363636363636363636E6
:207AE0003636363636363636363636363636363636363636363636363636363636363636C6
:207B00003636363636363636363636363636363636363636363636363636363636363636A5
:207B2000363636363636363636363636363636363636363636363636363636363636363685
:207B4000363636363636363636363636363636363636363636363636363636363636363665
:207B6000363636363636363636363636363636363636363636363636363636363636363645
:207B8000363636363636363636363636363636363636363636363636363636363636363625
:207BA000363636363636363636363636363636363636363636363636363636363636363605
:207BC0003636363636363636363636363636363636363636363636363636363636363636E5
:207BE0003636363636363636363636363636363636363636363636363636363636363636C5
:207C00003636363636363636363636363636363636363636363636363636363636363636A4
:207C2000363636363636363636363636363636363636363636363636363636363636363684
:207C4000363636363636363636363636363636363636363636363636363636363636363664
:207C6000363636363636363636363636363636363636363636363636363636363636363644
:207C8000363636363636363636363636363636363636363636363636363636363636363624
:207CA000363636363636363636363636363636363636363636363636363636363636363604
:207CC0003636363636363636363636363636363636363636363636363636363636363636E4
:207CE0003636363636363636363636363636363636363636363636363636363636363636C4
:207D00003636363636363636363636363636363636363636363636363636363636363636A3
:207D2000363636363636363636363636363636363636363636363636363636363636363683
:207D4000363636363636363636363636363636363636363636363636363636363636363663
:207D6000363636363636363636363636363636363636363636363636363636363636363643
:207D8000363636363636363636363636363636363636363636363636363636363636363623
:207DA000363636363636363636363636363636363636363636363636363636363636363603
:207DC0003636363636363636363636363636363636363636363636363636363636363636E3
:207DE0003636363636363636363636363636363636363636363636363636363636363636C3
:207E00003636363636363636363636363636363636363636363636363636363636363636A2
:207E2000363636363636363636363636363636363636363636363636363636363636363682
:207E4000363636363636363636363636363636363636363636363636363636363636363662
:207E6000363636363636363636363636363636363636363636363636363636363636363642
:207E8000363636363636363636363636363636363636363636363636363636363636363622
:207EA000363636363636363636363636363636363636363636363636363636363636363602
:207EC0003636363636363636363636363636363636363636363636363636363636363636E2
:207EE0003636363636363636363636363636363636363636363636363636363636363636C2
:207F00003636363636363636363636363636363636363636363636363636363636363636A1
:207F2000363636363636363636363636363636363636363636363636363636363636363681
:207F4000363636363636363636363636363636363636363636363636363636363636363661
:207F6000363636363636363636363636363636363636363636363636363636363636363641
:207F8000363636363636363636363636363636363636363636363636363636363636363621
:207FA000363636363636363636363636363636363636363636363636363636363636363601
:207FC0003636363636363636363636363636363636363636363636363636363636363636E1
:207FE0003636363636363636363636363636363636363636363636363636363636363636C1
:208000003636363636363636363636363636363636363636363636363636363636363636A0
:20802000363636363636363636363636363636363636363636363636363636363636363680
:20804000363636363636363636363636363636363636363636363636363636363636363660
:20806000363636363636363636363636363636363636363636363636363636363636363640
:20808000363636363636363636363636363636363636363636363636363636363636363620
:2080A000363636363636363636363636363636363636363636363636363636363636363600
:2080C0003636363636363636363636363636363636363636363636363636363636363636E0
:2080E0003636363636363636363636363636363636363636363636363636363636363636C0
:2081000036363636363636363636363636363636363636363636363636363636363636369F
:2081200036363636363636363636363636363636363636363636363636363636363636367F
:2081400036363636363636363636363636363636363636363636363636363636363636365F
:2081600036363636363636363636363636363636363636363636363636363636363636363F
:2081800036363636363636363636363636363636363636363636363636363636363636361F
:2081A0003636363636363636363636363636363636363636363636363636363636363636FF
:2081C0003636363636363636363636363636363636363636363636363636363636363636DF
:2081E0003636363636363636363636363636363636363636363636363636363636363636BF
:2082000036363636363636363636363636363636363636363636363636363636363636369E
:2082200036363636363636363636363636363636363636363636363636363636363636367E
:2082400036363636363636363636363636363636363636363636363636363636363636365E
:2082600036363636363636363636363636363636363636363636363636363636363636363E
:2082800036363636363636363636363636363636363636363636363636363636363636361E
:2082A0003636363636363636363636363636363636363636363636363636363636363636FE
:2082C0003636363636363636363636363636363636363636363636363636363636363636DE
:2082E0003636363636363636363636363636363636363636363636363636363636363636BE
:2083000036363636363636363636363636363636363636363636363636363636363636369D
:2083200036363636363636363636363636363636363636363636363636363636363636367D
:2083400036363636363636363636363636363636363636363636363636363636363636365D
:2083600036363636363636363636363636363636363636363636363636363636363636363D
:2083800036363636363636363636363636363636363636363636363636363636363636361D
:2083A0003636363636363636363636363636363636363636363636363636363636363636FD
:2083C0003636363636363636363636363636363636363636363636363636363636363636DD
:2083E0003636363636363636363636363636363636363636363636363636363636363636BD
:2084000036363636363636363636363636363636363636363636363636363636363636369C
:2084200036363636363636363636363636363636363636363636363636363636363636367C
:2084400036363636363636363636363636363636363636363636363636363636363636365C
:2084600036363636363636363636363636363636363636363636363636363636363636363C
:2084800036363636363636363636363636363636363636363636363636363636363636361C
:2084A0003636363636363636363636363636363636363636363636363636363636363636FC
:2084C0003636363636363636363636363636363636363636363636363636363636363636DC
:2084E0003636363636363636363636363636363636363636363636363636363636363636BC
:2085000036363636363636363636363636363636363636363636363636363636363636369B
:2085200036363636363636363636363636363636363636363636363636363636363636367B
:2085400036363636363636363636363636363636363636363636363636363636363636365B
:2085600036363636363636363636363636363636363636363636363636363636363636363B
:2085800036363636363636363636363636363636363636363636363636363636363636361B
:2085A0003636363636363636363636363636363636363636363636363636363636363636FB
:2085C0003636363636363636363636363636363636363636363636363636363636363636DB
:2085E0003636363636363636363636363636363636363636363636363636363636363636BB
:2086000036363636363636363636363636363636363636363636363636363636363636369A
:2086200036363636363636363636363636363636363636363636363636363636363636367A
:2086400036363636363636363636363636363636363636363636363636363636363636365A
:2086600036363636363636363636363636363636363636363636363636363636363636363A
:2086800036363636363636363636363636363636363636363636363636363636363636361A
:2086A0003636363636363636363636363636363636363636363636363636363636363636FA
:2086C0003636363636363636363636363636363636363636363636363636363636363636DA
:2086E0003636363636363636363636363636363636363636363636363636363636363636BA
:20870000363636363636363636363636363636363636363636363636363636363636363699
:20872000363636363636363636363636363636363636363636363636363636363636363679
:20874000363636363636363636363636363636363636363636363636363636363636363659
:20876000363636363636363636363636363636363636363636363636363636363636363639
:20878000363636363636363636363636363636363636363636363636363636363636363619
:2087A0003636363636363636363636363636363636363636363636363636363636363636F9
:2087C0003636363636363636363636363636363636363636363636363636363636363636D9
:2087E0003636363636363636363636363636363636363636363636363636363636363636B9
:20880000363636363636363636363636363636363636363636363636363636363636363698
:20882000363636363636363636363636363636363636363636363636363636363636363678
:20884000363636363636363636363636363636363636363636363636363636363636363658
:20886000363636363636363636363636363636363636363636363636363636363636363638
:20888000363636363636363636363636363636363636363636363636363636363636363618
:2088A0003636363636363636363636363636363636363636363636363636363636363636F8
:2088C0003636363636363636363636363636363636363636363636363636363636363636D8
:2088E0003636363636363636363636363636363636363636363636363636363636363636B8
:20890000363636363636363636363636363636363636363636363636363636363636363697
:20892000363636363636363636363636363636363636363636363636363636363636363677
:20894000363636363636363636363636363636363636363636363636363636363636363657
:20896000363636363636363636363636363636363636363636363636363636363636363637
:20898000363636363636363636363636363636363636363636363636363636363636363617
:2089A0003636363636363636363636363636363636363636363636363636363636363636F7
:2089C0003636363636363636363636363636363636363636363636363636363636363636D7
:2089E0003636363636363636363636363636363636363636363636363636363636363636B7
:208A0000363636363636363636363636363636363636363636363636363636363636363696
:208A2000363636363636363636363636363636363636363636363636363636363636363676
:208A4000363636363636363636363636363636363636363636363636363636363636363656
:208A6000363636363636363636363636363636363636363636363636363636363636363636
:208A8000363636363636363636363636363636363636363636363636363636363636363616
:208AA0003636363636363636363636363636363636363636363636363636363636363636F6
:208AC0003636363636363636363636363636363636363636363636363636363636363636D6
:208AE0003636363636363636363636363636363636363636363636363636363636363636B6
:208B0000363636363636363636363636363636363636363636363636363636363636363695
:208B2000363636363636363636363636363636363636363636363636363636363636363675
:208B4000363636363636363636363636363636363636363636363636363636363636363655
:208B6000363636363636363636363636363636363636363636363636363636363636363635
:208B8000363636363636363636363636363636363636363636363636363636363636363615
:208BA0003636363636363636363636363636363636363636363636363636363636363636F5
:208BC0003636363636363636363636363636363636363636363636363636363636363636D5
:208BE0003636363636363636363636363636363636363636363636363636363636363636B5
:208C0000363636363636363636363636363636363636363636363636363636363636363694
:208C2000363636363636363636363636363636363636363636363636363636363636363674
:208C4000363636363636363636363636363636363636363636363636363636363636363654
:208C6000363636363636363636363636363636363636363636363636363636363636363634
:208C8000363636363636363636363636363636363636363636363636363636363636363614
:208CA0003636363636363636363636363636363636363636363636363636363636363636F4
:208CC0003636363636363636363636363636363636363636363636363636363636363636D4
:208CE0003636363636363636363636363636363636363636363636363636363636363636B4
:208D0000363636363636363636363636363636363636363636363636363636363636363693
:208D2000363636363636363636363636363636363636363636363636363636363636363673
:208D4000363636363636363636363636363636363636363636363636363636363636363653
:208D6000363636363636363636363636363636363636363636363636363636363636363633
:208D8000363636363636363636363636363636363636363636363636363636363636363613
:208DA0003636363636363636363636363636363636363636363636363636363636363636F3
:208DC0003636363636363636363636363636363636363636363636363636363636363636D3
:208DE0003636363636363636363636363636363636363636363636363636363636363636B3
:208E0000363636363636363636363636363636363636363636363636363636363636363692
:208E2000363636363636363636363636363636363636363636363636363636363636363672
:208E4000363636363636363636363636363636363636363636363636363636363636363652
:208E6000363636363636363636363636363636363636363636363636363636363636363632
:208E8000363636363636363636363636363636363636363636363636363636363636363612
:208EA0003636363636363636363636363636363636363636363636363636363636363636F2
:208EC0003636363636363636363636363636363636363636363636363636363636363636D2
:208EE0003636363636363636363636363636363636363636363636363636363636363636B2
:208F0000363636363636363636363636363636363636363636363636363636363636363691
:208F2000363636363636363636363636363636363636363636363636363636363636363671
:208F4000363636363636363636363636363636363636363636363636363636363636363651
:208F6000363636363636363636363636363636363636363636363636363636363636363631
:208F8000363636363636363636363636363636363636363636363636363636363636363611
:208FA0003636363636363636363636363636363636363636363636363636363636363636F1
:208FC0003636363636363636363636363636363636363636363636363636363636363636D1
:208FE0003636363636363636363636363636363636363636363636363636363636363636B1
:20900000363636363636363636363636363636363636363636363636363636363636363690
:20902000363636363636363636363636363636363636363636363636363636363636363670
:20904000363636363636363636363636363636363636363636363636363636363636363650
:20906000363636363636363636363636363636363636363636363636363636363636363630
:20908000363636363636363636363636363636363636363636363636363636363636363610
:2090A0003636363636363636363636363636363636363636363636363636363636363636F0
:2090C0003636363636363636363636363636363636363636363636363636363636363636D0
:2090E0003636363636363636363636363636363636363636363636363636363636363636B0
:2091000036363636363636363636363636363636363636363636363636363636363636368F
:2091200036363636363636363636363636363636363636363636363636363636363636366F
:2091400036363636363636363636363636363636363636363636363636363636363636364F
:2091600036363636363636363636363636363636363636363636363636363636363636362F
:2091800036363636363636363636363636363636363636363636363636363636363636360F
:2091A0003636363636363636363636363636363636363636363636363636363636363636EF
:2091C0003636363636363636363636363636363636363636363636363636363636363636CF
:2091E0003636363636363636363636363636363636363636363636363636363636363636AF
:2092000036363636363636363636363636363636363636363636363636363636363636368E
:2092200036363636363636363636363636363636363636363636363636363636363636366E
:2092400036363636363636363636363636363636363636363636363636363636363636364E
:2092600036363636363636363636363636363636363636363636363636363636363636362E
:2092800036363636363636363636363636363636363636363636363636363636363636360E
:2092A0003636363636363636363636363636363636363636363636363636363636363636EE
:2092C0003636363636363636363636363636363636363636363636363636363636363636CE
:2092E0003636363636363636363636363636363636363636363636363636363636363636AE
:2093000036363636363636363636363636363636363636363636363636363636363636368D
:2093200036363636363636363636363636363636363636363636363636363636363636366D
:2093400036363636363636363636363636363636363636363636363636363636363636364D
:2093600036363636363636363636363636363636363636363636363636363636363636362D
:2093800036363636363636363636363636363636363636363636363636363636363636360D
:2093A0003636363636363636363636363636363636363636363636363636363636363636ED
:2093C0003636363636363636363636363636363636363636363636363636363636363636CD
:2093E0003636363636363636363636363636363636363636363636363636363636363636AD
:2094000036363636363636363636363636363636363636363636363636363636363636368C
:2094200036363636363636363636363636363636363636363636363636363636363636366C
:2094400036363636363636363636363636363636363636363636363636363636363636364C
:2094600036363636363636363636363636363636363636363636363636363636363636362C
:2094800036363636363636363636363636363636363636363636363636363636363636360C
:2094A0003636363636363636363636363636363636363636363636363636363636363636EC
:2094C0003636363636363636363636363636363636363636363636363636363636363636CC
:2094E0003636363636363636363636363636363636363636363636363636363636363636AC
:2095000036363636363636363636363636363636363636363636363636363636363636368B
:2095200036363636363636363636363636363636363636363636363636363636363636366B
:2095400036363636363636363636363636363636363636363636363636363636363636364B
:2095600036363636363636363636363636363636363636363636363636363636363636362B
:2095800036363636363636363636363636363636363636363636363636363636363636360B
:2095A0003636363636363636363636363636363636363636363636363636363636363636EB
:2095C0003636363636363636363636363636363636363636363636363636363636363636CB
:2095E0003636363636363636363636363636363636363636363636363636363636363636AB
:2096000036363636363636363636363636363636363636363636363636363636363636368A
:2096200036363636363636363636363636363636363636363636363636363636363636366A
:2096400036363636363636363636363636363636363636363636363636363636363636364A
:2096600036363636363636363636363636363636363636363636363636363636363636362A
:2096800036363636363636363636363636363636363636363636363636363636363636360A
:2096A0003636363636363636363636363636363636363636363636363636363636363636EA
:2096C0003636363636363636363636363636363636363636363636363636363636363636CA
:2096E0003636363636363636363636363636363636363636363636363636363636363636AA
:20970000363636363636363636363636363636363636363636363636363636363636363689
:20972000363636363636363636363636363636363636363636363636363636363636363669
:20974000363636363636363636363636363636363636363636363636363636363636363649
:20976000363636363636363636363636363636363636363636363636363636363636363629
:20978000363636363636363636363636363636363636363636363636363636363636363609
:2097A0003636363636363636363636363636363636363636363636363636363636363636E9
:2097C0003636363636363636363636363636363636363636363636363636363636363636C9
:2097E0003636363636363636363636363636363636363636363636363636363636363636A9
:20980000363636363636363636363636363636363636363636363636363636363636363688
:20982000363636363636363636363636363636363636363636363636363636363636363668
:20984000363636363636363636363636363636363636363636363636363636363636363648
:20986000363636363636363636363636363636363636363636363636363636363636363628
:20988000363636363636363636363636363636363636363636363636363636363636363608
:2098A0003636363636363636363636363636363636363636363636363636363636363636E8
:2098C0003636363636363636363636363636363636363636363636363636363636363636C8
:2098E0003636363636363636363636363636363636363636363636363636363636363636A8
:20990000363636363636363636363636363636363636363636363636363636363636363687
:20992000363636363636363636363636363636363636363636363636363636363636363667
:20994000363636363636363636363636363636363636363636363636363636363636363647
:20996000363636363636363636363636363636363636363636363636363636363636363627
:20998000363636363636363636363636363636363636363636363636363636363636363607
:2099A0003636363636363636363636363636363636363636363636363636363636363636E7
:2099C0003636363636363636363636363636363636363636363636363636363636363636C7
:2099E0003636363636363636363636363636363636363636363636363636363636363636A7
:209A0000363636363636363636363636363636363636363636363636363636363636363686
:209A2000363636363636363636363636363636363636363636363636363636363636363666
:209A4000363636363636363636363636363636363636363636363636363636363636363646
:209A6000363636363636363636363636363636363636363636363636363636363636363626
:209A8000363636363636363636363636363636363636363636363636363636363636363606
:209AA0003636363636363636363636363636363636363636363636363636363636363636E6
:209AC0003636363636363636363636363636363636363636363636363636363636363636C6
:209AE0003636363636363636363636363636363636363636363636363636363636363636A6
:209B0000363636363636363636363636363636363636363636363636363636363636363685
:209B2000363636363636363636363636363636363636363636363636363636363636363665
:209B4000363636363636363636363636363636363636363636363636363636363636363645
:209B6000363636363636363636363636363636363636363636363636363636363636363625
:209B8000363636363636363636363636363636363636363636363636363636363636363605
:209BA0003636363636363636363636363636363636363636363636363636363636363636E5
:209BC0003636363636363636363636363636363636363636363636363636363636363636C5
:209BE0003636363636363636363636363636363636363636363636363636363636363636A5
:209C0000363636363636363636363636363636363636363636363636363636363636363684
:209C2000363636363636363636363636363636363636363636363636363636363636363664
:209C4000363636363636363636363636363636363636363636363636363636363636363644
:209C6000363636363636363636363636363636363636363636363636363636363636363624
:209C8000363636363636363636363636363636363636363636363636363636363636363604
:209CA0003636363636363636363636363636363636363636363636363636363636363636E4
:209CC0003636363636363636363636363636363636363636363636363636363636363636C4
:209CE0003636363636363636363636363636363636363636363636363636363636363636A4
:209D0000363636363636363636363636363636363636363636363636363636363636363683
:209D2000363636363636363636363636363636363636363636363636363636363636363663
:209D4000363636363636363636363636363636363636363636363636363636363636363643
:209D6000363636363636363636363636363636363636363636363636363636363636363623
:209D8000363636363636363636363636363636363636363636363636363636363636363603
:209DA0003636363636363636363636363636363636363636363636363636363636363636E3
:209DC0003636363636363636363636363636363636363636363636363636363636363636C3
:209DE0003636363636363636363636363636363636363636363636363636363636363636A3
:209E0000363636363636363636363636363636363636363636363636363636363636363682
:209E2000363636363636363636363636363636363636363636363636363636363636363662
:209E4000363636363636363636363636363636363636363636363636363636363636363642
:209E6000363636363636363636363636363636363636363636363636363636363636363622
:209E8000363636363636363636363636363636363636363636363636363636363636363602
:209EA0003636363636363636363636363636363636363636363636363636363636363636E2
:209EC0003636363636363636363636363636363636363636363636363636363636363636C2
:209EE0003636363636363636363636363636363636363636363636363636363636363636A2
:209F0000363636363636363636363636363636363636363636363636363636363636363681
:209F2000363636363636363636363636363636363636363636363636363636363636363661
:209F4000363636363636363636363636363636363636363636363636363636363636363641
:209F6000363636363636363636363636363636363636363636363636363636363636363621
:209F8000363636363636363636363636363636363636363636363636363636363636363601
:209FA0003636363636363636363636363636363636363636363636363636363636363636E1
:209FC0003636363636363636363636363636363636363636363636363636363636363636C1
:209FE0003636363636363636363636363636363636363636363636363636363636363636A1
:20A00000363636363636363636363636363636363636363636363636363636363636363680
:20A02000363636363636363636363636363636363636363636363636363636363636363660
:20A04000363636363636363636363636363636363636363636363636363636363636363640
:20A06000363636363636363636363636363636363636363636363636363636363636363620
:20A08000363636363636363636363636363636363636363636363636363636363636363600
:20A0A0003636363636363636363636363636363636363636363636363636363636363636E0
:20A0C0003636363636363636363636363636363636363636363636363636363636363636C0
:20A0E0003636363636363636363636363636363636363636363636363636363636363636A0
:20A1000036363636363636363636363636363636363636363636363636363636363636367F
:20A1200036363636363636363636363636363636363636363636363636363636363636365F
:20A1400036363636363636363636363636363636363636363636363636363636363636363F
:20A1600036363636363636363636363636363636363636363636363636363636363636361F
:20A180003636363636363636363636363636363636363636363636363636363636363636FF
:20A1A0003636363636363636363636363636363636363636363636363636363636363636DF
:20A1C0003636363636363636363636363636363636363636363636363636363636363636BF
:20A1E00036363636363636363636363636363636363636363636363636363636363636369F
:20A2000036363636363636363636363636363636363636363636363636363636363636367E
:20A2200036363636363636363636363636363636363636363636363636363636363636365E
:20A2400036363636363636363636363636363636363636363636363636363636363636363E
:20A2600036363636363636363636363636363636363636363636363636363636363636361E
:20A280003636363636363636363636363636363636363636363636363636363636363636FE
:20A2A0003636363636363636363636363636363636363636363636363636363636363636DE
:20A2C0003636363636363636363636363636363636363636363636363636363636363636BE
:20A2E00036363636363636363636363636363636363636363636363636363636363636369E
:20A3000036363636363636363636363636363636363636363636363636363636363636367D
:20A3200036363636363636363636363636363636363636363636363636363636363636365D
:20A3400036363636363636363636363636363636363636363636363636363636363636363D
:20A3600036363636363636363636363636363636363636363636363636363636363636361D
:20A380003636363636363636363636363636363636363636363636363636363636363636FD
:20A3A0003636363636363636363636363636363636363636363636363636363636363636DD
:20A3C0003636363636363636363636363636363636363636363636363636363636363636BD
:20A3E00036363636363636363636363636363636363636363636363636363636363636369D
:20A4000036363636363636363636363636363636363636363636363636363636363636367C
:20A4200036363636363636363636363636363636363636363636363636363636363636365C
:20A4400036363636363636363636363636363636363636363636363636363636363636363C
:20A4600036363636363636363636363636363636363636363636363636363636363636361C
:20A480003636363636363636363636363636363636363636363636363636363636363636FC
:20A4A0003636363636363636363636363636363636363636363636363636363636363636DC
:20A4C0003636363636363636363636363636363636363636363636363636363636363636BC
:20A4E00036363636363636363636363636363636363636363636363636363636363636369C
:20A5000036363636363636363636363636363636363636363636363636363636363636367B
:20A5200036363636363636363636363636363636363636363636363636363636363636365B
:20A5400036363636363636363636363636363636363636363636363636363636363636363B
:20A5600036363636363636363636363636363636363636363636363636363636363636361B
:20A580003636363636363636363636363636363636363636363636363636363636363636FB
:20A5A0003636363636363636363636363636363636363636363636363636363636363636DB
:20A5C0003636363636363636363636363636363636363636363636363636363636363636BB
:20A5E00036363636363636363636363636363636363636363636363636363636363636369B
:20A6000036363636363636363636363636363636363636363636363636363636363636367A
:20A6200036363636363636363636363636363636363636363636363636363636363636365A
:20A6400036363636363636363636363636363636363636363636363636363636363636363A
:20A6600036363636363636363636363636363636363636363636363636363636363636361A
:20A680003636363636363636363636363636363636363636363636363636363636363636FA
:20A6A0003636363636363636363636363636363636363636363636363636363636363636DA
:20A6C0003636363636363636363636363636363636363636363636363636363636363636BA
:20A6E00036363636363636363636363636363636363636363636363636363636363636369A
:20A70000363636363636363636363636363636363636363636363636363636363636363679
:20A72000363636363636363636363636363636363636363636363636363636363636363659
:20A74000363636363636363636363636363636363636363636363636363636363636363639
:20A76000363636363636363636363636363636363636363636363636363636363636363619
:20A780003636363636363636363636363636363636363636363636363636363636363636F9
:20A7A0003636363636363636363636363636363636363636363636363636363636363636D9
:20A7C0003636363636363636363636363636363636363636363636363636363636363636B9
:20A7E000363636363636363636363636363636363636363636363636363636363636363699
:20A80000363636363636363636363636363636363636363636363636363636363636363678
:20A82000363636363636363636363636363636363636363636363636363636363636363658
:20A84000363636363636363636363636363636363636363636363636363636363636363638
:20A86000363636363636363636363636363636363636363636363636363636363636363618
:20A880003636363636363636363636363636363636363636363636363636363636363636F8
:20A8A0003636363636363636363636363636363636363636363636363636363636363636D8
:20A8C0003636363636363636363636363636363636363636363636363636363636363636B8
:20A8E000363636363636363636363636363636363636363636363636363636363636363698
:20A90000363636363636363636363636363636363636363636363636363636363636363677
:20A92000363636363636363636363636363636363636363636363636363636363636363657
:20A94000363636363636363636363636363636363636363636363636363636363636363637
:20A96000363636363636363636363636363636363636363636363636363636363636363617
:20A980003636363636363636363636363636363636363636363636363636363636363636F7
:20A9A0003636363636363636363636363636363636363636363636363636363636363636D7
:20A9C0003636363636363636363636363636363636363636363636363636363636363636B7
:20A9E000363636363636363636363636363636363636363636363636363636363636363697
:20AA0000363636363636363636363636363636363636363636363636363636363636363676
:20AA2000363636363636363636363636363636363636363636363636363636363636363656
:20AA4000363636363636363636363636363636363636363636363636363636363636363636
:20AA6000363636363636363636363636363636363636363636363636363636363636363616
:20AA80003636363636363636363636363636363636363636363636363636363636363636F6
:20AAA0003636363636363636363636363636363636363636363636363636363636363636D6
:20AAC0003636363636363636363636363636363636363636363636363636363636363636B6
:20AAE000363636363636363636363636363636363636363636363636363636363636363696
:20AB0000363636363636363636363636363636363636363636363636363636363636363675
:20AB2000363636363636363636363636363636363636363636363636363636363636363655
:20AB4000363636363636363636363636363636363636363636363636363636363636363635
:20AB6000363636363636363636363636363636363636363636363636363636363636363615
:20AB80003636363636363636363636363636363636363636363636363636363636363636F5
:20ABA0003636363636363636363636363636363636363636363636363636363636363636D5
:20ABC0003636363636363636363636363636363636363636363636363636363636363636B5
:20ABE000363636363636363636363636363636363636363636363636363636363636363695
:20AC0000363636363636363636363636363636363636363636363636363636363636363674
:20AC2000363636363636363636363636363636363636363636363636363636363636363654
:20AC4000363636363636363636363636363636363636363636363636363636363636363634
:20AC6000363636363636363636363636363636363636363636363636363636363636363614
:20AC80003636363636363636363636363636363636363636363636363636363636363636F4
:20ACA0003636363636363636363636363636363636363636363636363636363636363636D4
:20ACC0003636363636363636363636363636363636363636363636363636363636363636B4
:20ACE000363636363636363636363636363636363636363636363636363636363636363694
:20AD0000363636363636363636363636363636363636363636363636363636363636363673
:20AD2000363636363636363636363636363636363636363636363636363636363636363653
:20AD4000363636363636363636363636363636363636363636363636363636363636363633
:20AD6000363636363636363636363636363636363636363636363636363636363636363613
:20AD80003636363636363636363636363636363636363636363636363636363636363636F3
:20ADA0003636363636363636363636363636363636363636363636363636363636363636D3
:20ADC0003636363636363636363636363636363636363636363636363636363636363636B3
:20ADE000363636363636363636363636363636363636363636363636363636363636363693
:20AE0000363636363636363636363636363636363636363636363636363636363636363672
:20AE2000363636363636363636363636363636363636363636363636363636363636363652
:20AE4000363636363636363636363636363636363636363636363636363636363636363632
:20AE6000363636363636363636363636363636363636363636363636363636363636363612
:20AE80003636363636363636363636363636363636363636363636363636363636363636F2
:20AEA0003636363636363636363636363636363636363636363636363636363636363636D2
:20AEC0003636363636363636363636363636363636363636363636363636363636363636B2
:20AEE000363636363636363636363636363636363636363636363636363636363636363692
:20AF0000363636363636363636363636363636363636363636363636363636363636363671
:20AF2000363636363636363636363636363636363636363636363636363636363636363651
:20AF4000363636363636363636363636363636363636363636363636363636363636363631
:20AF6000363636363636363636363636363636363636363636363636363636363636363611
:20AF80003636363636363636363636363636363636363636363636363636363636363636F1
:20AFA0003636363636363636363636363636363636363636363636363636363636363636D1
:20AFC0003636363636363636363636363636363636363636363636363636363636363636B1
:20AFE000363636363636363636363636363636363636363636363636363636363636363691
:20B00000363636363636363636363636363636363636363636363636363636363636363670
:20B02000363636363636363636363636363636363636363636363636363636363636363650
:20B04000363636363636363636363636363636363636363636363636363636363636363630
:20B06000363636363636363636363636363636363636363636363636363636363636363610
:20B080003636363636363636363636363636363636363636363636363636363636363636F0
:20B0A0003636363636363636363636363636363636363636363636363636363636363636D0
:20B0C0003636363636363636363636363636363636363636363636363636363636363636B0
:20B0E000363636363636363636363636363636363636363636363636363636363636363690
:20B1000036363636363636363636363636363636363636363636363636363636363636366F
:20B1200036363636363636363636363636363636363636363636363636363636363636364F
:20B1400036363636363636363636363636363636363636363636363636363636363636362F
:20B1600036363636363636363636363636363636363636363636363636363636363636360F
:20B180003636363636363636363636363636363636363636363636363636363636363636EF
:20B1A0003636363636363636363636363636363636363636363636363636363636363636CF
:20B1C0003636363636363636363636363636363636363636363636363636363636363636AF
:20B1E00036363636363636363636363636363636363636363636363636363636363636368F
:20B2000036363636363636363636363636363636363636363636363636363636363636366E
:20B2200036363636363636363636363636363636363636363636363636363636363636364E
:20B2400036363636363636363636363636363636363636363636363636363636363636362E
:20B2600036363636363636363636363636363636363636363636363636363636363636360E
:20B280003636363636363636363636363636363636363636363636363636363636363636EE
:20B2A0003636363636363636363636363636363636363636363636363636363636363636CE
:20B2C0003636363636363636363636363636363636363636363636363636363636363636AE
:20B2E00036363636363636363636363636363636363636363636363636363636363636368E
:20B3000036363636363636363636363636363636363636363636363636363636363636366D
:20B3200036363636363636363636363636363636363636363636363636363636363636364D
:20B3400036363636363636363636363636363636363636363636363636363636363636362D
:20B3600036363636363636363636363636363636363636363636363636363636363636360D
:20B380003636363636363636363636363636363636363636363636363636363636363636ED
:20B3A0003636363636363636363636363636363636363636363636363636363636363636CD
:20B3C0003636363636363636363636363636363636363636363636363636363636363636AD
:20B3E00036363636363636363636363636363636363636363636363636363636363636368D
:20B4000036363636363636363636363636363636363636363636363636363636363636366C
:20B4200036363636363636363636363636363636363636363636363636363636363636364C
:20B4400036363636363636363636363636363636363636363636363636363636363636362C
:20B4600036363636363636363636363636363636363636363636363636363636363636360C
:20B480003636363636363636363636363636363636363636363636363636363636363636EC
:20B4A0003636363636363636363636363636363636363636363636363636363636363636CC
:20B4C0003636363636363636363636363636363636363636363636363636363636363636AC
:20B4E00036363636363636363636363636363636363636363636363636363636363636368C
:20B5000036363636363636363636363636363636363636363636363636363636363636366B
:20B5200036363636363636363636363636363636363636363636363636363636363636364B
:20B5400036363636363636363636363636363636363636363636363636363636363636362B
:20B5600036363636363636363636363636363636363636363636363636363636363636360B
:20B580003636363636363636363636363636363636363636363636363636363636363636EB
:20B5A0003636363636363636363636363636363636363636363636363636363636363636CB
:20B5C0003636363636363636363636363636363636363636363636363636363636363636AB
:20B5E00036363636363636363636363636363636363636363636363636363636363636368B
:20B6000036363636363636363636363636363636363636363636363636363636363636366A
:20B6200036363636363636363636363636363636363636363636363636363636363636364A
:20B6400036363636363636363636363636363636363636363636363636363636363636362A
:20B6600036363636363636363636363636363636363636363636363636363636363636360A
:20B680003636363636363636363636363636363636363636363636363636363636363636EA
:20B6A0003636363636363636363636363636363636363636363636363636363636363636CA
:20B6C0003636363636363636363636363636363636363636363636363636363636363636AA
:20B6E00036363636363636363636363636363636363636363636363636363636363636368A
:20B70000363636363636363636363636363636363636363636363636363636363636363669
:20B72000363636363636363636363636363636363636363636363636363636363636363649
:20B74000363636363636363636363636363636363636363636363636363636363636363629
:20B76000363636363636363636363636363636363636363636363636363636363636363609
:20B780003636363636363636363636363636363636363636363636363636363636363636E9
:20B7A0003636363636363636363636363636363636363636363636363636363636363636C9
:20B7C0003636363636363636363636363636363636363636363636363636363636363636A9
:20B7E000363636363636363636363636363636363636363636363636363636363636363689
:20B80000363636363636363636363636363636363636363636363636363636363636363668
:20B82000363636363636363636363636363636363636363636363636363636363636363648
:20B84000363636363636363636363636363636363636363636363636363636363636363628
:20B86000363636363636363636363636363636363636363636363636363636363636363608
:20B880003636363636363636363636363636363636363636363636363636363636363636E8
:20B8A0003636363636363636363636363636363636363636363636363636363636363636C8
:20B8C0003636363636363636363636363636363636363636363636363636363636363636A8
:20B8E000363636363636363636363636363636363636363636363636363636363636363688
:20B90000363636363636363636363636363636363636363636363636363636363636363667
:20B92000363636363636363636363636363636363636363636363636363636363636363647
:20B94000363636363636363636363636363636363636363636363636363636363636363627
:20B96000363636363636363636363636363636363636363636363636363636363636363607
:20B980003636363636363636363636363636363636363636363636363636363636363636E7
:20B9A0003636363636363636363636363636363636363636363636363636363636363636C7
:20B9C0003636363636363636363636363636363636363636363636363636363636363636A7
:20B9E000363636363636363636363636363636363636363636363636363636363636363687
:20BA0000363636363636363636363636363636363636363636363636363636363636363666
:20BA2000363636363636363636363636363636363636363636363636363636363636363646
:20BA4000363636363636363636363636363636363636363636363636363636363636363626
:20BA6000363636363636363636363636363636363636363636363636363636363636363606
:20BA80003636363636363636363636363636363636363636363636363636363636363636E6
:20BAA0003636363636363636363636363636363636363636363636363636363636363636C6
:20BAC0003636363636363636363636363636363636363636363636363636363636363636A6
:20BAE000363636363636363636363636363636363636363636363636363636363636363686
:20BB0000363636363636363636363636363636363636363636363636363636363636363665
:20BB2000363636363636363636363636363636363636363636363636363636363636363645
:20BB4000363636363636363636363636363636363636363636363636363636363636363625
:20BB6000363636363636363636363636363636363636363636363636363636363636363605
:20BB80003636363636363636363636363636363636363636363636363636363636363636E5
:20BBA0003636363636363636363636363636363636363636363636363636363636363636C5
:20BBC0003636363636363636363636363636363636363636363636363636363636363636A5
:20BBE000363636363636363636363636363636363636363636363636363636363636363685
:20BC0000363636363636363636363636363636363636363636363636363636363636363664
:20BC2000363636363636363636363636363636363636363636363636363636363636363644
:20BC4000363636363636363636363636363636363636363636363636363636363636363624
:20BC6000363636363636363636363636363636363636363636363636363636363636363604
:20BC80003636363636363636363636363636363636363636363636363636363636363636E4
:20BCA0003636363636363636363636363636363636363636363636363636363636363636C4
:20BCC0003636363636363636363636363636363636363636363636363636363636363636A4
:20BCE000363636363636363636363636363636363636363636363636363636363636363684
:20BD0000363636363636363636363636363636363636363636363636363636363636363663
:20BD2000363636363636363636363636363636363636363636363636363636363636363643
:20BD4000363636363636363636363636363636363636363636363636363636363636363623
:20BD6000363636363636363636363636363636363636363636363636363636363636363603
:20BD80003636363636363636363636363636363636363636363636363636363636363636E3
:20BDA0003636363636363636363636363636363636363636363636363636363636363636C3
:20BDC0003636363636363636363636363636363636363636363636363636363636363636A3
:20BDE000363636363636363636363636363636363636363636363636363636363636363683
:20BE0000363636363636363636363636363636363636363636363636363636363636363662
:20BE2000363636363636363636363636363636363636363636363636363636363636363642
:20BE4000363636363636363636363636363636363636363636363636363636363636363622
:20BE6000363636363636363636363636363636363636363636363636363636363636363602
:20BE80003636363636363636363636363636363636363636363636363636363636363636E2
:20BEA0003636363636363636363636363636363636363636363636363636363636363636C2
:20BEC0003636363636363636363636363636363636363636363636363636363636363636A2
:20BEE000363636363636363636363636363636363636363636363636363636363636363682
:20BF0000363636363636363636363636363636363636363636363636363636363636363661
:20BF2000363636363636363636363636363636363636363636363636363636363636363641
:20BF4000363636363636363636363636363636363636363636363636363636363636363621
:20BF6000363636363636363636363636363636363636363636363636363636363636363601
:20BF80003636363636363636363636363636363636363636363636363636363636363636E1
:20BFA0003636363636363636363636363636363636363636363636363636363636363636C1
:20BFC0003636363636363636363636363636363636363636363636363636363636363636A1
:20BFE000363636363636363636363636363636363636363636363636363636363636363681
:20C00000363636363636363636363636363636363636363636363636363636363636363660
:20C02000363636363636363636363636363636363636363636363636363636363636363640
:20C04000363636363636363636363636363636363636363636363636363636363636363620
:20C06000363636363636363636363636363636363636363636363636363636363636363600
:20C080003636363636363636363636363636363636363636363636363636363636363636E0
:20C0A0003636363636363636363636363636363636363636363636363636363636363636C0
:20C0C0003636363636363636363636363636363636363636363636363636363636363636A0
:20C0E000363636363636363636363636363636363636363636363636363636363636363680
:20C1000036363636363636363636363636363636363636363636363636363636363636365F
:20C1200036363636363636363636363636363636363636363636363636363636363636363F
:20C1400036363636363636363636363636363636363636363636363636363636363636361F
:20C160003636363636363636363636363636363636363636363636363636363636363636FF
:20C180003636363636363636363636363636363636363636363636363636363636363636DF
:20C1A0003636363636363636363636363636363636363636363636363636363636363636BF
:20C1C00036363636363636363636363636363636363636363636363636363636363636369F
:20C1E00036363636363636363636363636363636363636363636363636363636363636367F
:20C2000036363636363636363636363636363636363636363636363636363636363636365E
:20C2200036363636363636363636363636363636363636363636363636363636363636363E
:20C2400036363636363636363636363636363636363636363636363636363636363636361E
:20C260003636363636363636363636363636363636363636363636363636363636363636FE
:20C280003636363636363636363636363636363636363636363636363636363636363636DE
:20C2A0003636363636363636363636363636363636363636363636363636363636363636BE
:20C2C00036363636363636363636363636363636363636363636363636363636363636369E
:20C2E00036363636363636363636363636363636363636363636363636363636363636367E
:20C3000036363636363636363636363636363636363636363636363636363636363636365D
:20C3200036363636363636363636363636363636363636363636363636363636363636363D
:20C3400036363636363636363636363636363636363636363636363636363636363636361D
:20C360003636363636363636363636363636363636363636363636363636363636363636FD
:20C380003636363636363636363636363636363636363636363636363636363636363636DD
:20C3A0003636363636363636363636363636363636363636363636363636363636363636BD
:20C3C00036363636363636363636363636363636363636363636363636363636363636369D
:20C3E00036363636363636363636363636363636363636363636363636363636363636367D
:20C4000036363636363636363636363636363636363636363636363636363636363636365C
:20C4200036363636363636363636363636363636363636363636363636363636363636363C
:20C4400036363636363636363636363636363636363636363636363636363636363636361C
:20C460003636363636363636363636363636363636363636363636363636363636363636FC
:20C480003636363636363636363636363636363636363636363636363636363636363636DC
:20C4A0003636363636363636363636363636363636363636363636363636363636363636BC
:20C4C00036363636363636363636363636363636363636363636363636363636363636369C
:20C4E00036363636363636363636363636363636363636363636363636363636363636367C
:20C5000036363636363636363636363636363636363636363636363636363636363636365B
:20C5200036363636363636363636363636363636363636363636363636363636363636363B
:20C5400036363636363636363636363636363636363636363636363636363636363636361B
:20C560003636363636363636363636363636363636363636363636363636363636363636FB
:20C580003636363636363636363636363636363636363636363636363636363636363636DB
:20C5A0003636363636363636363636363636363636363636363636363636363636363636BB
:20C5C00036363636363636363636363636363636363636363636363636363636363636369B
:20C5E00036363636363636363636363636363636363636363636363636363636363636367B
:20C6000036363636363636363636363636363636363636363636363636363636363636365A
:20C6200036363636363636363636363636363636363636363636363636363636363636363A
:20C6400036363636363636363636363636363636363636363636363636363636363636361A
:20C660003636363636363636363636363636363636363636363636363636363636363636FA
:20C680003636363636363636363636363636363636363636363636363636363636363636DA
:20C6A0003636363636363636363636363636363636363636363636363636363636363636BA
:20C6C00036363636363636363636363636363636363636363636363636363636363636369A
:20C6E00036363636363636363636363636363636363636363636363636363636363636367A
:20C70000363636363636363636363636363636363636363636363636363636363636363659
:20C72000363636363636363636363636363636363636363636363636363636363636363639
:20C74000363636363636363636363636363636363636363636363636363636363636363619
:20C760003636363636363636363636363636363636363636363636363636363636363636F9
:20C780003636363636363636363636363636363636363636363636363636363636363636D9
:20C7A0003636363636363636363636363636363636363636363636363636363636363636B9
:20C7C000363636363636363636363636363636363636363636363636363636363636363699
:20C7E000363636363636363636363636363636363636363636363636363636363636363679
:20C80000363636363636363636363636363636363636363636363636363636363636363658
:20C82000363636363636363636363636363636363636363636363636363636363636363638
:20C84000363636363636363636363636363636363636363636363636363636363636363618
:20C860003636363636363636363636363636363636363636363636363636363636363636F8
:20C880003636363636363636363636363636363636363636363636363636363636363636D8
:20C8A0003636363636363636363636363636363636363636363636363636363636363636B8
:20C8C000363636363636363636363636363636363636363636363636363636363636363698
:20C8E000363636363636363636363636363636363636363636363636363636363636363678
:20C90000363636363636363636363636363636363636363636363636363636363636363657
:20C92000363636363636363636363636363636363636363636363636363636363636363637
:20C94000363636363636363636363636363636363636363636363636363636363636363617
:20C960003636363636363636363636363636363636363636363636363636363636363636F7
:20C980003636363636363636363636363636363636363636363636363636363636363636D7
:20C9A0003636363636363636363636363636363636363636363636363636363636363636B7
:20C9C000363636363636363636363636363636363636363636363636363636363636363697
:20C9E000363636363636363636363636363636363636363636363636363636363636363677
:20CA0000363636363636363636363636363636363636363636363636363636363636363656
:20CA2000363636363636363636363636363636363636363636363636363636363636363636
:20CA4000363636363636363636363636363636363636363636363636363636363636363616
:20CA60003636363636363636363636363636363636363636363636363636363636363636F6
:20CA80003636363636363636363636363636363636363636363636363636363636363636D6
:20CAA0003636363636363636363636363636363636363636363636363636363636363636B6
:20CAC000363636363636363636363636363636363636363636363636363636363636363696
:20CAE000363636363636363636363636363636363636363636363636363636363636363676
:20CB0000363636363636363636363636363636363636363636363636363636363636363655
:20CB2000363636363636363636363636363636363636363636363636363636363636363635
:20CB4000363636363636363636363636363636363636363636363636363636363636363615
:20CB60003636363636363636363636363636363636363636363636363636363636363636F5
:20CB80003636363636363636363636363636363636363636363636363636363636363636D5
:20CBA0003636363636363636363636363636363636363636363636363636363636363636B5
:20CBC000363636363636363636363636363636363636363636363636363636363636363695
:20CBE000363636363636363636363636363636363636363636363636363636363636363675
:20CC0000363636363636363636363636363636363636363636363636363636363636363654
:20CC2000363636363636363636363636363636363636363636363636363636363636363634
:20CC4000363636363636363636363636363636363636363636363636363636363636363614
:20CC60003636363636363636363636363636363636363636363636363636363636363636F4
:20CC80003636363636363636363636363636363636363636363636363636363636363636D4
:20CCA0003636363636363636363636363636363636363636363636363636363636363636B4
:20CCC000363636363636363636363636363636363636363636363636363636363636363694
:20CCE000363636363636363636363636363636363636363636363636363636363636363674
:20CD0000363636363636363636363636363636363636363636363636363636363636363653
:20CD2000363636363636363636363636363636363636363636363636363636363636363633
:20CD4000363636363636363636363636363636363636363636363636363636363636363613
:20CD60003636363636363636363636363636363636363636363636363636363636363636F3
:20CD80003636363636363636363636363636363636363636363636363636363636363636D3
:20CDA0003636363636363636363636363636363636363636363636363636363636363636B3
:20CDC000363636363636363636363636363636363636363636363636363636363636363693
:20CDE000363636363636363636363636363636363636363636363636363636363636363673
:20CE0000363636363636363636363636363636363636363636363636363636363636363652
:20CE2000363636363636363636363636363636363636363636363636363636363636363632
:20CE4000363636363636363636363636363636363636363636363636363636363636363612
:20CE60003636363636363636363636363636363636363636363636363636363636363636F2
:20CE80003636363636363636363636363636363636363636363636363636363636363636D2
:20CEA0003636363636363636363636363636363636363636363636363636363636363636B2
:20CEC000363636363636363636363636363636363636363636363636363636363636363692
:20CEE000363636363636363636363636363636363636363636363636363636363636363672
:20CF0000363636363636363636363636363636363636363636363636363636363636363651
:20CF2000363636363636363636363636363636363636363636363636363636363636363631
:20CF4000363636363636363636363636363636363636363636363636363636363636363611
:20CF60003636363636363636363636363636363636363636363636363636363636363636F1
:20CF80003636363636363636363636363636363636363636363636363636363636363636D1
:20CFA0003636363636363636363636363636363636363636363636363636363636363636B1
:20CFC000363636363636363636363636363636363636363636363636363636363636363691
:20CFE000363636363636363636363636363636363636363636363636363636363636363671
:20D00000363636363636363636363636363636363636363636363636363636363636363650
:20D02000363636363636363636363636363636363636363636363636363636363636363630
:20D04000363636363636363636363636363636363636363636363636363636363636363610
:20D060003636363636363636363636363636363636363636363636363636363636363636F0
:20D080003636363636363636363636363636363636363636363636363636363636363636D0
:20D0A0003636363636363636363636363636363636363636363636363636363636363636B0
:20D0C000363636363636363636363636363636363636363636363636363636363636363690
:20D0E000363636363636363636363636363636363636363636363636363636363636363670
:20D1000036363636363636363636363636363636363636363636363636363636363636364F
:20D1200036363636363636363636363636363636363636363636363636363636363636362F
:20D1400036363636363636363636363636363636363636363636363636363636363636360F
:20D160003636363636363636363636363636363636363636363636363636363636363636EF
:20D180003636363636363636363636363636363636363636363636363636363636363636CF
:20D1A0003636363636363636363636363636363636363636363636363636363636363636AF
:20D1C00036363636363636363636363636363636363636363636363636363636363636368F
:20D1E00036363636363636363636363636363636363636363636363636363636363636366F
:20D2000036363636363636363636363636363636363636363636363636363636363636364E
:20D2200036363636363636363636363636363636363636363636363636363636363636362E
:20D2400036363636363636363636363636363636363636363636363636363636363636360E
:20D260003636363636363636363636363636363636363636363636363636363636363636EE
:20D280003636363636363636363636363636363636363636363636363636363636363636CE
:20D2A0003636363636363636363636363636363636363636363636363636363636363636AE
:20D2C00036363636363636363636363636363636363636363636363636363636363636368E
:20D2E00036363636363636363636363636363636363636363636363636363636363636366E
:20D3000036363636363636363636363636363636363636363636363636363636363636364D
:20D3200036363636363636363636363636363636363636363636363636363636363636362D
:20D3400036363636363636363636363636363636363636363636363636363636363636360D
:20D360003636363636363636363636363636363636363636363636363636363636363636ED
:20D380003636363636363636363636363636363636363636363636363636363636363636CD
:20D3A0003636363636363636363636363636363636363636363636363636363636363636AD
:20D3C00036363636363636363636363636363636363636363636363636363636363636368D
:20D3E00036363636363636363636363636363636363636363636363636363636363636366D
:20D4000036363636363636363636363636363636363636363636363636363636363636364C
:20D4200036363636363636363636363636363636363636363636363636363636363636362C
:20D4400036363636363636363636363636363636363636363636363636363636363636360C
:20D460003636363636363636363636363636363636363636363636363636363636363636EC
:20D480003636363636363636363636363636363636363636363636363636363636363636CC
:20D4A0003636363636363636363636363636363636363636363636363636363636363636AC
:20D4C00036363636363636363636363636363636363636363636363636363636363636368C
:20D4E00036363636363636363636363636363636363636363636363636363636363636366C
:20D5000036363636363636363636363636363636363636363636363636363636363636364B
:20D5200036363636363636363636363636363636363636363636363636363636363636362B
:20D5400036363636363636363636363636363636363636363636363636363636363636360B
:20D560003636363636363636363636363636363636363636363636363636363636363636EB
:20D580003636363636363636363636363636363636363636363636363636363636363636CB
:20D5A0003636363636363636363636363636363636363636363636363636363636363636AB
:20D5C00036363636363636363636363636363636363636363636363636363636363636368B
:20D5E00036363636363636363636363636363636363636363636363636363636363636366B
:20D6000036363636363636363636363636363636363636363636363636363636363636364A
:20D6200036363636363636363636363636363636363636363636363636363636363636362A
:20D6400036363636363636363636363636363636363636363636363636363636363636360A
:20D660003636363636363636363636363636363636363636363636363636363636363636EA
:20D680003636363636363636363636363636363636363636363636363636363636363636CA
:20D6A0003636363636363636363636363636363636363636363636363636363636363636AA
:20D6C00036363636363636363636363636363636363636363636363636363636363636368A
:20D6E00036363636363636363636363636363636363636363636363636363636363636366A
:20D70000363636363636363636363636363636363636363636363636363636363636363649
:20D72000363636363636363636363636363636363636363636363636363636363636363629
:20D74000363636363636363636363636363636363636363636363636363636363636363609
:20D760003636363636363636363636363636363636363636363636363636363636363636E9
:20D780003636363636363636363636363636363636363636363636363636363636363636C9
:20D7A0003636363636363636363636363636363636363636363636363636363636363636A9
:20D7C000363636363636363636363636363636363636363636363636363636363636363689
:20D7E000363636363636363636363636363636363636363636363636363636363636363669
:20D80000363636363636363636363636363636363636363636363636363636363636363648
:20D82000363636363636363636363636363636363636363636363636363636363636363628
:20D84000363636363636363636363636363636363636363636363636363636363636363608
:20D860003636363636363636363636363636363636363636363636363636363636363636E8
:20D880003636363636363636363636363636363636363636363636363636363636363636C8
:20D8A0003636363636363636363636363636363636363636363636363636363636363636A8
:20D8C000363636363636363636363636363636363636363636363636363636363636363688
:20D8E000363636363636363636363636363636363636363636363636363636363636363668
:20D90000363636363636363636363636363636363636363636363636363636363636363647
:20D92000363636363636363636363636363636363636363636363636363636363636363627
:20D94000363636363636363636363636363636363636363636363636363636363636363607
:20D960003636363636363636363636363636363636363636363636363636363636363636E7
:20D980003636363636363636363636363636363636363636363636363636363636363636C7
:20D9A0003636363636363636363636363636363636363636363636363636363636363636A7
:20D9C000363636363636363636363636363636363636363636363636363636363636363687
:20D9E000363636363636363636363636363636363636363636363636363636363636363667
:20DA0000363636363636363636363636363636363636363636363636363636363636363646
:20DA2000363636363636363636363636363636363636363636363636363636363636363626
:20DA4000363636363636363636363636363636363636363636363636363636363636363606
:20DA60003636363636363636363636363636363636363636363636363636363636363636E6
:20DA80003636363636363636363636363636363636363636363636363636363636363636C6
:20DAA0003636363636363636363636363636363636363636363636363636363636363636A6
:20DAC000363636363636363636363636363636363636363636363636363636363636363686
:20DAE000363636363636363636363636363636363636363636363636363636363636363666
:20DB0000363636363636363636363636363636363636363636363636363636363636363645
:20DB2000363636363636363636363636363636363636363636363636363636363636363625
:20DB4000363636363636363636363636363636363636363636363636363636363636363605
:20DB60003636363636363636363636363636363636363636363636363636363636363636E5
:20DB80003636363636363636363636363636363636363636363636363636363636363636C5
:20DBA0003636363636363636363636363636363636363636363636363636363636363636A5
:20DBC000363636363636363636363636363636363636363636363636363636363636363685
:20DBE000363636363636363636363636363636363636363636363636363636363636363665
:20DC0000363636363636363636363636363636363636363636363636363636363636363644
:20DC2000363636363636363636363636363636363636363636363636363636363636363624
:20DC4000363636363636363636363636363636363636363636363636363636363636363604
:20DC60003636363636363636363636363636363636363636363636363636363636363636E4
:20DC80003636363636363636363636363636363636363636363636363636363636363636C4
:20DCA0003636363636363636363636363636363636363636363636363636363636363636A4
:20DCC000363636363636363636363636363636363636363636363636363636363636363684
:20DCE000363636363636363636363636363636363636363636363636363636363636363664
:20DD0000363636363636363636363636363636363636363636363636363636363636363643
:20DD2000363636363636363636363636363636363636363636363636363636363636363623
:20DD4000363636363636363636363636363636363636363636363636363636363636363603
:20DD60003636363636363636363636363636363636363636363636363636363636363636E3
:20DD80003636363636363636363636363636363636363636363636363636363636363636C3
:20DDA0003636363636363636363636363636363636363636363636363636363636363636A3
:20DDC000363636363636363636363636363636363636363636363636363636363636363683
:20DDE000363636363636363636363636363636363636363636363636363636363636363663
:20DE0000363636363636363636363636363636363636363636363636363636363636363642
:20DE2000363636363636363636363636363636363636363636363636363636363636363622
:20DE4000363636363636363636363636363636363636363636363636363636363636363602
:20DE60003636363636363636363636363636363636363636363636363636363636363636E2
:20DE80003636363636363636363636363636363636363636363636363636363636363636C2
:20DEA0003636363636363636363636363636363636363636363636363636363636363636A2
:20DEC000363636363636363636363636363636363636363636363636363636363636363682
:20DEE000363636363636363636363636363636363636363636363636363636363636363662
:20DF0000363636363636363636363636363636363636363636363636363636363636363641
:20DF2000363636363636363636363636363636363636363636363636363636363636363621
:20DF4000363636363636363636363636363636363636363636363636363636363636363601
:20DF60003636363636363636363636363636363636363636363636363636363636363636E1
:20DF80003636363636363636363636363636363636363636363636363636363636363636C1
:20DFA0003636363636363636363636363636363636363636363636363636363636363636A1
:20DFC000363636363636363636363636363636363636363636363636363636363636363681
:20DFE000363636363636363636363636363636363636363636363636363636363636363661
:20E00000363636363636363636363636363636363636363636363636363636363636363640
:20E02000363636363636363636363636363636363636363636363636363636363636363620
:20E04000363636363636363636363636363636363636363636363636363636363636363600
:20E060003636363636363636363636363636363636363636363636363636363636363636E0
:20E080003636363636363636363636363636363636363636363636363636363636363636C0
:20E0A0003636363636363636363636363636363636363636363636363636363636363636A0
:20E0C000363636363636363636363636363636363636363636363636363636363636363680
:20E0E000363636363636363636363636363636363636363636363636363636363636363660
:20E1000036363636363636363636363636363636363636363636363636363636363636363F
:20E1200036363636363636363636363636363636363636363636363636363636363636361F
:20E140003636363636363636363636363636363636363636363636363636363636363636FF
:20E160003636363636363636363636363636363636363636363636363636363636363636DF
:20E180003636363636363636363636363636363636363636363636363636363636363636BF
:20E1A00036363636363636363636363636363636363636363636363636363636363636369F
:20E1C00036363636363636363636363636363636363636363636363636363636363636367F
:20E1E00036363636363636363636363636363636363636363636363636363636363636365F
:20E2000036363636363636363636363636363636363636363636363636363636363636363E
:20E2200036363636363636363636363636363636363636363636363636363636363636361E
:20E240003636363636363636363636363636363636363636363636363636363636363636FE
:20E260003636363636363636363636363636363636363636363636363636363636363636DE
:20E280003636363636363636363636363636363636363636363636363636363636363636BE
:20E2A00036363636363636363636363636363636363636363636363636363636363636369E
:20E2C00036363636363636363636363636363636363636363636363636363636363636367E
:20E2E00036363636363636363636363636363636363636363636363636363636363636365E
:20E3000036363636363636363636363636363636363636363636363636363636363636363D
:20E3200036363636363636363636363636363636363636363636363636363636363636361D
:20E340003636363636363636363636363636363636363636363636363636363636363636FD
:20E360003636363636363636363636363636363636363636363636363636363636363636DD
:20E380003636363636363636363636363636363636363636363636363636363636363636BD
:20E3A00036363636363636363636363636363636363636363636363636363636363636369D
:20E3C00036363636363636363636363636363636363636363636363636363636363636367D
:20E3E00036363636363636363636363636363636363636363636363636363636363636365D
:20E4000036363636363636363636363636363636363636363636363636363636363636363C
:20E4200036363636363636363636363636363636363636363636363636363636363636361C
:20E440003636363636363636363636363636363636363636363636363636363636363636FC
:20E460003636363636363636363636363636363636363636363636363636363636363636DC
:20E480003636363636363636363636363636363636363636363636363636363636363636BC
:20E4A00036363636363636363636363636363636363636363636363636363636363636369C
:20E4C00036363636363636363636363636363636363636363636363636363636363636367C
:20E4E00036363636363636363636363636363636363636363636363636363636363636365C
:20E5000036363636363636363636363636363636363636363636363636363636363636363B
:20E5200036363636363636363636363636363636363636363636363636363636363636361B
:20E540003636363636363636363636363636363636363636363636363636363636363636FB
:20E560003636363636363636363636363636363636363636363636363636363636363636DB
:20E580003636363636363636363636363636363636363636363636363636363636363636BB
:20E5A00036363636363636363636363636363636363636363636363636363636363636369B
:20E5C00036363636363636363636363636363636363636363636363636363636363636367B
:20E5E00036363636363636363636363636363636363636363636363636363636363636365B
:20E6000036363636363636363636363636363636363636363636363636363636363636363A
:20E6200036363636363636363636363636363636363636363636363636363636363636361A
:20E640003636363636363636363636363636363636363636363636363636363636363636FA
:20E660003636363636363636363636363636363636363636363636363636363636363636DA
:20E680003636363636363636363636363636363636363636363636363636363636363636BA
:20E6A00036363636363636363636363636363636363636363636363636363636363636369A
:20E6C00036363636363636363636363636363636363636363636363636363636363636367A
:20E6E00036363636363636363636363636363636363636363636363636363636363636365A
:20E70000363636363636363636363636363636363636363636363636363636363636363639
:20E72000363636363636363636363636363636363636363636363636363636363636363619
:20E740003636363636363636363636363636363636363636363636363636363636363636F9
:20E760003636363636363636363636363636363636363636363636363636363636363636D9
:20E780003636363636363636363636363636363636363636363636363636363636363636B9
:20E7A000363636363636363636363636363636363636363636363636363636363636363699
:20E7C000363636363636363636363636363636363636363636363636363636363636363679
:20E7E000363636363636363636363636363636363636363636363636363636363636363659
:20E80000363636363636363636363636363636363636363636363636363636363636363638
:20E82000363636363636363636363636363636363636363636363636363636363636363618
:20E840003636363636363636363636363636363636363636363636363636363636363636F8
:20E860003636363636363636363636363636363636363636363636363636363636363636D8
:20E880003636363636363636363636363636363636363636363636363636363636363636B8
:20E8A000363636363636363636363636363636363636363636363636363636363636363698
:20E8C000363636363636363636363636363636363636363636363636363636363636363678
:20E8E000363636363636363636363636363636363636363636363636363636363636363658
:20E90000363636363636363636363636363636363636363636363636363636363636363637
:20E92000363636363636363636363636363636363636363636363636363636363636363617
:20E940003636363636363636363636363636363636363636363636363636363636363636F7
:20E960003636363636363636363636363636363636363636363636363636363636363636D7
:20E980003636363636363636363636363636363636363636363636363636363636363636B7
:20E9A000363636363636363636363636363636363636363636363636363636363636363697
:20E9C000363636363636363636363636363636363636363636363636363636363636363677
:20E9E000363636363636363636363636363636363636363636363636363636363636363657
:20EA0000363636363636363636363636363636363636363636363636363636363636363636
:20EA2000363636363636363636363636363636363636363636363636363636363636363616
:20EA40003636363636363636363636363636363636363636363636363636363636363636F6
:20EA60003636363636363636363636363636363636363636363636363636363636363636D6
:20EA80003636363636363636363636363636363636363636363636363636363636363636B6
:20EAA000363636363636363636363636363636363636363636363636363636363636363696
:20EAC000363636363636363636363636363636363636363636363636363636363636363676
:20EAE000363636363636363636363636363636363636363636363636363636363636363656
:20EB0000363636363636363636363636363636363636363636363636363636363636363635
:20EB2000363636363636363636363636363636363636363636363636363636363636363615
:20EB40003636363636363636363636363636363636363636363636363636363636363636F5
:20EB60003636363636363636363636363636363636363636363636363636363636363636D5
:20EB80003636363636363636363636363636363636363636363636363636363636363636B5
:20EBA000363636363636363636363636363636363636363636363636363636363636363695
:20EBC000363636363636363636363636363636363636363636363636363636363636363675
:20EBE000363636363636363636363636363636363636363636363636363636363636363655
:20EC0000363636363636363636363636363636363636363636363636363636363636363634
:20EC2000363636363636363636363636363636363636363636363636363636363636363614
:20EC40003636363636363636363636363636363636363636363636363636363636363636F4
:20EC60003636363636363636363636363636363636363636363636363636363636363636D4
:20EC80003636363636363636363636363636363636363636363636363636363636363636B4
:20ECA000363636363636363636363636363636363636363636363636363636363636363694
:20ECC000363636363636363636363636363636363636363636363636363636363636363674
:20ECE000363636363636363636363636363636363636363636363636363636363636363654
:20ED0000363636363636363636363636363636363636363636363636363636363636363633
:20ED2000363636363636363636363636363636363636363636363636363636363636363613
:20ED40003636363636363636363636363636363636363636363636363636363636363636F3
:20ED60003636363636363636363636363636363636363636363636363636363636363636D3
:20ED80003636363636363636363636363636363636363636363636363636363636363636B3
:20EDA000363636363636363636363636363636363636363636363636363636363636363693
:20EDC000363636363636363636363636363636363636363636363636363636363636363673
:20EDE000363636363636363636363636363636363636363636363636363636363636363653
:20EE0000363636363636363636363636363636363636363636363636363636363636363632
:20EE2000363636363636363636363636363636363636363636363636363636363636363612
:20EE40003636363636363636363636363636363636363636363636363636363636363636F2
:20EE60003636363636363636363636363636363636363636363636363636363636363636D2
:20EE80003636363636363636363636363636363636363636363636363636363636363636B2
:20EEA000363636363636363636363636363636363636363636363636363636363636363692
:20EEC000363636363636363636363636363636363636363636363636363636363636363672
:20EEE000363636363636363636363636363636363636363636363636363636363636363652
:20EF0000363636363636363636363636363636363636363636363636363636363636363631
:20EF2000363636363636363636363636363636363636363636363636363636363636363611
:20EF40003636363636363636363636363636363636363636363636363636363636363636F1
:20EF60003636363636363636363636363636363636363636363636363636363636363636D1
:20EF80003636363636363636363636363636363636363636363636363636363636363636B1
:20EFA000363636363636363636363636363636363636363636363636363636363636363691
:20EFC000363636363636363636363636363636363636363636363636363636363636363671
:20EFE000363636363636363636363636363636363636363636363636363636363636363651
:20F00000363636363636363636363636363636363636363636363636363636363636363630
:20F02000363636363636363636363636363636363636363636363636363636363636363610
:20F040003636363636363636363636363636363636363636363636363636363636363636F0
:20F060003636363636363636363636363636363636363636363636363636363636363636D0
:20F080003636363636363636363636363636363636363636363636363636363636363636B0
:20F0A000363636363636363636363636363636363636363636363636363636363636363690
:20F0C000363636363636363636363636363636363636363636363636363636363636363670
:20F0E000363636363636363636363636363636363636363636363636363636363636363650
:20F1000036363636363636363636363636363636363636363636363636363636363636362F
:20F1200036363636363636363636363636363636363636363636363636363636363636360F
:20F140003636363636363636363636363636363636363636363636363636363636363636EF
:20F160003636363636363636363636363636363636363636363636363636363636363636CF
:20F180003636363636363636363636363636363636363636363636363636363636363636AF
:20F1A00036363636363636363636363636363636363636363636363636363636363636368F
:20F1C00036363636363636363636363636363636363636363636363636363636363636366F
:20F1E00036363636363636363636363636363636363636363636363636363636363636364F
:20F2000036363636363636363636363636363636363636363636363636363636363636362E
:20F2200036363636363636363636363636363636363636363636363636363636363636360E
:20F240003636363636363636363636363636363636363636363636363636363636363636EE
:20F260003636363636363636363636363636363636363636363636363636363636363636CE
:20F280003636363636363636363636363636363636363636363636363636363636363636AE
:20F2A00036363636363636363636363636363636363636363636363636363636363636368E
:20F2C00036363636363636363636363636363636363636363636363636363636363636366E
:20F2E00036363636363636363636363636363636363636363636363636363636363636364E
:20F3000036363636363636363636363636363636363636363636363636363636363636362D
:20F3200036363636363636363636363636363636363636363636363636363636363636360D
:20F340003636363636363636363636363636363636363636363636363636363636363636ED
:20F360003636363636363636363636363636363636363636363636363636363636363636CD
:20F380003636363636363636363636363636363636363636363636363636363636363636AD
:20F3A00036363636363636363636363636363636363636363636363636363636363636368D
:20F3C00036363636363636363636363636363636363636363636363636363636363636366D
:20F3E00036363636363636363636363636363636363636363636363636363636363636364D
:20F4000036363636363636363636363636363636363636363636363636363636363636362C
:20F4200036363636363636363636363636363636363636363636363636363636363636360C
:20F440003636363636363636363636363636363636363636363636363636363636363636EC
:20F460003636363636363636363636363636363636363636363636363636363636363636CC
:20F480003636363636363636363636363636363636363636363636363636363636363636AC
:20F4A00036363636363636363636363636363636363636363636363636363636363636368C
:20F4C00036363636363636363636363636363636363636363636363636363636363636366C
:20F4E00036363636363636363636363636363636363636363636363636363636363636364C
:20F5000036363636363636363636363636363636363636363636363636363636363636362B
:20F5200036363636363636363636363636363636363636363636363636363636363636360B
:20F540003636363636363636363636363636363636363636363636363636363636363636EB
:20F560003636363636363636363636363636363636363636363636363636363636363636CB
:20F580003636363636363636363636363636363636363636363636363636363636363636AB
:20F5A00036363636363636363636363636363636363636363636363636363636363636368B
:20F5C00036363636363636363636363636363636363636363636363636363636363636366B
:20F5E00036363636363636363636363636363636363636363636363636363636363636364B
:20F6000036363636363636363636363636363636363636363636363636363636363636362A
:20F6200036363636363636363636363636363636363636363636363636363636363636360A
:20F640003636363636363636363636363636363636363636363636363636363636363636EA
:20F660003636363636363636363636363636363636363636363636363636363636363636CA
:20F680003636363636363636363636363636363636363636363636363636363636363636AA
:20F6A00036363636363636363636363636363636363636363636363636363636363636368A
:20F6C00036363636363636363636363636363636363636363636363636363636363636366A
:20F6E00036363636363636363636363636363636363636363636363636363636363636364A
:20F70000363636363636363636363636363636363636363636363636363636363636363629
:20F72000363636363636363636363636363636363636363636363636363636363636363609
:20F740003636363636363636363636363636363636363636363636363636363636363636E9
:20F760003636363636363636363636363636363636363636363636363636363636363636C9
:20F780003636363636363636363636363636363636363636363636363636363636363636A9
:20F7A000363636363636363636363636363636363636363636363636363636363636363689
:20F7C000363636363636363636363636363636363636363636363636363636363636363669
:20F7E000363636363636363636363636363636363636363636363636363636363636363649
:20F80000363636363636363636363636363636363636363636363636363636363636363628
:20F82000363636363636363636363636363636363636363636363636363636363636363608
:20F840003636363636363636363636363636363636363636363636363636363636363636E8
:20F860003636363636363636363636363636363636363636363636363636363636363636C8
:20F880003636363636363636363636363636363636363636363636363636363636363636A8
:20F8A000363636363636363636363636363636363636363636363636363636363636363688
:20F8C000363636363636363636363636363636363636363636363636363636363636363668
:20F8E000363636363636363636363636363636363636363636363636363636363636363648
:20F90000363636363636363636363636363636363636363636363636363636363636363627
:20F92000363636363636363636363636363636363636363636363636363636363636363607
:20F940003636363636363636363636363636363636363636363636363636363636363636E7
:20F960003636363636363636363636363636363636363636363636363636363636363636C7
:20F980003636363636363636363636363636363636363636363636363636363636363636A7
:20F9A000363636363636363636363636363636363636363636363636363636363636363687
:20F9C000363636363636363636363636363636363636363636363636363636363636363667
:20F9E000363636363636363636363636363636363636363636363636363636363636363647
:20FA0000363636363636363636363636363636363636363636363636363636363636363626
:20FA2000363636363636363636363636363636363636363636363636363636363636363606
:20FA40003636363636363636363636363636363636363636363636363636363636363636E6
:20FA60003636363636363636363636363636363636363636363636363636363636363636C6
:20FA80003636363636363636363636363636363636363636363636363636363636363636A6
:20FAA000363636363636363636363636363636363636363636363636363636363636363686
:20FAC000363636363636363636363636363636363636363636363636363636363636363666
:20FAE000363636363636363636363636363636363636363636363636363636363636363646
:20FB0000363636363636363636363636363636363636363636363636363636363636363625
:20FB2000363636363636363636363636363636363636363636363636363636363636363605
:20FB40003636363636363636363636363636363636363636363636363636363636363636E5
:20FB60003636363636363636363636363636363636363636363636363636363636363636C5
:20FB80003636363636363636363636363636363636363636363636363636363636363636A5
:20FBA000363636363636363636363636363636363636363636363636363636363636363685
:20FBC000363636363636363636363636363636363636363636363636363636363636363665
:20FBE000363636363636363636363636363636363636363636363636363636363636363645
:20FC0000363636363636363636363636363636363636363636363636363636363636363624
:20FC2000363636363636363636363636363636363636363636363636363636363636363604
:20FC40003636363636363636363636363636363636363636363636363636363636363636E4
:20FC60003636363636363636363636363636363636363636363636363636363636363636C4
:20FC80003636363636363636363636363636363636363636363636363636363636363636A4
:20FCA000363636363636363636363636363636363636363636363636363636363636363684
:20FCC000363636363636363636363636363636363636363636363636363636363636363664
:20FCE000363636363636363636363636363636363636363636363636363636363636363644
:20FD0000363636363636363636363636363636363636363636363636363636363636363623
:20FD2000363636363636363636363636363636363636363636363636363636363636363603
:20FD40003636363636363636363636363636363636363636363636363636363636363636E3
:20FD60003636363636363636363636363636363636363636363636363636363636363636C3
:20FD80003636363636363636363636363636363636363636363636363636363636363636A3
:20FDA000363636363636363636363636363636363636363636363636363636363636363683
:20FDC000363636363636363636363636363636363636363636363636363636363636363663
:20FDE000363636363636363636363636363636363636363636363636363636363636363643
:20FE0000363636363636363636363636363636363636363636363636363636363636363622
:20FE2000363636363636363636363636363636363636363636363636363636363636363602
:20FE40003636363636363636363636363636363636363636363636363636363636363636E2
:20FE60003636363636363636363636363636363636363636363636363636363636363636C2
:20FE80003636363636363636363636363636363636363636363636363636363636363636A2
:20FEA000363636363636363636363636363636363636363636363636363636363636363682
:20FEC000363636363636363636363636363636363636363636363636363636363636363662
:20FEE000363636363636363636363636363636363636363636363636363636363636363642
:20FF0000363636363636363636363636363636363636363636363636363636363636363621
:20FF2000363636363636363636363636363636363636363636363636363636363636363601
:20FF40003636363636363636363636363636363636363636363636363636363636363636E1
:20FF60003636363636363636363636363636363636363636363636363636363636363636C1
:20FF80003636363636363636363636363636363636363636363636363636363636363636A1
:20FFA000363636363636363636363636363636363636363636363636363636363636363681
:20FFC000363636363636363636363636363636363636363636363636363636363636363661
:20FFE000363636363636363636363636363636363636363636363636363636363636363641
:02000004AF400B
:20000000FE0159B300000080D58625FA2A79DA050000000000000000000000000000000059
:200020000000000000000000000000000000000000000000000000000000000000000000C0
:200040000000000000000000000000000000000000000000000000000000000000000000A0
:20006000000000000000000000000000000000000000000000000000000000000000000080
:20008000000000000000000000000000000000000000000000000000000000000000000060
:2000A000000000000000000000000000000000000000000000000000000000000000000040
:2000C000000000000000000000000000000000000000000000000000000000000000000020
:2000E000000000000000000000000000000000000000000000000000000000000000000000
:200100000000000000000000000000000000000000000000000000000000000000000000DF
:200120000000000000000000000000000000000000000000000000000000000000000000BF
:2001400000000000000000000000000000000000000000000000000000000000000000009F
:2001600000000000000000000000000000000000000000000000000000000000000000007F
:2001800000000000000000000000000000000000000000000000000000000000000000005F
:2001A00000000000000000000000000000000000000000000000000000000000000000003F
:2001C00000000000000000000000000000000000000000000000000000000000000000001F
:1401E000000000000000000000000000000000003412214361
:20020000FE0059B3000000A0705579318FAA86CE0000000000000000000000000000000038
:200220000000000000000000000000000000000000000000000000000000000000000000BE
:2002400000000000000000000000000000000000000000000000000000000000000000009E
:2002600000000000000000000000000000000000000000000000000000000000000000007E
:2002800000000000000000000000000000000000000000000000000000000000000000005E
:2002A00000000000000000000000000000000000000000000000000000000000000000003E
:2002C00000000000000000000000000000000000000000000000000000000000000000001E
:2002E0000000000000000000000000000000000000000000000000000000000000000000FE
:200300000000000000000000000000000000000000000000000000000000000000000000DD
:200320000000000000000000000000000000000000000000000000000000000000000000BD
:2003400000000000000000000000000000000000000000000000000000000000000000009D
:2003600000000000000000000000000000000000000000000000000000000000000000007D
:2003800000000000000000000000000000000000000000000000000000000000000000005D
:2003A00000000000000000000000000000000000000000000000000000000000000000003D
:2003C00000000000000000000000000000000000000000000000000000000000000000001D
:1403E00000000000000000000000000000000000341221435F
:20040000FE0059B3000000A0705579318FAA86CE0000000000000000000000000000000036
:200420000000000000000000000000000000000000000000000000000000000000000000BC
:2004400000000000000000000000000000000000000000000000000000000000000000009C
:2004600000000000000000000000000000000000000000000000000000000000000000007C
:2004800000000000000000000000000000000000000000000000000000000000000000005C
:2004A00000000000000000000000000000000000000000000000000000000000000000003C
:2004C00000000000000000000000000000000000000000000000000000000000000000001C
:2004E0000000000000000000000000000000000000000000000000000000000000000000FC
:200500000000000000000000000000000000000000000000000000000000000000000000DB
:200520000000000000000000000000000000000000000000000000000000000000000000BB
:2005400000000000000000000000000000000000000000000000000000000000000000009B
:2005600000000000000000000000000000000000000000000000000000000000000000007B
:2005800000000000000000000000000000000000000000000000000000000000000000005B
:2005A00000000000000000000000000000000000000000000000000000000000000000003B
:2005C00000000000000000000000000000000000000000000000000000000000000000001B
:1405E00000000000000000000000000000000000341221435D
:20060000FE0059B3000000A0705579318FAA86CE0000000000000000000000000000000034
:200620000000000000000000000000000000000000000000000000000000000000000000BA
:2006400000000000000000000000000000000000000000000000000000000000000000009A
:2006600000000000000000000000000000000000000000000000000000000000000000007A
:2006800000000000000000000000000000000000000000000000000000000000000000005A
:2006A00000000000000000000000000000000000000000000000000000000000000000003A
:2006C00000000000000000000000000000000000000000000000000000000000000000001A
:2006E0000000000000000000000000000000000000000000000000000000000000000000FA
:200700000000000000000000000000000000000000000000000000000000000000000000D9
:200720000000000000000000000000000000000000000000000000000000000000000000B9
:20074000000000000000000000000000000000000000000000000000000000000000000099
:20076000000000000000000000000000000000000000000000000000000000000000000079
:20078000000000000000000000000000000000000000000000000000000000000000000059
:2007A000000000000000000000000000000000000000000000000000000000000000000039
:2007C000000000000000000000000000000000000000000000000000000000000000000019
:1407E00000000000000000000000000000000000341221435B
:20100000FE0159B300000080D58625FA2A79DA050000000000000000000000000000000049
:201020000000000000000000000000000000000000000000000000000000000000000000B0
:20104000000000000000000000000000000000000000000000000000000000000000000090
:20106000000000000000000000000000000000000000000000000000000000000000000070
:20108000000000000000000000000000000000000000000000000000000000000000000050
:2010A000000000000000000000000000000000000000000000000000000000000000000030
:2010C000000000000000000000000000000000000000000000000000000000000000000010
:2010E0000000000000000000000000000000000000000000000000000000000000000000F0
:201100000000000000000000000000000000000000000000000000000000000000000000CF
:201120000000000000000000000000000000000000000000000000000000000000000000AF
:2011400000000000000000000000000000000000000000000000000000000000000000008F
:2011600000000000000000000000000000000000000000000000000000000000000000006F
:2011800000000000000000000000000000000000000000000000000000000000000000004F
:2011A00000000000000000000000000000000000000000000000000000000000000000002F
:2011C00000000000000000000000000000000000000000000000000000000000000000000F
:1411E000000000000000000000000000000000003412214351
:20120000FE0059B3000000A0705579318FAA86CE0000000000000000000000000000000028
:201220000000000000000000000000000000000000000000000000000000000000000000AE
:2012400000000000000000000000000000000000000000000000000000000000000000008E
:2012600000000000000000000000000000000000000000000000000000000000000000006E
:2012800000000000000000000000000000000000000000000000000000000000000000004E
:2012A00000000000000000000000000000000000000000000000000000000000000000002E
:2012C00000000000000000000000000000000000000000000000000000000000000000000E
:2012E0000000000000000000000000000000000000000000000000000000000000000000EE
:201300000000000000000000000000000000000000000000000000000000000000000000CD
:201320000000000000000000000000000000000000000000000000000000000000000000AD
:2013400000000000000000000000000000000000000000000000000000000000000000008D
:2013600000000000000000000000000000000000000000000000000000000000000000006D
:2013800000000000000000000000000000000000000000000000000000000000000000004D
:2013A00000000000000000000000000000000000000000000000000000000000000000002D
:2013C00000000000000000000000000000000000000000000000000000000000000000000D
:1413E00000000000000000000000000000000000341221434F
:20140000FE0059B3000000A0705579318FAA86CE0000000000000000000000000000000026
:201420000000000000000000000000000000000000000000000000000000000000000000AC
:2014400000000000000000000000000000000000000000000000000000000000000000008C
:2014600000000000000000000000000000000000000000000000000000000000000000006C
:2014800000000000000000000000000000000000000000000000000000000000000000004C
:2014A00000000000000000000000000000000000000000000000000000000000000000002C
:2014C00000000000000000000000000000000000000000000000000000000000000000000C
:2014E0000000000000000000000000000000000000000000000000000000000000000000EC
:201500000000000000000000000000000000000000000000000000000000000000000000CB
:201520000000000000000000000000000000000000000000000000000000000000000000AB
:2015400000000000000000000000000000000000000000000000000000000000000000008B
:2015600000000000000000000000000000000000000000000000000000000000000000006B
:2015800000000000000000000000000000000000000000000000000000000000000000004B
:2015A00000000000000000000000000000000000000000000000000000000000000000002B
:2015C00000000000000000000000000000000000000000000000000000000000000000000B
:1415E00000000000000000000000000000000000341221434D
:20160000FE0059B3000000A0705579318FAA86CE0000000000000000000000000000000024
:201620000000000000000000000000000000000000000000000000000000000000000000AA
:2016400000000000000000000000000000000000000000000000000000000000000000008A
:2016600000000000000000000000000000000000000000000000000000000000000000006A
:2016800000000000000000000000000000000000000000000000000000000000000000004A
:2016A00000000000000000000000000000000000000000000000000000000000000000002A
:2016C00000000000000000000000000000000000000000000000000000000000000000000A
:2016E0000000000000000000000000000000000000000000000000000000000000000000EA
:201700000000000000000000000000000000000000000000000000000000000000000000C9
:201720000000000000000000000000000000000000000000000000000000000000000000A9
:20174000000000000000000000000000000000000000000000000000000000000000000089
:20176000000000000000000000000000000000000000000000000000000000000000000069
:20178000000000000000000000000000000000000000000000000000000000000000000049
:2017A000000000000000000000000000000000000000000000000000000000000000000029
:2017C000000000000000000000000000000000000000000000000000000000000000000009
:1417E00000000000000000000000000000000000341221434B
:040000058030000047
:00000001FF
