:020000040806EC
:1000000000FC0120395F0608015806080F58060851
:100010001D5806082B58060839580608000000002D
:10002000000000000000000000000000B1C206084F
:10003000475806080000000001C50608BDB80608BC
:10004000895F060855580608895F0608895F060813
:100050006758060873580608895F0608895F06080E
:10006000895F0608895F0608895F0608895F0608B8
:10007000895F0608895F0608895F0608895F0608A8
:10008000895F0608895F060881580608000000009D
:10009000000000000000000000000000895F06086A
:1000A000895F0608895F0608895F0608895F060878
:1000B00095580608A9580608BD580608895F06081D
:1000C000895F0608895F0608895F0608D158060817
:1000D000895F0608E5580608895F060800000000E9
:1000E000895F0608895F0608895F0608000000002E
:1000F000000000000000000000000000895F06080A
:1001000000000000895F0608F9580608895F0608A4
:1001100000000000000000000000000000000000DF
:10012000895F0608895F0608895F0608895F0608F7
:10013000895F0608000000000000000000000000C9
:10014000000000000000000000000000895F0608B9
:10015000895F0608895F0608895F0608895F0608C7
:10016000895F0608895F06080000000000000000A3
:10017000000000000000000000000000000000007F
:10018000000000000D5906080000000000000000FB
:08019000895F0608895F06087B
:1001A00010B5054C237833B9044B13B10448AFF3B1
:1001B00000800123237010BD3001012000000000E9
:1001C0005CEC060808B5034B1BB103490348AFF3C9
:1001D000008008BD00000000340101205CEC06082E
:1001E00053B94AB9002908BF00281CBF4FF0FF319E
:1001F0004FF0FF3000F088B9ADF1080C6DE904CE86
:1002000000F006F8DDF804E0DDE9022304B07047F1
:100210002DE9F047089D8E4604468846002B4AD1BA
:100220008A42174662D9B2FA82F64EB1C6F120036D
:1002300001FA06F820FA03F3B74043EA0808B4408D
:100240004FEA174E1FFA87FCB8FBFEF1230C0EFB9A
:10025000118843EA084301FB0CF29A4209D9FB18C2
:1002600001F1FF3080F0EA809A4240F2E7800239E3
:100270003B449A1AA3B2B2FBFEF00EFB102243EAF3
:10028000024300FB0CFC9C4509D9FB1800F1FF322E
:1002900080F0D6809C4540F2D3803B44023840EA4F
:1002A0000140A3EB0C0300211DB1F3400022C5E97E
:1002B0000032BDE8F0878B4205D90DB1C5E90001D8
:1002C00000210846F5E7B3FA83F1002946D17345CA
:1002D00002D3824200F20581841A6EEB03020120F0
:1002E0009046002DE5D0C5E90048E2E7002A00F07D
:1002F0009080B2FA82F6002E40F0A4808A1A030C95
:100300004FEA174E80B2BCB20121B2FBFEFC0EFBDD
:100310001C2243EA024304FB0CF29A4207D9FB1861
:100320000CF1FF3802D29A4200F2E080C4469B1AD8
:10033000B3FBFEF20EFB123340EA034302FB04F46C
:100340009C4207D9FB1802F1FF3002D29C4200F216
:10035000CA8002461B1B42EA0C40A5E7C1F12006F9
:100360008B4022FA06F71F430EFA01F420FA06F337
:100370002EFA06FE4FEA1749234300FA01F81FFA46
:1003800087FCBEFBF9F01C0C09FB10EE44EA0E449E
:1003900000FB0CFEA64502FA01F209D93C1900F156
:1003A000FF3A80F09C80A64540F2998002383C4498
:1003B000A4EB0E041FFA83FEB4FBF9F309FB13440C
:1003C0004EEA044403FB0CFCA44508D93C1903F194
:1003D000FF3E80F08280A4457FD9023B3C4443EA43
:1003E0000040A4EB0C04A0FB02EC64457346E1461C
:1003F00062D35FD05DB1B8EB030264EB090404FA89
:1004000006F622FA01F31E43CC40C5E90064002140
:100410004FE7B1FBF2FC010C41EA0E4180B240EA29
:1004200001423B4638463C46B846BE462026B1FB14
:10043000F7F1A2EB080241EA0C4166E7014618E732
:1004400010462CE7C6F120022EFA02F3B740B14065
:1004500020FA02F24FEA174E0A43B3FBFEF8BCB291
:100460000EFB1833110C41EA034108FB04F9B040BC
:1004700089454FEA104380B23ED9791808F1FF3C14
:1004800001D289451FD8A1EB0901B1FBFEF909FB97
:1004900004F80EFB191192B242EA0142424529D2F8
:1004A000BA1809F1FF31C4D24245C2D2A9F1020102
:1004B0003A44BEE7F0459DD2BEEB02036CEB070C5D
:1004C0000138E14696E7A7EB09094944A8F1020C77
:1004D000B1FBFEF909FB04F8DBE773467FE7504602
:1004E00066E70846FDE63B44023A33E7ACF1020C0E
:1004F0003B441CE749469CE7A1EB0901C446B1FB1C
:10050000FEF909FB04F8C4E7704700BF80B400AFF0
:10051000734B1B69032B02D1724B01221A70724B71
:100520001B78002B33D16F4B1B78012B2BD16C4BDD
:100530001B69002B09D16D4B1B69002B05D06B4B40
:1005400003221A61664B03221A61694B64221A70F6
:10055000684B1B680133674A1360664B1B68664A29
:10056000934240F28F80624B00221A70614B00224E
:100570001A605B4B00221A615C4B00221A61594BD6
:1005800000221A707EE05A4B00221A707AE0544B17
:100590001B69032B05D1524B00221A61534B0022D9
:1005A0001A61504B00221A70544B1B78002B0DD14E
:1005B0004D4B1B781A46920013441A4691001A4676
:1005C0000B461344DAB24A4B1A705BE0464B1B7879
:1005D0005B08DBB20133DAB2494B1A70494B1B7826
:1005E000022B03D1484B02221A7002E0464B012233
:1005F0001A70464B1B78002B07D1454B1B78002BFC
:1006000003D1444B01221A701AE0404B1B781A4662
:100610003F4B1B78D31A002BB8BF5B42102B03DD76
:100620003C4B12221A700BE0384B1B781A46384BA1
:100630001B78D31A002BB8BF5B42DAB2354B1A7065
:10064000344B1B781A46304B1B7813442C4A1278D3
:100650001344DBB2DB00DAB2254B1A70244B1B7853
:100660002D4AA2FB03239B08DBB21A4692001344D7
:10067000DAB21F4B1A701C4B1B78002B02D11C4B9B
:1006800000221A701A4B1B78002B1FD0184B1B78B6
:100690001A46224B1B685B6B9A4207D91F4B1B689B
:1006A0005A6B1E4B1B6805325A6313E0104B1B78C4
:1006B0001A461A4B1B685B6B9A420BD2174B1B688E
:1006C0005A6B164B1B68053A5A6303E0134B1B68C1
:1006D00000225A6300BFBD465DF8047B704700BF2F
:1006E0003400012066010120610101202000012069
:1006F000670101206801012020BF02006201012082
:100700006C010120630101206D01012065010120C0
:10071000640101206E010120CDCCCCCC300601203B
:1007200098B500AF814B1B68002B18D1804B1B681C
:10073000804A12685A63804B1B68804A1268DA63E9
:100740007D4B1B687E4A12689A637B4B1B687D4A0F
:1007500012685A63784B1B687B4A12681A647B4B99
:100760001B68002B02D1FFF7D1FE03E0704B1B6822
:1007700000225A63754B5B68002B40F08682012192
:10078000734807F0A9F903461A46724B1A70714B69
:100790001B78002B0FD1684B1B68DB6B002B04D13F
:1007A000654B1B689B6B002B05D06B4B02221A61BB
:1007B0006A4B02221A61684B1B69012B35D15E4BD3
:1007C0001B689B6B40F2C942934206D85A4B1B6888
:1007D0009A6B594B1B6819329A63574B1B6840F24E
:1007E000E242DA635E4B1B68002B03D14F4B1B6860
:1007F0005B4A13604D4B1A68594B1B68D31A3B2B4D
:100800004AD94D4B1B680022DA63534B00221A6110
:10081000524B00221A61524B00221A60514B0422A3
:100820001A70514B04221A7036E04B4B1B69022B95
:1008300032D1414B1B6840F2E242DA633E4B1B6807
:100840009B6B182B06D93C4B1B689A6B3A4B1B6869
:10085000193A9A63424B1B68002B03D1334B1B6838
:100860003F4A1360314B1A683D4B1B68D31A3B2B30
:1008700012D9314B1B680022DA63374B00221A6110
:10088000364B00221A61364B00221A60354B00228B
:100890001A70354B00221A70344B1A78344B1B787F
:1008A0009A4203D3334B01221A706EE02F4B1A7811
:1008B0002F4B1B789A4209D22C4B5A782C4B1B7821
:1008C0009A4203D32B4B02221A705EE0274B5A78D0
:1008D000274B1B789A4209D2244B9A78244B1B78D9
:1008E0009A4203D3234B03221A704EE01F4B9A788F
:1008F0001F4B1B789A4209D21C4BDA781C4B1B7891
:100900009A4203D31B4B04221A703EE0174BDA784D
:10091000174B1B789A422FD2144B1A79144B1B7821
:100920009A4229D3134B05221A702EE07001012040
:1009300030060120ACFD0120E4060120B0FD0120BD
:10094000B4FD0120B8FD0120BCFD012050030120B1
:100950000000024074010120340001202000012029
:1009600078010120A8FD0120A9FD01201800012027
:100970001D0001207C0101207B4B1A797B4B1B78E9
:100980009A4202D27A4B06221A707A4B1B78012BBC
:1009900066D1774B1B78052B31D8774B1B685A6B88
:1009A000764B1B78C3F59C6302339A421ED2724B7E
:1009B0001B681A6C714B1B78C3F59C6302339A4217
:1009C00014D26D4B1B685A6B6C4B1B7819466A4BE3
:1009D0001B680A445A63684B1B681A6C674B1B7888
:1009E0001946654B1B680A441A64AAE0614B1B78E0
:1009F000012B40F0A6805F4B02221A70A1E05E4BF3
:100A00001B685A6B5E4B1B78C3F59C6302339A429A
:100A10001ED2594B1B681A6C594B1B78C3F59C634B
:100A200002339A4214D2544B1B685A6B544B1B78B6
:100A30001946514B1B680A445A634F4B1B681A6C8A
:100A40004F4B1B7819464C4B1B680A441A6478E0DC
:100A5000484B1B78012B74D1464B02221A7070E070
:100A6000444B1B78022B6CD1414B1B78052B32D8A1
:100A7000414B1B685B6B414A127893421BD93E4B3A
:100A80001B681B6C3D4A1278934214D93A4B1B6881
:100A90005A6B3A4B1B781946374B1B68521A5A63EC
:100AA000354B1B681A6C354B1B781946324B1B684B
:100AB000521A1A6445E02F4B1B78022B41D12D4B63
:100AC00000221A702C4B1B6800225A632A4B1B68A9
:100AD00000221A6435E0264B1B78062B31D1264BB9
:100AE0001B685B6B264A127893421BD9224B1B680A
:100AF0001B6C234A1278934214D91F4B1B685A6B04
:100B00001F4B1B7819461C4B1B68521A5A631A4B11
:100B10001B681A6C1A4B1B781946174B1B68521A24
:100B20001A640EE0134B1B78022B0AD1114B0022E2
:100B30001A70114B1B6800225A630F4B1B6800226E
:100B40001A64104B1B78012B20D10F4BDB6840F649
:100B5000B73293421AD9074B1B78002B64D1054B4F
:100B600001221A7060E000BF180001201D00012062
:100B70007C0101207D010120E40601204C010120BF
:100B80004D0101201E00012034000120914B1B78F3
:100B9000022B03D08F4B1B78032B2DD18E4B1A7851
:100BA0008E4B1B789A4206D08C4B1A788A4B1A705F
:100BB0008B4B00221A608A4B1B68002B03D1894B98
:100BC0001B68874A1360874B1A68854B1B68D11ACC
:100BD000804B1B789A1E844B1B78581E834C1346FF
:100BE0005B0013445B00034434F8133099421BD379
:100BF0007A4B01221A7017E0764B1B78042B0DD12B
:100C00007B4B1B68002B0FD1764B1B68784A136017
:100C1000784B1B781A46784B1A6005E0704B00221F
:100C20001A606D4B00221A706E4B1A68704B1B686D
:100C3000D31A724A127893420FD26D4B1B68002B65
:100C40000BD0664B1B78002B07D1644B01221A7026
:100C5000694B1B68013B684A1360604B1B78002B93
:100C60000BD1654B1B68002B07D05C4B01221A701F
:100C7000614B1B68013B604A13605F4B1B68002B94
:100C80001FD15B4B00221A601BE05D4B1B680022EA
:100C90005A635B4B1B6800229A63594B1B68002206
:100CA000DA63574B1B6800221A644D4B00221A600E
:100CB0004A4B00221A70484B00221A704A4B0022FD
:100CC0001A704F4B1B681A6C13461B029B1A4D4A35
:100CD000A2FB03239B0ADAB24B4B1A70484B1B68EA
:100CE0005A6B13461B029B1A464AA2FB03239B0A1C
:100CF000DAB2454B5A70424B1B68DA6B13461B0243
:100D00009B1A404AA2FB03239B0ADAB23E4B9A701D
:100D10003B4B1B689A6B13461B029B1A394AA2FB7A
:100D200003239B0ADAB2384BDA70384B1B685A6BD4
:100D300013461B029B1A364AA2FB03235B09DAB255
:100D4000314B1A712E4B1B681A6C13461B029B1AEF
:100D50002C4AA2FB03239B0ADAB22E4B1A70284BB3
:100D60001B685A6B13461B029B1A264AA2FB0323DD
:100D70009B0ADAB2274B5A70274B1A78254B9A7088
:100D8000264B1A78234BDA70204B1B685B6BDAB268
:100D9000204B1A711D4B1B685B6B214A1360184B6B
:100DA0001B68DB6B1F4A1360154B1B689B6B1E4A4D
:100DB0001360134B1B685B6B1C4A1360104B1B6862
:100DC0001B6C1B4A1360074B1B680133054A1360F9
:100DD00000BF98BD1E0001207E0101207D01012081
:100DE00080010120700101207C0101200000012010
:100DF0008401012050010120880101204F010120C0
:100E0000E40601205917B7D1540101203006012012
:100E10001F85EB515C010120A8FD0120A9FD0120E7
:100E2000ACFD0120B0FD0120B4FD0120B8FD012082
:100E3000BCFD012080B582B000AF0023FB7124E02F
:100E4000FB79A14A52F82330002B1BD00023BB7141
:100E500014E0BB799D4A002142F82310BB799C4ADB
:100E6000002142F82310BB799A4A0021D154BB7962
:100E7000994A0021D154BB790133BB71BB79042B52
:100E8000E7D905E0FB790133FB71FB79022BD7D958
:100E900000237B711AE07B79904A52F82330002BB3
:100EA00011D08A4B00221A61894B00221A61894BAA
:100EB00000221A718A4B012283F83120884B0122CB
:100EC00083F8302005E07B7901337B717B79042B3B
:100ED000E1D97E4B1B697E4A136100233B7159E0C7
:100EE0003B79002B52D03B79022B4FD03A797C4989
:100EF00013465B0013449B000B4401331B78002B0B
:100F000045D13B79714A52F82330764A12789342A0
:100F10003DD23A79724913465B0013449B000B445F
:100F200004331B68591C6E4813465B0013449B0036
:100F30000344043319603A79694913465B0013444A
:100F40009B000B4404331B68674A127893421ED1FE
:100F50003A79634913465B0013449B000B44043306
:100F600000221A603A795E4913465B0013449B00E5
:100F70000B44013301221A703A79594913465B0038
:100F800013449B000B4401221A7000E000BF3B7920
:100F900001333B713B79032BA2D90023FB702AE07C
:100FA000FA784F4913465B0013449B000B441B78AF
:100FB000002B18D1FB78454A52F82330FA784B4978
:100FC00031F81220934205D8FB78414A002142F8BB
:100FD00023100DE0FA78FB783C4951F822203C4977
:100FE00041F8232004E0FB78394AFF2142F823101E
:100FF000FB780133FB70FB78032BD1D90023BB7046
:1010000014E0BB78314A52F8232013461B029A1A87
:10101000374BA3FB0213D21A52081344DA0ABB78E7
:10102000D1B22D4AD154BB780133BB70BB78032BAE
:10103000E7D9274B1B69DAB2264B1A71244B1B6880
:1010400040F2DB52934203D8224B00221A7016E082
:101050001F4B1B6840F2DB52934208D91C4B1B68A4
:10106000B3F57A6F03D21B4B01221A7007E0184BBD
:101070001B68B3F57A6F02D3164B02221A70144B19
:101080009B68B3F5966F03D2124B00229A7039E039
:101090000F4B9B68B3F5966F08D30D4B9B68B3F568
:1010A000FA6F03D20B4B01229A702BE0084B9B681E
:1010B000B3F5FA6F1ED3064B9B68B3F57A6F19D25E
:1010C000044B02229A701DE01C0301202000012025
:1010D000340001204800012050000120600201205E
:1010E000980101208C0101208D0101209001012037
:1010F00001011000454B9B68B3F57A6F02D3444B56
:1011000003229A70414B5B6840F6B732934203D991
:101110003F4B01225A7002E03D4B00225A703B4B7C
:10112000DB6840F6B732934203D9394B0122DA70BB
:1011300002E0374B0022DA7000237B703AE07A78C5
:10114000344913465B0013449B000B4401331B7866
:10115000012B1BD17A782F4913465B0013449B0067
:101160000B441B78002B11D07B780133DBB20121BB
:10117000184602F029FE7A78264913465B0013448C
:101180009B000B44013302221A7010E07A78214947
:1011900013465B0013449B000B441B78002B06D1C5
:1011A0007B780133DBB20021184602F00DFE7B781C
:1011B00001337B707B78032BC1D9174B1B68012B44
:1011C00002D1134B00221A71134B5B68012B06D11D
:1011D0000E4B1B69032B02D10D4B00221A710E4BD3
:1011E0009B68012B02D10A4B0022DA700A4BDB68A4
:1011F000012B02D1064B00225A70084B1B680133A9
:10120000064A136000BF0837BD4680BD3400012088
:10121000480001209801012058000120D40101203C
:10122000B0B500AF034B1B68002B05D100F062FE88
:101230003AE000BF440201209C4B1B68012B33D1D4
:1012400000F03CFB9A4B01221A709A4B01221A7053
:10125000984B4FF480725A60964B02221A72954B4B
:1012600000225A72934B00229A72924800F0C0FBFF
:10127000904B01221A708F4B40F201125A608D4B35
:1012800005221A728B4B00225A728A4B00229A72E4
:10129000884B0022DA72874B00221A73854B00229A
:1012A0005A73844800F0A4FB00F0A3FC0346824A72
:1012B0001360814B1B68002B00F02A817F4B5B6819
:1012C000002B5BD17D4800F00BFC0346002B55D072
:1012D0007A4B5B68992B0ED1784B5A7A784B1A70FF
:1012E000764BDA7A774B1A70744B5A7B764B1A70BE
:1012F000764B00221A60714B5B68982B0ED16F4BB6
:101300001A7B734B1A706D4B9A7B724B1A706B4B36
:101310005A7A714B1A70714B00221A60674B5B68E6
:10132000972B06D1654B5A7B6D4B1A706D4B002283
:101330001A60624B5B68B3F5A26F12D15F4B5B7AA8
:10134000102B0ED15D4B5A7A674B1A70584B1B7895
:10135000032B02D0564B02221A70644B4FF4FA62F0
:101360001A80564B5B68B3F5E06F07D1604A534B68
:1013700014461D460FCD0FC42B6823605D4B5B6880
:10138000002B5BD15B4800F0ABFB0346002B55D034
:10139000584B5B68992B0ED1564B5A7A484B1A70B2
:1013A000544BDA7A474B1A70524B5A7B464B1A70A1
:1013B000464B00221A604F4B5B68982B0ED14D4B69
:1013C0001A7B434B1A704B4B9A7B424B1A70494B1A
:1013D0005A7A414B1A70414B00221A60454B5B68A8
:1013E000972B06D1434B5A7B3D4B1A703D4B002245
:1013F0001A60404B5B68B3F5A26F12D13D4B5B7A2C
:10140000102B0ED13B4B5A7A374B1A70284B1B7856
:10141000032B02D0264B02221A70344B4FF4FA628F
:101420001A80344B5B68B3F5E06F07D1304A314B1B
:1014300014461D460FCD0FC42B6823601F4B00229E
:101440001A701E4B00225A601C4B00221A721B4B52
:1014500000225A72194B00229A72184B0022DA723B
:10146000164B00221A73154B00225A73134B00229D
:101470009A73124B0022DA73104B00221A741D4B20
:1014800000221A701B4B00225A601A4B00221A725B
:10149000184B00225A72174B00229A72154B0022E9
:1014A000DA72144B00221A7326E000BF44020120B6
:1014B000F0010120480201205C020120F40101201A
:1014C00061010120640101201E000120D8010120DA
:1014D000650101206201012063010120DC0101207E
:1014E0001D000120E00101206A00012068000120A8
:1014F0003002012008020120764B00225A73754BFE
:1015000000229A73734B0022DA73724B00221A7412
:1015100000F0AAFB0346002B16D06F4B19686F4BE7
:10152000A3FB01231A0913469B0013449B00CA1A0C
:10153000002A09D1684B1B68002B05D0684B1B683B
:101540000133674A136002E0654B00221A6000F025
:10155000A4FB0346002B16D05F4B19685F4BA3FB1F
:1015600001231A0913469B0013449B00CA1A002A40
:1015700009D1594B1B68002B05D0594B5B680133CF
:10158000574A536002E0564B00225A6000F053FB6A
:101590000346002B1AD0504B1968504BA3FB012374
:1015A0001A0913469B0013449B00CA1A002A0DD146
:1015B000494B1B68002B09D0494B9B680133484AB3
:1015C00093600121092002F0FFFB06E0444B00225A
:1015D0009A600021092002F0F7FB424B1B78002B98
:1015E00007D0414B1B78002B0AD13F4B01221A70C8
:1015F00006E03D4B1B78012B02D13B4B00221A70B9
:101600003A4B1B88002B06D0384B1B88013B9AB203
:10161000364B1A800AE0354B1B88002B06D1324B23
:101620001B78022B02D1304B01221A702E4B1B78F3
:10163000032B00F00D812E4B1B78022B40F008810C
:101640002C4B1B6801332B4A13602B4B1B68013357
:10165000294A1360294B1B680133284A1360254B24
:101660001B68B3F5FA6F0DD901210B2002F0ACFB1A
:10167000234B00221A70234B00221A70224BFF22A8
:101680001A7003E000210B2002F09EFB1A4B1B682E
:10169000B3F5FA6F0DD90121062002F095FB1B4B23
:1016A00000221A701A4B00221A701A4B00221A706C
:1016B00003E00021062002F087FB104B1B68B3F506
:1016C000FA6F2BD90121072002F07EFB124B00227A
:1016D0001A7027E00802012044020120CDCCCCCCB6
:1016E000E401012048000120F001012068000120F0
:1016F0002D040120D8010120DC010120E00101209E
:1017000061010120640101201E000120650101200A
:1017100062010120630101201D000120002107203A
:1017200002F052FB5E4B19684B085E4AA2FB032392
:101730009A081346DB009B1A5B00CA1A002A35D1AF
:10174000594B01221A70584B4FF480725A60564B15
:1017500002221A72554B1A78534B5A72534B9A788D
:10176000514B9A72504800F043F94F4B00221A70C7
:101770004D4B00225A604C4B00221A724A4B0022F9
:101780005A72494B00229A72474B0022DA72464B3A
:1017900000221A73444B00225A73434B00229A735F
:1017A000414B0022DA73404B00221A743C4B1A68FA
:1017B0003F4BA3FB0213DB081A2101FB03F3D31AEF
:1017C000002B45D1384B01221A70374B40F20112E1
:1017D0005A60354B05221A72364B9A78324B5A7240
:1017E000344BDA78304B9A72304B1A792E4BDA72CE
:1017F0000121314806F070F903461A462A4B1A7344
:101800002A4B5A78284B5A73274800F0F1F8264B98
:1018100000221A70244B00225A60234B00221A72B5
:10182000214B00225A72204B00229A721E4B00223A
:10183000DA721D4B00221A731B4B00225A731A4B8B
:1018400000229A73184B0022DA73174B00221A7485
:10185000154B00221A70144B00225A60124B0022C2
:101860001A72114B00225A720F4B00229A720E4BC1
:101870000022DA720C4B00221A730B4B00225A73AF
:10188000094B00229A73084B0022DA73064B0022A0
:101890001A74034B1B680133014A136000BFB0BDCB
:1018A000440201209324499248020120480001206B
:1018B0004FECC44E5C0101200000024080B588B0AE
:1018C00000AF00F017FBFF233B71E0237B71002387
:1018D000BB710023FB71FF233B70E0237B7000236F
:1018E000BB700023FB7012233B77E0237B77002340
:1018F000BB770023FB7713233B7600237B76002303
:10190000BB760023FB7613233B7520237B750023D6
:10191000BB750023FB75A2233B7400237B7400235B
:10192000BB740023FB74E0233B7300237B73002311
:10193000BB730023FB73E0233B7200237B72002305
:10194000BB720023FB7200F077FA00F097FA3B1DA0
:101950001A462321202000F04BFB3B461A46272144
:10196000242000F045FB07F11C031A460321002048
:1019700000F03EFB07F118031A460721042000F08F
:1019800037FB07F114031A460B21082000F030FB47
:1019900007F110031A461321102000F029FB07F16C
:1019A0000C031A461721142000F022FB07F108034C
:1019B0001A461B21182000F01BFB0421602000F0B8
:1019C000F3FA0121702000F0EFFA00212A2000F044
:1019D000EBFA9021292000F0E7FA8221282000F07C
:1019E000E3FA00F069FA012318462037BD4680BDAE
:1019F00080B586B000AF786072B600BF0023FB757B
:101A000000233B610023FB6000233B7400237B74B5
:101A10000023BB740023FB7400F058FB03463B73A8
:101A20003B7B03F00403DBB2002B17D17B685868C3
:101A30007B681B7807F11002194600F0A8F97B6853
:101A40001A7A7B68093307F11001402000F0FAFA96
:101A5000812000F021FB0123FB753AE03B7B03F082
:101A60001003DBB2002B17D17B6858687B681B78AA
:101A700007F11002194600F08AF97B681A7A7B6830
:101A8000093307F11001422000F0DCFA822000F057
:101A900003FB0123FB751CE03B7B03F04003DBB23F
:101AA000002B16D17B6858687B681B7807F1100201
:101AB000194600F06CF97B681A7A7B68093307F1E4
:101AC0001001442000F0BEFA842000F0E5FA012362
:101AD000FB7562B600BFFB7D18461837BD4680BD5A
:101AE00080B588B000AF786072B600BF0023FB7786
:101AF00007F1100300221A605A609A601A730023DB
:101B0000FB6000F001FB03463B733B7B23F03F038C
:101B1000DBB2002B66D03B7B23F03F03DBB2402BD4
:101B20000CBF01230023DAB23B7B23F03F03DBB27F
:101B3000C02B0CBF01230023DBB21343DBB2002B0D
:101B400007D007F110030D221946902000F00AFA81
:101B50000CE03B7B23F03F03DBB2802B06D107F187
:101B600010030D221946942000F0FCF93B7B03F092
:101B70001803DBB2102B0CD17B6802221A70B87CE0
:101B8000F97C3A7C7B7C00F0A1F802467B685A60C5
:101B90000BE07B6801221A703B7C7A7C1146184668
:101BA00000F0D6F802467B685A603A7D7B681A726C
:101BB0007A7D7B685A72BA7D7B689A72FA7D7B68FF
:101BC000DA723A7E7B681A737A7E7B685A73BA7EC1
:101BD0007B689A73FA7E7B68DA733A7F7B681A7443
:101BE0000123FB7762B600BFFB7F18462037BD4656
:101BF00080BD80B582B000AF00233B600023FB7145
:101C000000F064FA03463B703B7803F00103DBB25B
:101C1000002B02D0FB790133FB713B7803F0020308
:101C2000DBB2002B02D0FB790133FB71FB79184644
:101C30000837BD4680BD80B582B000AF00233B6051
:101C40000023FB712D2000F069F903463B703B78BF
:101C500003F02003DBB2002B01D00123FB71FB79E1
:101C600018460837BD4680BD80B582B000AF00235E
:101C70003B600023FB712D2000F050F903463B70C0
:101C80003B7803F00803DBB2002B01D00123FB718A
:101C9000FB7918460837BD4680BD80B582B000AFDD
:101CA00000233B600023FB712D2000F037F9034631
:101CB0003B703B7803F01003DBB2002B01D0012313
:101CC000FB71FB7918460837BD4680BD90B486B0DD
:101CD00000AF0446084611461A462346FB710346E8
:101CE000BB710B467B7113463B7100237B61002364
:101CF0003B610023FB730023BB733B7903F00303B9
:101D0000FB733B795B09BB737B79DB003B61BB7B7E
:101D10003A6913443B613B699B003B61FB7B3A6939
:101D200013443B613B691B023B61FB793A691344F5
:101D30003B613B691B023B61BB793A6913443B61E0
:101D40003B697B617B6918461837BD4690BC70477C
:101D500080B485B000AF03460A46FB711346BB71E1
:101D60000023FB600023BB60FB79DB00BB60BB7919
:101D70005B09DBB21A46BB681344BB60BB68FB60FF
:101D8000FB6818461437BD465DF8047B704780B485
:101D900087B000AFF8600B467A60FB720023FB75DA
:101DA000FB7A022B2ED1FB68DAB27B68DA70FB6813
:101DB0001B0AFB60FB68DAB27B689A70FB681B0A3F
:101DC000FB60FB68DBB203F00303FB75FB68DB0021
:101DD000FB60FB68DBB223F01F03DAB2FB7D134428
:101DE000FB75FB7D0833FB75FB7D23F01403DAB232
:101DF0007B685A70FB681B0AFB60FB68DAB27B6881
:101E00001A7013E07B6800229A707B680022DA70F7
:101E1000FB685B01FB60FB68DAB27B685A70FB68A9
:101E20001B0AFB60FB68DAB27B681A7000BF1C37C4
:101E3000BD465DF8047B704780B582B000AF0A23D1
:101E4000FB71012210210B4805F05EFE0A4807F0E5
:101E5000FBF90346012B01D1012306E0FB79013B8D
:101E6000FB71FB79002BF1D1002318460837BD46E2
:101E700080BD00BF00080240FC04012080B582B094
:101E800000AF0A23FB7180210F2000F08DF80E2097
:101E900000F044F8034603F0E003802B01D1012356
:101EA00006E0FB79013BFB71FB79002BEFD10023AE
:101EB00018460837BD4680BD80B582B000AF0A2302
:101EC000FB7100210F2000F06FF80E2000F026F8C3
:101ED000034603F0E003002B01D1012306E0FB7968
:101EE000013BFB71FB79002BEFD10023184608372B
:101EF000BD4680BD80B500AF00221021064805F028
:101F000003FEC02000F01EF901221021024805F056
:101F1000FBFD00BF80BD00BF0008024080B584B05B
:101F200000AF0346FB710023FB73002210210C4815
:101F300005F0EAFD032000F005F9FB79184600F0F2
:101F400001F900F025F90346FB7301221021044832
:101F500005F0DAFDFB7B18461037BD4680BD00BF9B
:101F60000008024080B582B000AF03463960FB71C3
:101F70001346BB71002210210A4805F0C5FDFB790C
:101F8000184600F0DFF8BB791946386800F012F9FE
:101F900001221021034805F0B7FD00BF0837BD46F8
:101FA00080BD00BF0008024080B582B000AF03468C
:101FB0000A46FB711346BB71002210210B4805F045
:101FC000A3FD022000F0BEF8FB79184600F0BAF835
:101FD000BB79184600F0B6F801221021034805F03D
:101FE00093FD00BF0837BD4680BD00BF000802401A
:101FF00080B582B000AF03463A60FB710B46BB71FF
:10200000002210210E4805F07FFD022000F09AF812
:10201000FB79184600F096F8BA79FB79D31ADBB24F
:102020000133DBB21946386800F09EF80122102116
:10203000034805F069FD00BF0837BD4680BD00BFFD
:102040000008024080B584B000AFB9607B600346F1
:10205000FB731346BB73002210210E4805F054FD9C
:10206000FB7B184600F06EF80421B86800F07CF89D
:10207000BB7B184600F066F8BB7B1946786800F019
:1020800073F801221021034805F03EFD00BF103710
:10209000BD4680BD0008024080B582B000AF034657
:1020A000FB7100221021084805F02EFDFB7918462F
:1020B00000F048F801221021034805F025FD00BF7B
:1020C0000837BD4680BD00BF0008024080B582B021
:1020D00000AF0023FB71002210210A4805F014FD17
:1020E000A02000F02FF800F053F80346FB71012206
:1020F0001021044805F008FDFB7918460837BD4655
:1021000080BD00BF0008024080B582B000AF002350
:10211000FB71002210210A4805F0F6FCB02000F007
:1021200011F800F035F80346FB7101221021044834
:1021300005F0EAFCFB7918460837BD4680BD00BFB4
:102140000008024080B582B000AF0346FB71F91D64
:1021500002230122034806F021FB00BF0837BD46D9
:1021600080BD00BFFC04012080B582B000AF786064
:102170000B46FB70FB789AB202237968034806F09D
:102180000DFB00BF0837BD4680BD00BFFC04012029
:1021900080B582B000AF0023FB71F91D022301223C
:1021A000034806F03FFCFB7918460837BD4680BD62
:1021B000FC04012080B582B000AF78600B46FB7054
:1021C000FB789AB202237968034806F02BFC00BF23
:1021D0000837BD4680BD00BFFC04012080B582B039
:1021E00000AF5F4808F08EFE03461A465D4B1A604A
:1021F0005D4B1B78002B07D05B4B1B781A465B4B63
:102200001A61594B00221A70554B5B6C002B0DD193
:102210000023FB7107E0FB79554A002142F82310A7
:10222000FB790133FB71FB79042BF4D94D4B1B680F
:10223000E02B00F08380E02B00F28880242B4FD825
:10224000242B00F2838001A252F823F0E722060833
:102250004D2306084D2306084D2306084D23060886
:102260004D2306084D2306084D2306084D23060876
:102270004D2306084D2306084D2306084D23060866
:102280004D2306084D2306084D2306084D23060856
:102290004D2306084D2306084D2306084D23060846
:1022A0004D2306084D2306084D2306084D23060836
:1022B0004D2306084D2306084D2306084D23060826
:1022C0004D2306084D2306084D230608F122060873
:1022D0000F230608192306082323060805230608EA
:1022E000A02B23D032E01F4B1B68224A13602EE044
:1022F000012221491A4808F0FFFA1A4B1B681D4AAF
:10230000136024E0174B1B681A4A13601FE0154B3B
:102310001B68184A13601AE0124B1B68154A1360B9
:1023200015E0104B1B68134A136010E00D4B1B683F
:10233000104A13600A4800F023F808E0094B1B68B4
:102340000C4A1360064800F01BF800E000BF0B4B7E
:102350001B680133094A136000BF0837BD4680BDC2
:102360004C08012088020120800201202000012069
:102370006002012074020120780201208402012001
:1023800080B584B000AF7860786808F0D9FDF86057
:10239000FB68102B42D801A252F823F01D24060836
:1023A000E1230608ED2306081D240608F923060884
:1023B0001D2406081D2406081D24060805240608F9
:1023C0001D2406081D2406081D2406081D240608D1
:1023D0001D2406081D2406081D24060811240608CD
:1023E000114B1B680133104A136018E00E4B5B68F9
:1023F00001330D4A536012E00B4B9B6801330A4ACC
:1024000093600CE0084BDB680133074AD36006E0B9
:10241000054B1B690133044A136100E000BF00BF94
:102420001037BD4680BD00BF6002012080B582B07C
:1024300000AF78607B681B68194A93422CD1194B16
:102440001B780A2B0ED1184B1B78032B06D8174884
:102450000CF087FA0346DAB2154B1A70124B0022C1
:102460001A7014E0104B1B78022B0DD80E4B1B7802
:102470001A460C4B19780D4B99540B4B1B780133B2
:10248000DAB2094B1A7002E0074B00221A700122DF
:102490000449786808F030FA00BF0837BD4680BDAF
:1024A0000010014078020120810201207C020120FD
:1024B0008002012080B500AF344BDB7A012B03D1C1
:1024C000334B01221A7006E0304BDB7A022B02D12B
:1024D0002F4B00221A702F4B03221A722D4B40F201
:1024E00001725A602B4B01221A702A4B02225A7237
:1024F000284BC5229A72254BDA7A264BDA72254888
:10250000FFF776FA234B00221A70224B00225A6002
:10251000204B00221A721F4B00225A721D4B0022C0
:102520009A721C4B0022DA721A4B00221A73194B52
:1025300000225A73174B00229A73164B0022DA734B
:10254000144B00221A74114B00221A700F4B0022F8
:102550005A600E4B00221A720C4B00225A720B4B1F
:1025600000229A72094B0022DA72084B00221A7379
:10257000064B00225A73054B00229A73034B00222C
:10258000DA73024B00221A7400BF80BD30020120B2
:10259000A40201201C02012080B500AF344BDB7A7D
:1025A000002B03D1334B03221A7006E0304BDB7A49
:1025B000012B02D12F4B02221A702F4B03221A72C9
:1025C0002D4B40F201725A602B4B01221A702A4B9C
:1025D00002225A72284B68229A72254BDA7A264BCD
:1025E000DA722548FFF704FA234B00221A70224BB7
:1025F00000225A60204B00221A721F4B00225A728E
:102600001D4B00229A721C4B0022DA721A4B0022D8
:102610001A73194B00225A73174B00229A73164BE8
:102620000022DA73144B00221A74114B00221A7024
:102630000F4B00225A600E4B00221A720C4B0022E4
:102640005A720B4B00229A72094B0022DA72084B25
:1026500000221A73064B00225A73054B00229A730C
:10266000034B0022DA73024B00221A7400BF80BDB4
:1026700030020120F00101201C02012080B500AFD2
:102680002C4B03221A722B4B40F201725A60294BD9
:1026900001221A70274B02225A72264B7E229A720E
:1026A000244B0022DA722348FFF7A2F9214B0022C3
:1026B0001A70204B00225A601E4B00221A721D4BCA
:1026C00000225A721B4B00229A721A4B0022DA72B5
:1026D000184B00221A73174B00225A73154B002215
:1026E0009A73144B0022DA73124B00221A74124BA5
:1026F00000221A70104B00225A600F4B00221A72EF
:102700000D4B00225A720C4B00229A720A4B002287
:10271000DA72094B00221A73074B00225A73064BD8
:1027200000229A73044B0022DA73034B00221A74BE
:1027300000BF80BD1C0201203002012080B500AF27
:102740000F4B03221A720E4B40F201725A600C4B6F
:1027500001221A700A4B02225A72094B50229A72B5
:10276000074B0422DA72074B03221A700448FFF762
:102770003FF901F08BFE002001F0A4FF00BF80BDF7
:102780001C020120C0FD012080B500AF0F4B0322C9
:102790001A720E4B40F201725A600C4B01221A70F1
:1027A0000A4B02225A72094B50229A72074B052299
:1027B000DA72074B04221A700448FFF719F901F086
:1027C00065FE002001F07EFF00BF80BD1C020120DD
:1027D000C0FD012080B500AF4B4B08221A724A4B56
:1027E00040F201725A60484B01221A70464B072290
:1027F0005A72454B62229A72434B0022DA72424B64
:1028000002221A73414B1B68DAB23F4B5A733F4B9B
:102810005B68DAB23C4B9A733C4B9B68DAB23A4B3A
:10282000DA733A4BDB68DAB2374B1A743648FFF783
:10283000DFF8052003F074FC334B06221A72324B8A
:1028400040F201725A60304B01221A702E4B052261
:102850005A722D4B62229A722B4B0022DA722A4B4B
:1028600002221A73294B1B69DAB2274B5A73274B82
:102870005B69DAB2244B9A732348FFF7B9F8224B0D
:1028800000221A70204B00225A601F4B00221A723D
:102890001D4B00225A721C4B00229A721A4B0022C6
:1028A000DA72194B00221A73174B00225A73164B17
:1028B00000229A73144B0022DA73134B00221A740D
:1028C000134B00221A70124B00225A60104B002248
:1028D0001A720F4B00225A720D4B00229A720C4B47
:1028E0000022DA720A4B00221A73094B00225A7333
:1028F000074B00229A73064B0022DA73044B002226
:102900001A7400BF80BD00BF1C020120FC0301201F
:102910003002012080B500AF634B08221A72624B6F
:1029200040F201725A60604B01221A705E4B07221E
:102930005A725D4B62229A725B4B0022DA725A4BDA
:1029400003221A73594B1B68DAB2574B5A73574B11
:102950005B68DAB2544B9A73544B9B68DAB2524BB1
:10296000DA73524BDB68DAB24F4B1A744E48FFF7FA
:102970003FF8052003F0D4FB4B4B08221A724A4B58
:1029800040F201725A60484B01221A70464B0722EE
:102990005A72454B62229A72434B0022DA72424BC2
:1029A00003221A73414B1B69DAB23F4B5A733F4BF8
:1029B0005B69DAB23C4B9A733C4B9B69DAB23A4B97
:1029C000DA733A4BDB69DAB2374B1A743648FFF7E1
:1029D0000FF8052003F0A4FB334B06221A72324B8A
:1029E00040F201725A60304B01221A702E4B0522C0
:1029F0005A722D4B62229A722B4B0022DA722A4BAA
:102A000003221A73294B1B6ADAB2274B5A73274BDE
:102A10005B6ADAB2244B9A732348FEF7E9FF224B34
:102A200000221A70204B00225A601F4B00221A729B
:102A30001D4B00225A721C4B00229A721A4B002224
:102A4000DA72194B00221A73174B00225A73164B75
:102A500000229A73144B0022DA73134B00221A746B
:102A6000134B00221A70124B00225A60104B0022A6
:102A70001A720F4B00225A720D4B00229A720C4BA5
:102A80000022DA720A4B00221A73094B00225A7391
:102A9000074B00229A73064B0022DA73044B002284
:102AA0001A7400BF80BD00BF1C020120D4030120A6
:102AB0003002012080B500AF364B08221A72354B28
:102AC00040F201725A60334B01221A70314B0722D7
:102AD0005A72304B62229A722E4BF122DA722D4BCF
:102AE00080221A732C4B5A782A4B5A732A4B1A7825
:102AF000284B9A73284B9A78264BDA73264BDA7850
:102B0000244B1A742348FEF773FF224B00221A70DD
:102B1000204B00225A601F4B00221A721D4B0022CC
:102B20005A721C4B00229A721A4B0022DA72194B0D
:102B300000221A73174B00225A73164B00229A7305
:102B4000144B0022DA73134B00221A74134B002229
:102B50001A70124B00225A60104B00221A720F4B4F
:102B600000225A720D4B00229A720C4B0022DA722C
:102B70000A4B00221A73094B00225A73074B00229A
:102B80009A73064B0022DA73044B00221A7400BFBA
:102B900080BD00BF1C0201206C000120300201201A
:102BA00080B500AF304B05221A722F4B40F20172F4
:102BB0005A602D4B01221A702B4B04225A722A4B59
:102BC00062229A72284BF122DA72274B86221A73FC
:102BD000264B1A78244B5A732348FEF709FF224BE1
:102BE00000221A70204B00225A601F4B00221A72DA
:102BF0001D4B00225A721C4B00229A721A4B002263
:102C0000DA72194B00221A73174B00225A73164BB3
:102C100000229A73144B0022DA73134B00221A74A9
:102C2000134B00221A70124B00225A60104B0022E4
:102C30001A720F4B00225A720D4B00229A720C4BE3
:102C40000022DA720A4B00221A73094B00225A73CF
:102C5000074B00229A73064B0022DA73044B0022C2
:102C60001A7400BF80BD00BF1C020120C0FD0120FE
:102C70003002012080B500AF394B08221A72384B60
:102C800040F201725A60364B01221A70344B07220F
:102C90005A72334B62229A72314B0022DA72304BF5
:102CA00005221A732F4B1B681B0EDAB22C4B5A737A
:102CB0002C4B1B681B0CDAB2294B9A73294B1B68EF
:102CC0001B0ADAB2264BDA73264B1B68DAB2244BA6
:102CD0001A742348FEF78CFE214B00221A70204BF9
:102CE00000225A601E4B00221A721D4B00225A729B
:102CF0001B4B00229A721A4B0022DA72184B0022E8
:102D00001A73174B00225A73154B00229A73144BF7
:102D10000022DA73124B00221A74134B00221A702D
:102D2000114B00225A60104B00221A720E4B0022E7
:102D30005A720D4B00229A720B4B0022DA720A4B28
:102D400000221A73084B00225A73074B00229A7311
:102D5000054B0022DA73044B00221A7400BF80BDB9
:102D60001C020120C4FD01203002012080B500AF0B
:102D70003C4B08221A723B4B40F201725A60394BAD
:102D800001221A70374B07225A72364B6A229A7206
:102D9000354BDB7A042B03D0324B0122DA7206E08A
:102DA000314BDB7A042B02D12E4B0422DA722D4BED
:102DB00000221A732D4B1A782A4B5A732C4B1A780F
:102DC000284B9A732B4B1A78264BDA73294B5A7877
:102DD000244B1A742348FEF70BFE224B00221A7074
:102DE000204B00225A601F4B00221A721D4B0022FA
:102DF0005A721C4B00229A721A4B0022DA72194B3B
:102E000000221A73174B00225A73164B00229A7332
:102E1000144B0022DA73134B00221A74124B002257
:102E20001A70114B00225A600F4B00221A720E4B7F
:102E300000225A720C4B00229A720B4B0022DA725B
:102E4000094B00221A73084B00225A73064B0022CA
:102E50009A73054B0022DA73034B00221A7400BFE9
:102E600080BD00BF1C02012030020120480001206B
:102E7000500001209801012080B500AF3C4B082292
:102E80001A723B4B40F201725A60394B01221A70A0
:102E9000374B07225A72364B6A229A72354BDB7ACD
:102EA000042B03D0324B0122DA7206E0314BDB7A7D
:102EB000042B02D12E4B0422DA722D4B01221A73FD
:102EC0002D4B9A782A4B5A732C4B9A78284B9A732D
:102ED0002B4B1A7E264BDA73294B5A7E244B1A74DD
:102EE0002348FEF785FD224B00221A70204B00225A
:102EF0005A601F4B00221A721D4B00225A721C4B43
:102F000000229A721A4B0022DA72194B00221A73AD
:102F1000174B00225A73164B00229A73144B00224F
:102F2000DA73134B00221A74124B00221A70114BE1
:102F300000225A600F4B00221A720E4B00225A7266
:102F40000C4B00229A720B4B0022DA72094B0022C2
:102F50001A73084B00225A73064B00229A73054BD2
:102F60000022DA73034B00221A7400BF80BD00BF39
:102F70001C020120300201204800012050000120E5
:102F80009801012080B500AF3C4B08221A723B4BE0
:102F900040F201725A60394B01221A70374B0722F6
:102FA0005A72364B6A229A72354BDB7A042B03D065
:102FB000324B0122DA7206E0314BDB7A042B02D16C
:102FC0002E4B0422DA722D4B02221A732D4B9A7863
:102FD0002A4B5A732B4BDA78284B9A732A4B9A78E0
:102FE000264BDA73284BDA78244B1A742348FEF701
:102FF000FFFC224B00221A70204B00225A601F4B0C
:1030000000221A721D4B00225A721C4B00229A7227
:103010001A4B0022DA72194B00221A73174B002246
:103020005A73164B00229A73144B0022DA73134B17
:1030300000221A74124B00221A70114B00225A609F
:103040000F4B00221A720E4B00225A720C4B0022B8
:103050009A720B4B0022DA72094B00221A73084B4A
:1030600000225A73064B00229A73054B0022DA7332
:10307000034B00221A7400BF80BD00BF1C02012058
:1030800030020120540101205C01012080B500AF15
:103090003C4B08221A723B4B40F201725A60394B8A
:1030A00001221A70374B07225A72364B6A229A72E3
:1030B000354BDB7A042B03D0324B0122DA7206E067
:1030C000314BDB7A042B02D12E4B0422DA722D4BCA
:1030D00003221A732D4B1A782A4B5A732B4B5A78AA
:1030E000284B9A732A4B1A78264BDA73284B5A7856
:1030F000244B1A742348FEF77BFC224B00221A70E3
:10310000204B00225A601F4B00221A721D4B0022D6
:103110005A721C4B00229A721A4B0022DA72194B17
:1031200000221A73174B00225A73164B00229A730F
:10313000144B0022DA73134B00221A74124B002234
:103140001A70114B00225A600F4B00221A720E4B5C
:1031500000225A720C4B00229A720B4B0022DA7238
:10316000094B00221A73084B00225A73064B0022A7
:103170009A73054B0022DA73034B00221A7400BFC6
:1031800080BD00BF1C02012030020120540101203B
:103190005C01012080B500AF384B06221A72374B14
:1031A00040F201725A60354B01221A70334B0522EE
:1031B0005A72324B6A229A72314BDB7A042B03D05B
:1031C0002E4B0122DA7206E02D4BDB7A042B02D162
:1031D0002A4B0422DA72294B04221A73294B1A79DA
:1031E000264B5A73284B1A79244B9A732348FEF7BF
:1031F000FFFB224B00221A70204B00225A601F4B0B
:1032000000221A721D4B00225A721C4B00229A7225
:103210001A4B0022DA72194B00221A73174B002244
:103220005A73164B00229A73144B0022DA73134B15
:1032300000221A74124B00221A70114B00225A609D
:103240000F4B00221A720E4B00225A720C4B0022B6
:103250009A720B4B0022DA72094B00221A73084B48
:1032600000225A73064B00229A73054B0022DA7330
:10327000034B00221A7400BF80BD00BF1C02012056
:1032800030020120540101205C01012080B500AF13
:103290003C4B08221A723B4B40F201725A60394B88
:1032A00001221A70374B07225A72364B6A229A72E1
:1032B000354BDB7A042B03D0324B0122DA7206E065
:1032C000314BDB7A042B02D12E4B0422DA722D4BC8
:1032D00005221A732D4B5A782A4B5A732C4B5A7865
:1032E000284B9A732B4B1A7B264BDA73294B5A7B4C
:1032F000244B1A742348FEF77BFB224B00221A70E2
:10330000204B00225A601F4B00221A721D4B0022D4
:103310005A721C4B00229A721A4B0022DA72194B15
:1033200000221A73174B00225A73164B00229A730D
:10333000144B0022DA73134B00221A74124B002232
:103340001A70114B00225A600F4B00221A720E4B5A
:1033500000225A720C4B00229A720B4B0022DA7236
:10336000094B00221A73084B00225A73064B0022A5
:103370009A73054B0022DA73034B00221A7400BFC4
:1033800080BD00BF1C020120300201204800012046
:10339000500001209801012080B500AF3D4B08226C
:1033A0001A723C4B40F201725A603A4B01221A7079
:1033B000384B07225A72374B6A229A72364BDB7AA5
:1033C000042B03D0334B0122DA7206E0324BDB7A56
:1033D000042B02D12F4B0422DA722E4B06221A73D1
:1033E0002E4BDA782B4B5A732D4BDA78294B9A7384
:1033F0002C4B93F82420274BDA732A4B93F8252083
:10340000244B1A742348FEF7F3FA224B00221A7059
:10341000204B00225A601F4B00221A721D4B0022C3
:103420005A721C4B00229A721A4B0022DA72194B04
:1034300000221A73174B00225A73164B00229A73FC
:10344000144B0022DA73134B00221A74124B002221
:103450001A70114B00225A600F4B00221A720E4B49
:1034600000225A720C4B00229A720B4B0022DA7225
:10347000094B00221A73084B00225A73064B002294
:103480009A73054B0022DA73034B00221A7400BFB3
:1034900080BD00BF1C020120300201204800012035
:1034A000500001209801012080B500AF2E4B03226F
:1034B0001A722D4B40F201725A602B4B01221A7086
:1034C000294B02225A72284B50229A72264B012213
:1034D000DA72264B00221A702348FEF789FA224B33
:1034E00000221A70204B00225A601F4B00221A72D1
:1034F0001D4B00225A721C4B00229A721A4B00225A
:10350000DA72194B00221A73174B00225A73164BAA
:1035100000229A73144B0022DA73134B00221A74A0
:10352000134B00221A70124B00225A60104B0022DB
:103530001A720F4B00225A720D4B00229A720C4BDA
:103540000022DA720A4B00221A73094B00225A73C6
:10355000074B00229A73064B0022DA73044B0022B9
:103560001A7400BF80BD00BF1C020120C0FD0120F5
:103570003002012080B500AF2E4B03221A722D4B72
:1035800040F201725A602B4B01221A70294B022221
:103590005A72284B50229A72264B0322DA72264B1B
:1035A00001221A702348FEF723FA224B00221A70D8
:1035B000204B00225A601F4B00221A721D4B002222
:1035C0005A721C4B00229A721A4B0022DA72194B63
:1035D00000221A73174B00225A73164B00229A735B
:1035E000144B0022DA73134B00221A74134B00227F
:1035F0001A70124B00225A60104B00221A720F4BA5
:1036000000225A720D4B00229A720C4B0022DA7281
:103610000A4B00221A73094B00225A73074B0022EF
:103620009A73064B0022DA73044B00221A7400BF0F
:1036300080BD00BF1C020120C0FD0120300201201E
:1036400080B500AF0F4B03221A720E4B40F201728D
:103650005A600C4B01221A700A4B02225A72094B13
:1036600050229A72074B0222DA72074B02221A701A
:103670000448FEF7BDF900F009FF002001F022F830
:1036800000BF80BD1C020120C0FD012080B500AF3D
:103690000F4B03221A720E4B40F201725A600C4B10
:1036A00001221A700A4B02225A72094B51229A7255
:1036B000074B0122DA72074B05221A700448FEF705
:1036C00097F900F0E3FE002000F0FCFF00BF80BD92
:1036D0001C020120C0FD012080B500AF0F4B03226A
:1036E0001A720E4B40F201725A600C4B01221A7092
:1036F0000A4B02225A72094B51229A72074B03223B
:10370000DA72074B06221A700448FEF771F900F0CE
:10371000BDFE002000F0D6FF00BF80BD1C020120CE
:10372000C0FD012080B500AF2D4B02221A722C4B38
:1037300040F201725A602A4B01221A70284B012272
:103740005A72274B54229A726822002125480BF0A6
:103750009DF92348FEF74CF9214B00221A70204BAB
:1037600000225A601E4B00221A721D4B00225A7210
:103770001B4B00229A721A4B0022DA72184B00225D
:103780001A73174B00225A73154B00229A73144B6D
:103790000022DA73124B00221A74134B00221A70A3
:1037A000114B00225A60104B00221A720E4B00225D
:1037B0005A720D4B00229A720B4B0022DA720A4B9E
:1037C00000221A73084B00225A73074B00229A7387
:1037D000054B0022DA73044B00221A7400BF80BD2F
:1037E0001C020120A80201203002012080B500AF98
:1037F00072B600BFA74B08221A72A64B40F20172A4
:103800005A60A44B01221A70A24B07225A72A14B94
:1038100059229A729F4B0A22DA729F4B1B68DAB2C6
:103820009C4B1A739C4B5B68DAB29A4B5A739A4B57
:103830009B68DAB2974B9A73974BDB68DAB2954B79
:10384000DA73954B1B69DAB2924B1A749148FEF702
:10385000CFF8052002F064FC8E4B08221A728D4BC3
:1038600040F201725A608B4B01221A70894B072279
:103870005A72884B59229A72864B0A22DA72864B08
:103880005B69DAB2834B1A73834B9B69DAB2814B63
:103890005A73814BDB69DAB27E4B9A737E4B1B6A9B
:1038A000DAB27C4BDA737C4B5B6ADAB2794B1A740E
:1038B0007848FEF79DF8052002F032FC754B08228F
:1038C0001A72744B40F201725A60724B01221A70E4
:1038D000704B07225A726F4B59229A726D4B0A2213
:1038E000DA726D4B9B6ADAB26A4B1A736A4BDB6A07
:1038F000DAB2684B5A73684B1B6BDAB2654B9A733A
:10390000654B5B6BDAB2634BDA73634B9B6BDAB27A
:10391000604B1A745F48FEF76BF8052002F000FC5C
:103920005C4B08221A725B4B40F201725A60594B91
:1039300001221A70574B07225A72564B59229A721B
:10394000544B0A22DA72544BDB6BDAB2514B1A73C6
:10395000514B1B6CDAB24F4B5A734F4B5B6CDAB264
:103960004C4B9A734C4B9B6CDAB24A4BDA734A4B12
:10397000DB6CDAB2474B1A744648FEF739F805207B
:1039800002F0CEFB434B08221A72424B40F2017206
:103990005A60404B01221A703E4B07225A723D4B2F
:1039A00059229A723B4B0A22DA723B4B1B6DDAB2F8
:1039B000384B1A73384B5B6DDAB2364B5A73364B51
:1039C0009B6DDAB2334B9A73334BDB6DDAB2314B0A
:1039D000DA73314B1B6EDAB22E4B1A742D48FEF798
:1039E00007F8052002F09CFB2A4B04221A72294B8F
:1039F00040F201725A60274B01221A70254B0322B4
:103A00005A72244B59229A72224B0A22DA72224BA2
:103A10005B6EDAB21F4B1A731E48FDF7E9FF0520F3
:103A200002F07EFB1B4B00221A701A4B00225A60D8
:103A3000184B00221A72174B00225A72154B0022A3
:103A40009A72144B0022DA72124B00221A73114B35
:103A500000225A730F4B00229A730E4B0022DA7326
:103A60000C4B00221A740D4B00221A700B4B0022D3
:103A70005A600A4B00221A72084B00225A72074BF6
:103A800000229A72054B0022DA72044B00221A734C
:103A900006E000BF1C020120A80201203002012024
:103AA000074B00225A73064B00229A73044B0022E4
:103AB000DA73034B00221A7462B600BF00BF80BDE8
:103AC0003002012080B500AF5D4B1B6805335C4AB6
:103AD00013605C4B1B68002B02D15B4B00221A70F9
:103AE0005A4B9B7A3E2B01D1FEF7C8FD574B9B7A70
:103AF000282B01D1FEF750FD544B9B7A852B01D129
:103B0000FEF7D8FC514B9B7A102B29D14F4BDB7A17
:103B1000012B01D1FFF7C8FC4C4BDB7A032B01D101
:103B2000FFF728FD494BDB7A022B05D1464B1B786A
:103B3000012B01D1FFF784FD444BDB7A042B05D127
:103B4000414B1B78012B01D1FEF7F8FD3F4BDB7A8F
:103B5000052B05D13C4B1B78012B01D1FEF714FE40
:103B60003A4B1B7B862B09D1384BDB7AF12B05D1E5
:103B7000364B9B7A222B01D1FFF712F8334B9B7AFD
:103B8000112B09D1314BDB7A012B05D12F4B5B7AFD
:103B9000022B01D1FFF77AFD2C4B9B7A112B09D117
:103BA0002A4BDB7A032B05D1284B5B7A022B01D100
:103BB000FFF792FD254B9B7A142B01D1FFF7B2FD45
:103BC000224B9B7A192B01D1FFF710FE1E4B1B785D
:103BD000012B3FD11D4B9B7A2A2B0AD11B4BDB7A41
:103BE000042B06D1194B1B7B1A46194B53F8223074
:103BF0009847164B9B7A222B40F09780134BDB7A29
:103C0000002B11D1114B1B7B022B01D1FEF7E2FDE2
:103C10000E4B1B7B032B01D1FEF77CFE0B4B1B7B5A
:103C2000052B01D1FFF726F8084BDB7AF12B7CD16D
:103C3000064B1B7B802B78D1FEF73CFF75E000BF65
:103C4000C4FD01208C020120C0FD012030020120B2
:103C500070000120594B9B7A222B0BD0574B9B7A3B
:103C6000102B62D1554BDB7A012B03D1534BDB7AFE
:103C7000032B5AD0524B04221A72514B40F201725C
:103C80005A604F4B01221A704D4B03225A724C4B13
:103C90007F229A724A4B1922DA72494B22221A73F6
:103CA0004748FDF7A5FE464B00221A70444B002200
:103CB0005A60434B00221A72414B00225A72404B09
:103CC00000229A723E4B0022DA723D4B00221A7398
:103CD0003B4B00225A733A4B00229A73384B002216
:103CE000DA73374B00221A74344B00221A70334BAC
:103CF00000225A60314B00221A72304B00225A7255
:103D00002E4B00229A722D4B0022DA722B4B00228E
:103D10001A732A4B00225A73284B00229A73274B9E
:103D20000022DA73254B00221A74254B00221A70E8
:103D3000234B00225A60224B00221A72204B002291
:103D40005A721F4B00229A721D4B0022DA721C4BD2
:103D500000221A731A4B00225A73194B00229A73CD
:103D6000174B0022DA73164B00221A74134B0022F1
:103D70001A70124B00225A60104B00221A720F4B1D
:103D800000225A720D4B00229A720C4B0022DA72FA
:103D90000A4B00221A73094B00225A73074B002268
:103DA0009A73064B0022DA73044B00221A74054BF7
:103DB0001B680133034A136000BF80BD300201203D
:103DC0001C0201208C02012080B582B000AF0346A6
:103DD0000A46FB711346BB7172B600BF2D4B1B78B0
:103DE000002B50D1BB79012B33D1FB79013B5B0018
:103DF0000133294A52F82330012B08D0FB79013BCB
:103E00005B000133244A52F82330002B3BD1234B73
:103E100001221A70214B4FF486725A601F4B012207
:103E20001A721E4AFB7953721C48FDF7E1FDFB79BB
:103E3000013B5B00FA79184941F82320BB795A1CF1
:103E4000FB79013B5B0001331146134A42F8231012
:103E500019E0FB79013B5B0001330F4A52F8233034
:103E6000012B10D1FB79013B5B00FA790A4941F83B
:103E70002320BB795A1CFB79013B5B0001331146BF
:103E8000054A42F8231062B600BF00BF0837BD469E
:103E900080BD00BFA4020120A802012090020120E1
:103EA00080B483B000AF7860044B01221A7000BF69
:103EB0000C37BD465DF8047B704700BF100301203E
:103EC00080B582B000AF7860134802F015FD03465C
:103ED000124A1360114B1B68042B12D0042B16D806
:103EE000012B02D0022B06D011E00D4B1B680133D1
:103EF0000B4A13600BE00A4B5B680133084A5360BE
:103F000005E0074B9B680133054A936000BF00BF83
:103F10000837BD4680BD00BF4004012028030120B2
:103F20001C03012080B582B000AF8E4802F0E4FC93
:103F300003468D4A13608C4B1B68002B03D08948C5
:103F4000FFF7BEFFB2E00023FB7107E0FB79874A71
:103F5000002142F82310FB790133FB71FB79022B1E
:103F6000F4D9A3E0824B1B78032B67D801A252F847
:103F700023F000BF853F0608B33F0608E13F06086F
:103F80000F40060801224FF480717A4803F0BCFD0F
:103F900000224FF48061784803F0B6FD0022102122
:103FA000754803F0B1FD00222021734803F0ACFDF9
:103FB00045E000224FF480716E4803F0A5FD012218
:103FC0004FF480616C4803F09FFD002210216A4885
:103FD00003F09AFD00222021674803F095FD2EE0B2
:103FE00000224FF48071634803F08EFD00224FF4ED
:103FF0008061614803F088FD002210215E4803F0D3
:1040000083FD012220215C4803F07EFD17E00122A0
:104010004FF48071574803F077FD00224FF4806120
:10402000554803F071FD01221021534803F06CFD47
:1040300000222021504803F067FD00E000BF4948FE
:1040400002F0F8F84D4B00221A7004E04C4B1B684C
:1040500001334B4A1360494B1B78002B05D1484B69
:104060001B6844F61F629342F0D9454B1B6844F627
:104070002062934203D101210A20FFF7A5FE404BA5
:1040800000221A60374802F0E4FA0146384B1B78E8
:104090001A4689B23B4B23F81210324802F088F9D5
:1040A000334B1B780133DAB2314B1A70304B1B782B
:1040B000032B7FF657AF2E4B00221A70324B196834
:1040C000324BA3FB01231A0913469B0013449B00A8
:1040D000CA1A002A21D12C4B1B68002B1DD00023AB
:1040E000BB7113E0BB792A4A52F82320BB792749D8
:1040F000A1FB02121209274941F82320BB79244A67
:10410000002142F82310BB790133BB71BB79032B2B
:10411000E8D91D4B00221A601BE000237B7110E0E0
:104120007B791B4A52F823207B79164931F81330EA
:1041300019467B790A44164941F823207B790133DB
:104140007B717B79032BEBD90F4B1B6801330E4A34
:104150001360114B1B6801330F4A136000BF08370F
:10416000BD4680BD400401202C0301201C0301201A
:10417000300301200000024000040240100301202F
:10418000340301201403012038030120CDCCCCCC12
:104190003C030120200001204C03012080B500AF2A
:1041A000374B1B68002B27D10021364805F09CFBBC
:1041B0000021354805F098FB0421334805F094FBB5
:1041C0000821314805F090FB0C212F4805F08CFBAD
:1041D0002C4B1B6800225A632B4B1B6800225A632E
:1041E000294B1B6800229A63274B1B680022DA6365
:1041F000254B1B6800221A64224805F018FF03466D
:10420000042B05D1214B1B680133204A136002E0C7
:104210001E4B00221A601C4805F009FF0346042BC0
:1042200005D11A4B5B680133184A536002E0174B03
:1042300000225A60164805F0FAFE0346042B05D109
:10424000124B9B680133114A936002E00F4B00222E
:104250009A60104805F0EBFE0346042B05D10B4B8A
:10426000DB680133094AD36002E0084B0022DA60C0
:10427000034B1B680133024A136000BF80BD00BFBF
:104280006003012030060120E406012050030120D4
:10429000980701207C05012080B582B000AF1A226A
:1042A0006749684800F0C4F90A226749674800F086
:1042B000BFF906226649674800F0BAF9604B1B68EF
:1042C000B3F1FF3F05D1682200215D480AF0DEFB13
:1042D00007E0614A5A4B1046194668231A460AF00D
:1042E00065FC594B1B68B3F1FF3F33D15B4B1B6837
:1042F0009AB25B4B1A80594B5B689AB2584B5A8002
:10430000564B9B689AB2564B9A80544BDB689AB2D4
:10431000534BDA80514B1B69DAB2524B1A704F4B38
:104320005B69DAB2504B1A704C4B9B69DAB24F4B57
:104330001A704A4BDB69DAB24D4B1A70474B1B6A55
:10434000DAB24C4B1A7002230A2244493F4800F06B
:1043500019F92CE03C4B1B689AB2414B1A803A4B3E
:104360005B689AB23E4B5A80374B9B689AB23C4B83
:104370009A80354BDB689AB2394BDA80324B1B6935
:10438000DAB2384B1A70304B5B69DAB2364B1A70BE
:104390002D4BDB69DAB2364B1A702B4B9B69DAB2C4
:1043A000324B1A70284B1B6ADAB2324B1A70284B08
:1043B0001B68B3F1FF3F21D10023FB710AE0FA79BA
:1043C000FB792D4951F822202C4941F82320FB7913
:1043D0000133FB71FB79032BF1D9274B1B69DAB24F
:1043E000274B1A70244B5B69DAB2264B1A700323F1
:1043F00006222149174800F0C5F81AE00023BB71D6
:104400000AE0BA79BB79124951F822201B4941F8D8
:104410002320BB790133BB71BB79032BF1D90C4B42
:104420001B69DAB2164B1A70094B5B69DAB2154B8D
:104430001A70154B01221A7000BF0837BD4680BDA7
:104440006C03012000000108D40301200080000853
:10445000FC03012000C00008A80201208C000120FC
:10446000900101208D0101208C0101204D010120CE
:104470004C0101204E010120B40001205800012010
:104480004F010120500101206903012080B582B055
:1044900000AF0023FB7115E0FB79164A52F8232088
:1044A000FB79154951F823309A4208D0134B012269
:1044B0001A701A2210490F480AF078FB05E0FB79C0
:1044C0000133FB71FB79192BE6D90C4B1B78012BBF
:1044D00008D10A4B00221A7004231A220549084801
:1044E00000F050F8074B01221A7000BF0837BD4694
:1044F00080BD00BF6C030120A8020120140401202C
:10450000000001086A03012080B500AF194B1B7839
:10451000032B07D1184B1B78002B03D1174B01221B
:104520001A7006E0134B1B78022B02D1124B0022AB
:104530001A70124B1B78002B02D0012B09D011E00E
:104540000E4B02221A70FFF7A7FE0C4B03221A70C3
:1045500008E00A4B02221A70FFF798FF074B03226C
:104560001A7000BF064B1B680133054A136000BF79
:1045700080BD00BF2D0401206A03012068030120D3
:1045800064030120B0B588B000AFF860B9603B604B
:104590001346FB800023FB613B68BB613B687B618A
:1045A00002F092FD214B00221A60204B02221A6178
:1045B0001E4ABB6993607A69BB69D31A01331B4AEF
:1045C000D36007F110031946184802F0FBFE0346BA
:1045D000002B1FD002F0AAFD034622E0FB699B00DE
:1045E000BA6813441B6800221C46154622462B4617
:1045F000F968022002F064FC0346002B06D1FB6838
:104600000433FB60FB690133FB6103E002F08EFDC4
:10461000034606E0FB88FA699A42DFD302F076FD92
:10462000002318462037BD46B0BD00BF1804012046
:1046300080B487B000AFF860B9601346FB800023F8
:10464000FB820EE0FB8A9B001A46FB681344194666
:10465000FB8A9B00BA6813440A681A60FB8A01331C
:10466000FB82FA8AFB889A42ECD300BF00BF1C375A
:10467000BD465DF8047B704780B400AFBFF34F8F39
:1046800000BF064BDB6803F4E0620449044B1343AC
:10469000CB60BFF34F8F00BF00BFFDE700ED00E030
:1046A0000400FA0580B500AF00F084F800F03CF893
:1046B000034B1B680133024A136000BF80BD00BF7B
:1046C0003004012080B582B000AF0346FB7172B6A2
:1046D00000BFFB79002B15D00E4B00221A600E4A4A
:1046E000FB7913700D4B1B6801330C4A13600C4BA4
:1046F0001B6801330A4A13600A4B5B6F094A43F097
:1047000080735367074B5B6F064A43F080735367B0
:10471000FFF7B2FFC4FD0120C8FD0120CCFD012040
:10472000D0FD01200038024080B582B000AF1D4BA3
:104730005B6F1C4A43F0807353671B4B1B78002B45
:104740002CD1194B01221A700023FB711BE0FB795D
:10475000002B07D0FB79012B04D1FB79134A0021F0
:1047600042F82310FB7903F00103DBB2002B07D0E2
:10477000FB79022B04D9FB790C4A002142F8231063
:10478000FB790133FB71FB79192BE0D9084B1B78BE
:10479000002B03D001210820FFF716FB00BF0837CC
:1047A000BD4680BD0038024038040120A802012027
:1047B000C8FD012080B500AF304B1B78042B01D120
:1047C00000F044F92D4B1B78002B05D12B4B022216
:1047D0001A702B4B00221A602A4B1B78022B0FD029
:1047E000294B1B88B3F5966F0AD20121274803F0A5
:1047F00073F90346012B03D0254B1B69032B05D10D
:104800001E4B02221A701E4B00221A601D4B1B7891
:10481000002B16D11C4B1B88B3F5966F11D2174B8A
:104820001B78022B0DD10121184803F055F90346DE
:10483000002B06D1164B1B69032B02D00F4B032212
:104840001A700E4B1B78032B16D10D4B1B68002BD7
:1048500003D1104B1B680A4A13600E4B1A68084BB1
:104860001B68D31AB3F5FA6F06D9054B1B68002BEA
:1048700002D0024B04221A7000BF80BD2D0401201B
:1048800034040120F0010120140301200000024043
:10489000340001203004012080B500AF01216648BA
:1048A00003F01AF90346012B0DD1644B1B78013339
:1048B000DAB2624B1A70614B1B78032B06D10020D1
:1048C000FFF700FF02E05D4B00221A70FDF791F93F
:1048D00003465B4A13605A4B1B68002B00F0A8800C
:1048E000584B5B68002B2ED15648FDF7F9F803466C
:1048F000002B28D0534B5B68992B02D10020FFF787
:10490000E1FE504B5B68982B02D10020FFF7DAFEE6
:104910004C4B5B68972B02D10020FFF7D3FE494B2D
:104920005B68B3F5A26F06D1464B5B7A102B02D1C0
:104930000020FFF7C7FE434B5B68B3F5E06F02D181
:104940000020FFF7BFFE404B5B68002B2ED13E4896
:10495000FDF7C6F80346002B28D03B4B5B68992B2C
:1049600002D10020FFF7AEFE374B5B68982B02D1D7
:104970000020FFF7A7FE344B5B68972B02D1002085
:10498000FFF7A0FE304B5B68B3F5A26F06D12E4B4C
:104990005B7A102B02D10020FFF794FE2A4B5B6854
:1049A000B3F5E06F02D10020FFF78CFE254B00220B
:1049B0001A70244B00225A60224B00221A72214B9B
:1049C00000225A721F4B00229A721E4B0022DA728A
:1049D0001C4B00221A731B4B00225A73194B0022E6
:1049E0009A73184B0022DA73164B00221A74164B76
:1049F00000221A70144B00225A60134B00221A72C4
:104A0000114B00225A72104B00229A720E4B002258
:104A1000DA720D4B00221A730B4B00225A730A4BA9
:104A200000229A73084B0022DA73074B00221A7493
:104A300003F01EF900BF80BD0000024039040120D0
:104A40003C040120F40101200802012080B582B05D
:104A500000AF72B600BF02217E4802F059FF042168
:104A60007C4802F055FF08217A4802F051FF1021DE
:104A7000784802F04DFF4FF48071764802F048FF0D
:104A80004FF40071734802F043FF4FF480617148A6
:104A900002F03EFF4FF400616E4802F039FF4FF420
:104AA00080516C4802F034FF4FF40041694802F035
:104AB0002FFF0121684802F02BFF0221664802F017
:104AC00027FF0421644802F023FF0821624802F016
:104AD0001FFF1021604802F01BFF20215E4802F0FA
:104AE00017FF40215C4802F013FF80215A4802F072
:104AF0000FFF4FF48071584802F00AFF4FF4007125
:104B0000554802F005FF4FF48061534802F000FF62
:104B10004FF40061504802F0FBFE4FF480514E48C4
:104B200002F0F6FE4FF400514B4802F0F1FE4FF454
:104B30008041494802F0ECFE4FF40041464802F043
:104B4000E7FE0121454802F0E3FE0221434802F05E
:104B5000DFFE0421414802F0DBFE08213F4802F05D
:104B6000D7FE20213D4802F0D3FE40213B4802F011
:104B7000CFFE8021394802F0CBFE4FF480713748D8
:104B800002F0C6FE4FF40071344802F0C1FE4FF44B
:104B90008061324802F0BCFE4FF400612F4802F001
:104BA000B7FE4FF480512D4802F0B2FE4FF4005191
:104BB0002A4802F0ADFE4FF48041284802F0A8FEDA
:104BC0004FF40041254802F0A3FE0421244802F0DE
:104BD0009FFE0121234802F09BFE0221214802F0A2
:104BE00097FE214804F00EFE204804F00BFE2048FA
:104BF00004F0ECFC1F4805F043FE00F0EFFD00233D
:104C0000FB7107E097F90730184602F0B9F8FB7915
:104C10000133FB71FB79512BF4D9174B1B68164AF2
:104C200023F005031360154B00221A70144B002269
:104C30001A60144804F028FD62B600BF012101206B
:104C400002F0DCFF0020FFF73DFD00BF0837BD4646
:104C500080BD00BF00000240000402400008024086
:104C6000000C0240001C024030060120E406012036
:104C70007C0501204C08012010E000E0C8FD012067
:104C8000CCFD01209807012080B584B000AF3B46E1
:104C900000221A605A609A60DA60214B214A1A6039
:104CA0001F4B4FF480325A601D4B00229A601C4B00
:104CB00000221A611A4B00221A76194B002283F83F
:104CC0002020174B0022DA62154B174A9A62144BC8
:104CD0000022DA60124B0122DA61114B002283F8C4
:104CE00030200F4B01225A610D4801F03DFA034676
:104CF000002B01D000F026FC04233B6001237B60E5
:104D00000723BB603B461946054801F0C3FC034638
:104D1000002B01D000F016FC00BF1037BD4680BD4F
:104D200040040120002001400100000F80B58AB03E
:104D300000AF786007F1140300221A605A609A608D
:104D4000DA601A617B681B68174A934227D10023F7
:104D50003B61164B5B6C154A43F480735364134BF1
:104D60005B6C03F480733B613B690023FB600F4B7A
:104D70001B6B0E4A43F0010313630C4B1B6B03F0D8
:104D80000103FB60FB6810237B610323BB610023ED
:104D9000FB6107F114031946054802F035FC00BF1A
:104DA0002837BD4680BD00BF0020014000380240CA
:104DB0000000024080B400AF064BD3E90023501C32
:104DC00043F10001034BC3E9000100BFBD465DF89C
:104DD000047B7047B804012080B400AF064BD3E9D0
:104DE0000023501C43F10001034BC3E9000100BF45
:104DF000BD465DF8047B7047B004012080B582B0E9
:104E000000AF786039602320FFF75CFC00BF0837F3
:104E1000BD4680BD80B500AF2220FFF753FC00BF28
:104E200080BD000080B500AF284B0022012128483A
:104E300006F050FE0346274A1360274B002201214B
:104E4000264806F047FE0346254A1360254B0022FC
:104E50000121254806F03EFE0346244A13601D4BFF
:104E60001B680521184606F0B1FE1D4B1B680A2180
:104E7000184606F0ABFE1D4B1B686421184606F071
:104E8000A5FEFFF741FB1A4A00211A4806F07AFDF9
:104E90000346194A1360194A0021194806F072FDA9
:104EA0000346184A1360184A0021184806F06AFDA4
:104EB0000346174A1360174A0021174806F062FD9F
:104EC0000346164A136000BF80BD00BF80ED060890
:104ED00031500608F004012090ED06087D500608C8
:104EE000F4040120A0ED0608B1500608F8040120E2
:104EF000F0EC0608214F0608E004012014ED060836
:104F00006D4F0608E404012038ED0608B54F060889
:104F1000E80401205CED0608F14F0608EC040120CE
:104F2000B0B582B000AF78600D4B1B78012B0AD171
:104F30000C4B1B78022B06D1FBF7F2FBFBF77AFF39
:104F4000074B00221A70084BD3E90023541C43F18D
:104F50000005054BC3E90045002008F063FAE3E7CC
:104F6000A70401202D040120C0040120B0B582B0A7
:104F700000AF78600D4B1B78012B0AD1FFF792FB35
:104F8000FEF7D0FFFFF70AF9FDF728F9074B0022DB
:104F90001A70074BD3E90023541C43F10005044B5E
:104FA000C3E90045002008F03DFAE3E7A50401202D
:104FB000C8040120B0B582B000AF78600A4B1B78FE
:104FC000012B04D1FFF7A0FA074B00221A70074B00
:104FD000D3E90023541C43F10005044BC3E9004509
:104FE000002008F01FFAE9E7A9040120D0040120FD
:104FF000B0B582B000AF78600B4B1B78012B06D1A7
:10500000FCF70EF9FEF75EFD074B00221A70074B06
:10501000D3E90023541C43F10005044BC3E90045C8
:10502000002008F0FFF9E7E7A6040120D8040120DA
:1050300080B582B000AF78600B4B01221A700B4B29
:1050400001221A700A4B01221A700A4B1B6818467B
:1050500008F090FA084B1B68184608F08BFA00BF5E
:105060000837BD4680BD00BFA4040120A50401206F
:10507000A6040120E4040120EC04012080B582B0E4
:1050800000AF7860074B01221A70074B01221A709B
:10509000064B1B68184608F06DFA00BF0837BD467E
:1050A00080BD00BFA7040120A8040120E004012066
:1050B00080B582B000AF7860054B01221A70054BB5
:1050C0001B68184608F056FA00BF0837BD4680BD79
:1050D000A9040120E804012080B58AB000AF07F1DF
:1050E000140300221A605A609A60DA601A61002381
:1050F0003B618C4B1B6B8B4A43F004031363894B5E
:105100001B6B03F004033B613B690023FB60854B91
:105110001B6B844A43F080031363824B1B6B03F0C9
:105120008003FB60FB680023BB607E4B1B6B7D4AEA
:1051300043F0010313637B4B1B6B03F00103BB6064
:10514000BB6800237B60774B1B6B764A43F00203FE
:105150001363744B1B6B03F002037B607B680023BB
:105160003B60704B1B6B6F4A43F0080313636D4B3E
:105170001B6B03F008033B603B6800224FF6237172
:10518000694802F0C1FC00224FF48171674802F0C7
:10519000BBFC01221021644802F0B6FC002240F260
:1051A000FC71634802F0B0FC00220421614802F067
:1051B000ABFC4FF400537B610123BB610023FB6117
:1051C00000233B6207F114031946574802F01CFA0A
:1051D0004FF440437B610123BB610223FB61002349
:1051E0003B6207F1140319464F4802F00DFA41F6ED
:1051F00023737B610123BB610223FB6103233B62B9
:1052000007F114031946484802F0FEF90C237B61AC
:105210000323BB610023FB6107F1140319464248D5
:1052200002F0F2F901237B610023BB610223FB61E1
:1052300007F1140319463D4802F0E6F902237B61A9
:105240000123BB610023FB6100233B6207F11403D0
:105250001946364802F0D8F941F60C037B61032366
:10526000BB610023FB6107F1140319462F4802F0CC
:10527000CBF910237B610123BB610123FB61032375
:105280003B6207F114031946274802F0BDF940F2CA
:10529000BC737B610123BB610223FB6103233B627F
:1052A00007F114031946224802F0AEF94FF4704397
:1052B0007B610323BB610023FB6107F114031946E3
:1052C0001B4802F0A1F94FF480737B610123BB619D
:1052D0000223FB6103233B6207F1140319461348C1
:1052E00002F092F904237B610123BB610223FB617D
:1052F00003233B6207F1140319460E4802F084F9B8
:1053000040237B610123BB610023FB6100233B62DF
:1053100007F114031946064802F076F900BF283752
:10532000BD4680BD00380240000802400000024037
:1053300000040240000C024080B582B000AF00F0D3
:10534000ADFE00F031F8FFF7C7FEFFF79DFC00F05F
:1053500001F900F06BFB00F0F3FA00F059FD00F0EA
:10536000FDFB00F089F801210C4802F0B5FB034673
:105370001A460B4B1A700B4B7B6000233B603B467D
:10538000184602F0DBFB06F0B3FAFFF74BFD06F020
:10539000D3FA2B20FFF796F900BFFDE7000002408B
:1053A0002C0401200200010080B594B000AF07F189
:1053B000200330220021184609F068FB07F10C0396
:1053C00000221A605A609A60DA601A610023BB609A
:1053D000274B1B6C264A43F080531364244B1B6CF1
:1053E00003F08053BB60BB6800237B60214B1B68CC
:1053F000204A43F4404313601E4B1B6803F44043B0
:105400007B607B6801233B624FF480337B62022325
:10541000BB634FF48003FB6304233B6464237B641E
:105420000223BB640423FB6407F12003184602F047
:105430002FFC0346002B01D000F084F80F23FB6003
:1054400002233B6100237B614FF48053BB61002347
:10545000FB6107F10C030321184602F091FE03469D
:10546000002B01D000F06EF800BF5037BD4680BD64
:10547000003802400070004080B500AF00220621D5
:10548000052001F045FC052001F05EFC002206210C
:10549000042001F03DFC042001F056FC002206210E
:1054A000012001F035FC012001F04EFC0022062114
:1054B0001C2001F02DFC1C2001F046FC00220621DE
:1054C0001D2001F025FC1D2001F03EFC00220621DC
:1054D000252001F01DFC252001F036FC00220621CC
:1054E000232001F015FC232001F02EFC00220621D0
:1054F000512001F00DFC512001F026FC0022052175
:10550000122001F005FC122001F01EFC00BF80BD3E
:1055100080B582B000AF78607B681B68074A934211
:1055200001D1FFF7B9F97B681B68054A934201D1A5
:1055300000F0D6FD00BF0837BD4680BD0008004022
:10554000000C004080B500AF2A20FFF7BBF800BF79
:10555000FDE7000080B500AF174B184A1A60164BE4
:105560004FF482725A60144B00229A60124B002250
:10557000DA60114B00221A610F4B00225A610E4B68
:105580004FF400729A610C4B1822DA610A4B002228
:105590001A62094B00225A62074B00229A62064B9C
:1055A0000A22DA62044803F03DF80346002B01D0DA
:1055B000FFF7C8FF00BF80BDFC04012000300140A0
:1055C00080B58AB000AF786007F1140300221A603A
:1055D0005A609A60DA601A617B681B68194A9342C4
:1055E0002BD100233B61184B5B6C174A43F480536B
:1055F0005364154B5B6C03F480533B613B690023A0
:10560000FB60114B1B6B104A43F0010313630E4BFD
:105610001B6B03F00103FB60FB68E0237B6102234B
:10562000BB610023FB6103233B6205237B6207F11F
:1056300014031946054801F0E7FF00BF2837BD46AF
:1056400080BD00BF00300140003802400000024031
:1056500080B582B000AF00237B60214B5B6C204A99
:1056600043F4804353641E4B5B6C03F480437B60C4
:105670007B6800233B601A4B1B6C194A43F0805334
:105680001364174B1B6C03F080533B603B68002294
:1056900006216FF00B0001F03BFB002206216FF0AA
:1056A0000A0001F035FB002206216FF0090001F02D
:1056B0002FFB002206216FF0040001F029FB0022DD
:1056C00006216FF0030001F023FB00220F216FF091
:1056D000010001F01DFB00BF0837BD4680BD00BFC3
:1056E0000038024080B58EB000AF78600023FB62C6
:1056F0000023BB620023FB60334B1B6C324A43F038
:1057000008031364304B1B6C03F00803FB60FB6859
:1057100007F1100207F114031146184602F050FF7A
:105720003B6AFB62FB6A002B03D102F021FF786326
:1057300004E002F01DFF03465B007B637B6B234AA2
:10574000A2FB03239B0C013BBB62214B214A1A6045
:105750001F4B40F2E732DA601D4ABB6A53601C4BB4
:1057600000221A611A4B00229A60194B00229A619A
:10577000174803F0CFFE034687F8333097F83330ED
:10578000002B1BD1124803F07FFF034687F833300C
:1057900097F83330002B11D1322001F0D5FA7B6815
:1057A0000F2B08D800227968322001F0B1FA0A4A9A
:1057B0007B68136002E0012387F8333097F83330B9
:1057C00018463837BD4680BD0038024083DE1B4393
:1057D0007C050120000C0040D000012080B400AF07
:1057E000064B1B68DA68054B1B6822F00102DA6081
:1057F00000BFBD465DF8047B704700BF7C050120FB
:1058000080B500AF2420FEF75DFF00BF80BD80B5EE
:1058100000AF2520FEF756FF00BFFDE780B500AFC3
:105820002620FEF74FFF00BFFDE780B500AF272021
:10583000FEF748FF00BFFDE780B500AF2820FEF768
:1058400041FF00BFFDE780B400AF00BFBD465DF87B
:10585000047B704780B500AF02F0F0F92C20FEF712
:1058600031FF00BF80BD80B500AF01F07DFB00BF00
:1058700080BD80B400AF00BFBD465DF8047B7047BB
:1058800080B500AF024800F0D0FD00BF80BD00BF72
:105890004004012080B500AF024804F0D5F800BFF5
:1058A00080BD00BF3006012080B500AF024804F083
:1058B000CBF800BF80BD00BFE406012080B500AF7B
:1058C000024804F0C1F800BF80BD00BF9807012066
:1058D00080B500AF024803F067FB00BF80BD00BF8A
:1058E000FC04012080B500AF024805F02BF800BF92
:1058F00080BD00BF4C08012080B500AF024804F015
:10590000A3F800BF80BD00BF7C05012080B500AFBB
:105910002920FEF7D7FE00BF80BD000080B400AF95
:10592000064BD3F88830054A43F47003C2F8883038
:1059300000BFBD465DF8047B704700BF00ED00E08E
:1059400080B58EB000AF07F1280300221A605A60BC
:105950009A60DA6007F1200300221A605A603B1D4A
:1059600000221A605A609A60DA601A615A619A617C
:105970002D4B4FF080421A602B4B41F2FF325A60A0
:10598000294B00229A60284BC722DA60264B00225E
:105990001A61254B00229A61234803F0BBFD0346A0
:1059A000002B01D0FFF7CEFD4FF48053BB6207F10F
:1059B000280319461C4804F019FA0346002B01D0AD
:1059C000FFF7C0FD184803F0C1FE0346002B01D0CD
:1059D000FFF7B8FD00233B6200237B6207F1200341
:1059E0001946114804F062FE0346002B01D0FFF770
:1059F000A9FD60237B600023BB600023FB600423C0
:105A00007B613B1D00221946074804F02DF903462F
:105A1000002B01D0FFF796FD034800F03FF900BFCF
:105A20003837BD4680BD00BF3006012080B58EB03E
:105A300000AF07F1280300221A605A609A60DA600A
:105A400007F1200300221A605A603B1D00221A60F1
:105A50005A609A60DA601A615A619A613D4B3E4A17
:105A60001A603C4B63225A603A4B00229A60394BD1
:105A700042F20F72DA60374B00221A61354B002276
:105A80009A61344803F046FD0346002B01D0FFF72E
:105A900059FD4FF48053BB6207F1280319462D4886
:105AA00004F0A4F90346002B01D0FFF74BFD294871
:105AB00003F04CFE0346002B01D0FFF743FD00230B
:105AC0003B6200237B6207F120031946214804F062
:105AD000EDFD0346002B01D0FFF734FD60237B6012
:105AE0000023BB600023FB6000237B613B1D002281
:105AF0001946184804F0B8F80346002B01D0FFF708
:105B000021FD3B1D04221946124804F0ADF803465E
:105B1000002B01D0FFF716FD3B1D082219460D484A
:105B200004F0A2F80346002B01D0FFF70BFD3B1D4C
:105B30000C221946074804F097F80346002B01D0C1
:105B4000FFF700FD034800F0A9F800BF3837BD4655
:105B500080BD00BFE40601200004004080B586B08F
:105B600000AF07F1080300221A605A609A60DA60F9
:105B70003B4600221A605A601D4B1E4A1A601C4B9D
:105B800042F20F725A601A4B00229A60184B40F290
:105B9000CF72DA60164B00221A61154B00229A610F
:105BA000134803F0B7FC0346002B01D0FFF7CAFCF3
:105BB0004FF48053BB6007F1080319460C4804F00A
:105BC00015F90346002B01D0FFF7BCFC00233B6016
:105BD00000237B603B461946054804F067FD0346F9
:105BE000002B01D0FFF7AEFC00BF1837BD4680BDCB
:105BF000980701200008004080B586B000AF7860AB
:105C00007B681B68B3F1804F0ED100237B61204B72
:105C10001B6C1F4A43F0010313641D4B1B6C03F004
:105C200001037B617B692EE07B681B68194A934204
:105C30000ED100233B61164B1B6C154A43F0020347
:105C40001364134B1B6C03F002033B613B691AE0C6
:105C50007B681B68104A934215D10023FB600C4BF4
:105C60001B6C0B4A43F004031364094B1B6C03F0D9
:105C70000403FB60FB68002205211E2001F048F8A8
:105C80001E2001F061F800BF1837BD4680BD00BF7F
:105C900000380240000400400008004080B58AB08F
:105CA00000AF786007F1140300221A605A609A600E
:105CB000DA601A617B681B68B3F1804F1FD1002343
:105CC0003B61314B1B6B304A43F0010313632E4B96
:105CD0001B6B03F001033B613B694FF400437B61A5
:105CE0000223BB610123FB6103233B6201237B622F
:105CF00007F114031946254801F086FC40E07B6853
:105D00001B68234A93423BD10023FB601E4B1B6B55
:105D10001D4A43F0020313631B4B1B6B03F002038A
:105D2000FB60FB680023BB60174B1B6B164A43F0FC
:105D300004031363144B1B6B03F00403BB60BB68C9
:105D400003237B610223BB610123FB6103233B62CD
:105D500002237B6207F1140319460E4801F054FC3C
:105D6000C0237B610223BB610123FB6103233B62F0
:105D700002237B6207F114031946074801F044FC33
:105D800000BF2837BD4680BD0038024000000240F9
:105D900000040040000402400008024080B582B0C8
:105DA00000AF78607B681B68B3F1804F09D1154B59
:105DB0001B6C144A23F0010313641C2000F0D2FF73
:105DC0001CE07B681B68104A934209D10D4B1B6C89
:105DD0000C4A23F0020313641D2000F0C3FF0DE002
:105DE0007B681B68094A934208D1064B1B6C054A25
:105DF00023F0040313641E2000F0B4FF00BF083733
:105E0000BD4680BD0038024000040040000800404C
:105E100080B500AF114B124A1A60104B4FF4165266
:105E20005A600E4B00229A600C4B0022DA600B4B3A
:105E300000221A61094B04225A61084B00229A6120
:105E4000064B0022DA61054804F0BCFC0346002B37
:105E500001D0FFF777FB00BF80BD00BF4C080120D9
:105E60000010014080B58AB000AF786007F11403DC
:105E700000221A605A609A60DA601A617B681B68B7
:105E8000194A93422CD100233B61184B5B6C174A93
:105E900043F010035364154B5B6C03F010033B613C
:105EA0003B690023FB60114B1B6B104A43F001035D
:105EB00013630E4B1B6B03F00103FB60FB684FF495
:105EC000C0637B610223BB610023FB6103233B6250
:105ED00007237B6207F114031946054801F094FB80
:105EE00000BF2837BD4680BD001001400038024089
:105EF0000000024080B582B000AF78607B681B680C
:105F00000A4A93420DD10A4B5B6C094A23F01003F5
:105F100053644FF4C061074801F0FAFC252000F0FB
:105F200021FF00BF0837BD4680BD00BF0010014003
:105F30000038024000000240DFF834D00D480E491E
:105F40000E4A002302E0D458C4500433C4188C42D3
:105F5000F9D30B4A0B4C002301E013600432A24238
:105F6000FBD3FFF7DBFC08F0FDFDFFF7E5F9704719
:105F700000FC0120000001202C010120DCEE0608BD
:105F800030010120C83E0120FEE780B584B000AF9B
:105F900078607B68002B05D172B600BFFFF7D2FA9C
:105FA00000BFFDE77B681B7A012B05D972B600BFE5
:105FB000FFF7C8FA00BFFDE77B681B7A5A1CD1B215
:105FC0007A6811721946EFF311824FF0500383F390
:105FD0001188BFF36F8FBFF34F8FFA60BB60FA6811
:105FE0007B6843F8212000BF1037BD4680BD80B5D7
:105FF00084B000AF78607B68002B05D172B600BF1B
:10600000FFF7A0FA00BFFDE77B681B7A013BDAB21D
:106010007B681A727B681B7A012B05D972B600BFA8
:10602000FFF790FA00BFFDE77B681B7A1A467B6892
:1060300053F82230FB60FB6883F3118800BF00BF78
:106040001037BD4680BD80B582B000AF78607B68F8
:10605000002B05D172B600BFFFF774FA00BFFDE751
:106060007B681846FFF791FF00BF0837BD4680BD2B
:1060700080B582B000AF78607B68002B05D172B626
:1060800000BFFFF75FFA00BFFDE77B681846FFF728
:10609000AEFF00BF0837BD4680BD000080B500AF31
:1060A0000E4B1B680D4A43F4007313600B4B1B68C7
:1060B0000A4A43F480631360084B1B68074A43F4A1
:1060C00080731360032000F018FE0020FFF70AFB26
:1060D000FFF7BEFA0023184680BD00BF003C024017
:1060E00080B400AF064B1B781A46064B1B6813445E
:1060F000044A136000BFBD465DF8047B704700BFD3
:10610000D4000120D008012080B400AF034B1B68ED
:106110001846BD465DF8047B704700BFD0080120DB
:1061200080B584B000AF7860FFF7EEFFB8607B68A1
:10613000FB60FB68B3F1FF3F05D00A4B1B781A46A2
:10614000FB681344FB6000BFFFF7DEFF0246BB683D
:10615000D31AFA689A42F7D800BF00BF1037BD467D
:1061600080BD00BFD400012080B584B000AF78604E
:106170000023FB737B68002B01D101234AE07B687D
:106180001B6C002B20D17B68244A9A647B68244ACC
:10619000DA647B68234A1A657B68234A5A657B6800
:1061A000224A9A657B68DB6D002B02D17B68204A0E
:1061B000DA657B68DB6D786898477B6800225A64F3
:1061C0007B68002283F83C207B681B6C03F0100383
:1061D000002B18D17B681B6C23F4885323F0020337
:1061E00043F002027B681A64786800F091FB7B68D8
:1061F00000225A647B681B6C23F0030343F0010206
:106200007B681A6401E00123FB737B68002283F83A
:106210003C20FB7B18461037BD4680BDA13E0608DA
:106220006D66060881660608C13E0608096B060809
:106230002D4D060880B485B000AF78600023BB60A8
:106240007B6893F83C30012B01D10223A1E07B68ED
:10625000012283F83C207B681B689B6803F00103E4
:10626000012B18D07B681B689A687B681B6842F01A
:1062700001029A604A4B1B684A4AA2FB03239A0C0C
:1062800013465B001344BB6002E0BB68013BBB608C
:10629000BB68002BF9D17B681B689B6803F0010386
:1062A000012B69D17B681B6C23F4E06323F00103AD
:1062B00043F480727B681A647B681B685B6803F434
:1062C0008063002B07D07B681B6C23F4405343F49E
:1062D00080527B681A647B681B6C03F48053B3F5AF
:1062E000805F06D17B685B6C23F006027B685A6492
:1062F00002E07B6800225A647B68002283F83C201D
:10630000294BFB607B681B686FF022021A607B6878
:106310001B685B687A68126843F0806343F020036F
:106320005360FB685B6803F01F03002B0FD17B6891
:106330001B689B6803F04053002B29D17B681B68C6
:106340009A687B681B6842F080429A6020E07B6814
:106350001B68164A93421BD17B681B689B6803F03D
:106360004053002B14D17B681B689A687B681B68BC
:1063700042F080429A600BE07B681B6C43F0100295
:106380007B681A647B685B6C43F001027B685A642B
:10639000002318461437BD465DF8047B704700BFE4
:1063A000CC00012083DE1B4300230140002001407C
:1063B00080B483B000AF78607B6893F83C30012BE9
:1063C00001D102232BE07B68012283F83C207B680B
:1063D0001B689A687B681B6822F001029A607B68E0
:1063E0001B689B6803F00103002B13D17B681B68BB
:1063F0005B687A68126823F0806323F0200353609F
:106400007B681B6C23F4885323F0010343F00102E3
:106410007B681A647B68002283F83C2000231846BE
:106420000C37BD465DF8047B704780B586B000AF81
:10643000786000237B6100233B617B681B681B68DD
:10644000FB607B681B685B68BB60FB6803F0020352
:106450007B61BB6803F020033B617B69002B4AD062
:106460003B69002B47D07B681B6C03F01003002BAB
:1064700005D17B681B6C43F400727B681A647B68EF
:106480001B689B6803F04053002B2BD17B681B7E5D
:10649000002B27D17B681B68DB6A03F47003002B99
:1064A00006D07B681B689B6803F48063002B19D1BE
:1064B0007B681B685A687B681B6822F020025A6060
:1064C0007B681B6C23F480727B681A647B681B6C8E
:1064D00003F48053002B05D17B681B6C43F0010251
:1064E0007B681A647B689B6C786898477B681B683C
:1064F0006FF012021A60FB6803F004037B61BB6853
:1065000003F080033B617B69002B58D03B69002B73
:1065100055D07B681B6C03F01003002B05D17B6802
:106520001B6C43F400527B681A647B681B689B6891
:1065300003F44013002B39D17B681B689B6B03F479
:106540004013002B06D07B681B689B6803F48063B4
:10655000002B2BD17B681B685B6803F48063002BE6
:1065600024D17B681B689B6803F04053002B1DD12E
:106570007B681B7E002B19D17B681B685A687B687F
:106580001B6822F080025A607B681B6C23F48052E7
:106590007B681A647B681B6C03F48073002B05D145
:1065A0007B681B6C43F001027B681A647B689B6DFF
:1065B000786898477B681B686FF00C021A60FB686C
:1065C00003F001037B61BB6803F040033B617B691F
:1065D000002B18D03B69002B15D07B681B681B680B
:1065E00003F00103012B0ED17B681B6C43F4803256
:1065F0007B681A647B681B6D786898477B681B68AA
:106600006FF001021A60FB6803F020037B61BB6836
:1066100003F080633B617B69002B16D03B69002B44
:1066200013D07B685B6C43F002027B685A647B6822
:106630001B686FF020021A607B685B6D7868984772
:106640007B681B686FF020021A6000BF1837BD46D8
:1066500080BD80B483B000AF78607B681B68DB6C62
:1066600018460C37BD465DF8047B704780B483B094
:1066700000AF786000BF0C37BD465DF8047B704703
:1066800080B483B000AF786000BF0C37BD465DF8C2
:10669000047B704780B485B000AF78603960002318
:1066A000BB607B6893F83C30012B01D1022313E1DE
:1066B0007B68012283F83C203B681B68092B25D9A5
:1066C0007B681B68D9683B681B689BB21A461346F7
:1066D0005B0013441E3B072202FA03F3DA437B6894
:1066E0001B680A40DA607B681B68D9683B689A6857
:1066F0003B681B689BB2184603465B0003441E3B85
:106700009A407B681B680A43DA6022E07B681B685A
:1067100019693B681B689BB21A4613465B00134419
:10672000072202FA03F3DA437B681B680A401A6106
:106730007B681B6819693B689A683B681B689BB259
:10674000184603465B0003449A407B681B680A4373
:106750001A613B685B68062B24D87B681B68596B01
:106760003B685A6813469B001344053B1F2202FAFC
:1067700003F3DA437B681B680A405A637B681B6833
:10678000596B3B681B689BB218463B685A681346B6
:106790009B001344053B00FA03F27B681B680A4325
:1067A0005A634CE03B685B680C2B24D87B681B6801
:1067B000196B3B685A6813469B001344233B1F2206
:1067C00002FA03F3DA437B681B680A401A637B68AA
:1067D0001B68196B3B681B689BB218463B685A687C
:1067E00013469B001344233B00FA03F27B681B68AB
:1067F0000A431A6323E07B681B68D96A3B685A68BE
:1068000013469B001344413B1F2202FA03F3DA4371
:106810007B681B680A40DA627B681B68D96A3B6840
:106820001B689BB218463B685A6813469B0013448A
:10683000413B00FA03F27B681B680A43DA62294B8A
:10684000FB607B681B68284A93420FD13B681B683A
:10685000122B0BD1FB685B6823F40002FB685A60C3
:10686000FB685B6843F48002FB685A607B681B68C6
:106870001D4A93422BD13B681B681C4A934203D0AC
:106880003B681B68112B22D1FB685B6823F48002F4
:10689000FB685A60FB685B6843F40002FB685A605F
:1068A0003B681B68114A934211D1114B1B68114A76
:1068B000A2FB03239A0C13469B0013445B00BB60AE
:1068C00002E0BB68013BBB60BB68002BF9D17B6871
:1068D000002283F83C20002318461437BD465DF89B
:1068E000047B70470023014000200140120000108B
:1068F000CC00012083DE1B4380B483B000AF7860FE
:106900007B685B6C18460C37BD465DF8047B7047AE
:1069100080B485B000AF7860794BFB60FB685B6842
:1069200023F44032FB685A60FB685A687B685B68F6
:106930001A43FB685A607B681B685A687B681B684F
:1069400022F480725A607B681B6859687B681B69F7
:106950001A027B681B680A435A607B681B685A6886
:106960007B681B6822F040725A607B681B6859681C
:106970007B689A687B681B680A435A607B681B685F
:106980009A687B681B6822F400629A607B681B68C7
:1069900099687B68DA687B681B680A439A607B6841
:1069A0009B6A584A934222D07B681B689A687B682E
:1069B0001B6822F070629A607B681B6899687B682C
:1069C0009A6A7B681B680A439A607B681B689A68AE
:1069D0007B681B6822F040529A607B681B6899684C
:1069E0007B68DA6A7B681B680A439A600FE07B6801
:1069F0001B689A687B681B6822F070629A607B68EB
:106A00001B689A687B681B6822F040529A607B681A
:106A10001B689A687B681B6822F002029A607B6898
:106A20001B6899687B681B7E5A007B681B680A4359
:106A30009A607B6893F82030002B1BD07B681B6822
:106A40005A687B681B6842F400625A607B681B6866
:106A50005A687B681B6822F460425A607B681B6836
:106A600059687B685B6A013B5A037B681B680A4371
:106A70005A6007E07B681B685A687B681B6822F4D1
:106A800000625A607B681B68DA6A7B681B6822F4C4
:106A90007002DA627B681B68D96A7B68DB69013B3C
:106AA0001A057B681B680A43DA627B681B689A6870
:106AB0007B681B6822F400729A607B681B68996887
:106AC0007B6893F830305A027B681B680A439A60EF
:106AD0007B681B689A687B681B6822F480629A60F6
:106AE0007B681B6899687B685B699A027B681B6896
:106AF0000A439A6000BF1437BD465DF8047B7047B7
:106B0000002301400100000F80B483B000AF786023
:106B100000BF0C37BD465DF8047B704780B485B07C
:106B200000AF78607B6803F00703FB600C4BDB6809
:106B3000BB60BA684FF6FF031340BB60FB681A02E4
:106B4000BB68134343F0BF6343F40033BB60044AA4
:106B5000BB68D36000BF1437BD465DF8047B704747
:106B600000ED00E080B400AF044BDB681B0A03F0CB
:106B700007031846BD465DF8047B704700ED00E052
:106B800080B483B000AF0346FB7197F90730002B48
:106B90000BDBFB7903F01F02074997F907305B090C
:106BA000012000FA02F241F8232000BF0C37BD4655
:106BB0005DF8047B704700BF00E100E080B483B063
:106BC00000AF0346FB7197F90730002B12DBFB790E
:106BD00003F01F020A4997F907305B09012000FA08
:106BE00002F2203341F82320BFF34F8F00BFBFF3E1
:106BF0006F8F00BF00BF0C37BD465DF8047B704748
:106C000000E100E080B483B000AF0346FB7197F968
:106C10000730002B0CDBFB7903F01F02074997F9C3
:106C200007305B09012000FA02F2603341F82320AB
:106C300000BF0C37BD465DF8047B704700E100E003
:106C400080B483B000AF03463960FB7197F9073019
:106C5000002B0ADB3B68DAB20C4997F907301201C6
:106C6000D2B20B4483F800230AE03B68DAB2084949
:106C7000FB7903F00F03043B1201D2B20B441A76E6
:106C800000BF0C37BD465DF8047B704700E100E0B3
:106C900000ED00E080B489B000AFF860B9607A60C0
:106CA000FB6803F00703FB61FB69C3F10703042BD7
:106CB00028BF0423BB61FB690433062B02D9FB699F
:106CC000033B00E000237B614FF0FF32BB6902FA17
:106CD00003F3DA43BB681A407B699A404FF0FF31F7
:106CE0007B6901FA03F3D9437B680B4013431846D1
:106CF0002437BD465DF8047B704780B582B000AF95
:106D000078607868FFF70AFF00BF0837BD4680BD8E
:106D100080B586B000AF0346B9607A60FB7300238C
:106D20007B61FFF71FFF78617A68B9687869FFF7C0
:106D3000B1FF024697F90F3011461846FFF780FF62
:106D400000BF1837BD4680BD80B582B000AF034696
:106D5000FB7197F907301846FFF712FF00BF08379D
:106D6000BD4680BD80B582B000AF0346FB7197F988
:106D700007301846FFF722FF00BF0837BD4680BD29
:106D800080B582B000AF0346FB7197F90730184613
:106D9000FFF738FF00BF0837BD4680BD80B584B01F
:106DA00000AF78607B689B6DFB60FFF7ADF9B86062
:106DB0007B6893F83530DBB2022B08D07B688022E9
:106DC0005A657B68002283F83420012352E07B68F7
:106DD0001B681A687B681B6822F016021A607B68C1
:106DE0001B685A697B681B6822F080025A617B68C5
:106DF0001B6C002B03D17B689B6C002B07D07B683E
:106E00001B681A687B681B6822F008021A607B689E
:106E10001B681A687B681B6822F001021A6013E085
:106E2000FFF772F90246BB68D31A052B0CD97B68B1
:106E300020225A657B68032283F835207B68002274
:106E400083F83420032315E07B681B681B6803F07C
:106E50000103002BE4D17B68DB6D3F229A40FB6885
:106E60009A607B68012283F835207B68002283F8D2
:106E70003420002318461037BD4680BD80B483B04F
:106E800000AF78607B6893F83530DBB2022B04D01A
:106E90007B6880225A6501230CE07B68052283F819
:106EA00035207B681B681A687B681B6822F001022A
:106EB0001A60002318460C37BD465DF8047B704706
:106EC00080B586B000AFF860B960C7E90023012340
:106ED000FB75234B1B7E012B01D102233BE0204B92
:106EE00001221A764CF2503000F02CF90346FB7563
:106EF000FB7D002B2BD1FB68002B05D13B7819467D
:106F0000B86800F0D7F916E0FB68012B05D13B8883
:106F10001946B86800F0AAF90DE0FB68022B05D10C
:106F20003B681946B86800F07FF904E0D7E9002310
:106F3000B86800F047F94CF2503000F003F903460E
:106F4000FB75084B1B69074A23F001031361044BCF
:106F500000221A76FB7D18461837BD4680BD00BF5B
:106F6000D4080120003C024080B582B000AF00236D
:106F70007B60494BDB6803F4F973002B20D0474B4F
:106F80001B78DBB2012B07D1444BDB687B60434BA2
:106F90004FF0FF32DA600BE0404B1B78DBB2022B84
:106FA00003D13E4B1B697B6002E03C4B5B697B601D
:106FB00000F0A2F9786800F07DF8384B00221A70D2
:106FC000354BDB6803F00103002B4AD0324B012222
:106FD000DA60324B1B78DBB2012B2DD12F4B5B6873
:106FE000013B2E4A53602D4B5B68002B15D02B4B79
:106FF000DB687B60786800F053F8284BDB6801336E
:10700000264AD360254BDB687B60244B1B7ADBB2BE
:107010001946786800F06AFA23E04FF0FF337B608E
:107020001E4A7B68D3601D4B00221A7000F0A6FA3E
:10703000786800F035F814E0184B1B78DBB2022BAF
:1070400007D100F09BFA154B1B69184600F028F891
:1070500004E0124B5B69184600F022F80F4B002247
:107060001A700E4B1B78DBB2002B11D10A4B1B6937
:10707000094A23F0FF031361074B1B69064A23F0FB
:1070800080731361044B1B69034A23F0007313617F
:1070900000BF0837BD4680BD003C0240D408012037
:1070A00080B483B000AF786000BF0C37BD465DF898
:1070B000047B704780B483B000AF786000BF0C37AA
:1070C000BD465DF8047B704780B483B000AF0023F9
:1070D000FB710B4B1B69002B0BDA094B094A5A60F9
:1070E000074B094A5A60064B1B69002B01DA012342
:1070F000FB71FB7918460C37BD465DF8047B704781
:10710000003C024023016745AB89EFCD80B400AF5E
:10711000054B1B69044A43F00043136100231846E2
:10712000BD465DF8047B7047003C024080B400AF70
:10713000034BDB691846BD465DF8047B704700BF12
:10714000D408012080B584B000AF78600023FB60D4
:107150001A4B0022DA61FEF7D7FFF86010E07B6877
:10716000B3F1FF3F0CD07B68002B07D0FEF7CCFFBC
:107170000246FB68D31A7A689A4201D2032319E0C7
:107180000F4BDB6803F48033002BE8D10C4BDB683A
:1071900003F00103002B02D0094B0122DA60084BF7
:1071A000DB6803F4F973002B03D000F0A5F801238A
:1071B00000E0002318461037BD4680BDD4080120EA
:1071C000003C024080B485B000AFF860C7E90023FE
:1071D000144B1B69134A23F440731361114B1B6951
:1071E000104A43F4407313610E4B1B690D4A43F080
:1071F00001031361FB683A681A60BFF36F8F00BF29
:10720000D7E900014FF000024FF000030A0000230D
:10721000F968043113460B6000BF1437BD465DF8B2
:10722000047B7047003C024080B483B000AF7860BC
:1072300039600D4B1B690C4A23F4407313610A4BF0
:107240001B69094A43F400731361074B1B69064A23
:1072500043F0010313617B683A681A6000BF0C3782
:10726000BD465DF8047B7047003C024080B483B0AB
:1072700000AF78600B467B800D4B1B690C4A23F4F2
:10728000407313610A4B1B69094A43F4807313610D
:10729000074B1B69064A43F0010313617B687A8838
:1072A0001A8000BF0C37BD465DF8047B704700BFF5
:1072B000003C024080B483B000AF78600B46FB70A6
:1072C0000C4B1B690B4A23F440731361094B094AA9
:1072D0001B691361074B1B69064A43F001031361E5
:1072E0007B68FA781A7000BF0C37BD465DF8047BE6
:1072F000704700BF003C024080B400AF2F4BDB68FA
:1073000003F01003002B08D02D4BDB6943F0100372
:107310002B4AD361294B1022DA60284BDB6803F03B
:107320002003002B08D0264BDB6943F00803244AD6
:10733000D361224B2022DA60204BDB6803F040034C
:10734000002B08D01E4BDB6943F004031C4AD361B9
:107350001A4B4022DA60194BDB6803F08003002BE4
:1073600008D0174BDB6943F00203154AD361134B76
:107370008022DA60114BDB6803F48073002B09D0A4
:107380000F4BDB6943F001030D4AD3610B4B4FF404
:107390008072DA60094BDB6803F00203002B08D02F
:1073A000074BDB6943F02003054AD361034B0222FC
:1073B000DA6000BFBD465DF8047B7047003C0240C8
:1073C000D408012080B584B000AF78603960012313
:1073D000FB730023BB60314B1B7E012B01D10223C9
:1073E00058E02E4B01221A764CF25030FFF7AAFEDD
:1073F0000346FB73FB7B002B48D13B684FF0FF3209
:107400001A607B681B68012B15D17B681B69DAB297
:107410007B685B681946104600F044F84CF2503027
:10742000FFF790FE0346FB731D4B1B691C4A23F0BC
:107430000403136128E07B689B68BB601CE07B68E9
:107440001B69DBB21946B86800F050F84CF25030B6
:10745000FFF778FE0346FB73114B1B69104A23F0BC
:10746000FA031361FB7B002B03D03B68BA681A60F8
:107470000AE0BB680133BB607B68DA687B689B68A5
:107480001344BA689A42DAD300F078F8034B00222A
:107490001A76FB7B18461037BD4680BDD408012004
:1074A000003C024080B483B000AF03463960FB71FA
:1074B0000D4B1B690C4A23F4407313610A4B1B6983
:1074C000094A43F004031361074B1A69FB791B0255
:1074D0001343054A43F48033136100BF0C37BD46A4
:1074E0005DF8047B704700BF003C024080B485B06B
:1074F00000AF78600B46FB700023FB60FB78002B2D
:1075000002D10023FB6010E0FB78012B03D14FF484
:107510008073FB6009E0FB78022B03D14FF400730A
:10752000FB6002E04FF44073FB60134B1B69124A8F
:1075300023F440731361104B1A690F49FB6813431E
:107540000B610D4B1B690C4A23F0F80313610A4BC6
:107550001A697B68DB001343074A43F00203136197
:10756000054B1B69044A43F48033136100BF143791
:10757000BD465DF8047B7047003C024080B400AF1C
:10758000204B1B6803F40073002B17D01D4B1B68A6
:107590001C4A23F4007313601A4B1B68194A43F406
:1075A00000631360174B1B68164A23F400631360D3
:1075B000144B1B68134A43F400731360114B1B6890
:1075C00003F48063002B17D00E4B1B680D4A23F485
:1075D000806313600B4B1B680A4A43F480531360AB
:1075E000084B1B68074A23F480531360054B1B6844
:1075F000044A43F48063136000BFBD465DF8047B1A
:10760000704700BF003C024080B489B000AF786092
:10761000396000237B6100233B610023BB610023B1
:10762000FB6159E10122FB6902FA03F37B613B68CC
:107630001B687A6913403B613A697B699A4240F062
:1076400048813B685B6803F00303012B05D03B686E
:107650005B6803F00303022B30D17B689B68BB613E
:10766000FB695B00032202FA03F3DB43BA691340B0
:10767000BB613B68DA68FB695B0002FA03F3BA6935
:107680001343BB617B68BA699A607B685B68BB61C6
:107690000122FB6902FA03F3DB43BA691340BB61C1
:1076A0003B685B681B0903F00102FB6902FA03F304
:1076B000BA691343BB617B68BA695A603B685B680F
:1076C00003F00303032B17D07B68DB68BB61FB6906
:1076D0005B00032202FA03F3DB43BA691340BB6188
:1076E0003B689A68FB695B0002FA03F3BA691343CB
:1076F000BB617B68BA69DA603B685B6803F00303CF
:10770000022B23D1FB69DA087B68083253F8223058
:10771000BB61FB6903F007039B000F2202FA03F32E
:10772000DB43BA691340BB613B681A69FB6903F02C
:1077300007039B0002FA03F3BA691343BB61FB69B9
:10774000DA087B680832B96943F822107B681B6845
:10775000BB61FB695B00032202FA03F3DB43BA69F6
:107760001340BB613B685B6803F00302FB695B008D
:1077700002FA03F3BA691343BB617B68BA691A6002
:107780003B685B6803F44033002B00F0A2800023C9
:10779000FB60574B5B6C564A43F480435364544B35
:1077A0005B6C03F48043FB60FB68524AFB699B08F7
:1077B000023352F82330BB61FB6903F003039B00E3
:1077C0000F2202FA03F3DB43BA691340BB617B6803
:1077D000494A934219D07B68484A934213D07B6848
:1077E000474A93420DD07B68464A934207D07B6854
:1077F000454A934201D1042308E0072306E003230E
:1078000004E0022302E0012300E00023FA6902F011
:10781000030292009340BA691343BB613549FB6987
:107820009B080233BA6941F82320384B9B68BB613F
:107830003B69DB43BA691340BB613B685B6803F497
:107840008013002B03D0BA693B691343BB612F4AF5
:10785000BB6993602D4BDB68BB613B69DB43BA6955
:107860001340BB613B685B6803F40013002B03D03B
:10787000BA693B691343BB61244ABB69D360234B9C
:107880005B68BB613B69DB43BA691340BB613B6822
:107890005B6803F40033002B03D0BA693B691343E0
:1078A000BB611A4ABB695360184B1B68BB613B69DB
:1078B000DB43BA691340BB613B685B6803F4803308
:1078C000002B03D0BA693B691343BB610F4ABB6904
:1078D0001360FB690133FB61FB690F2B7FF6A2AEDE
:1078E00000BF00BF2437BD465DF8047B704700BF72
:1078F000003802400038014000000240000402400D
:1079000000080240000C024000100240003C014010
:1079100080B487B000AF7860396000233B610023FA
:10792000FB600023BB6000237B61BBE001227B691D
:1079300002FA03F33B613A683B691340FB60FA6863
:107940003B699A4240F0AB805C4A7B699B080233FA
:1079500052F82330BB607B6903F003039B000F22C6
:1079600002FA03F3BA681340BB607B68544A93423F
:1079700019D07B68534A934213D07B68524A934292
:107980000DD07B68514A934207D07B68504A93429E
:1079900001D1042308E0072306E0032304E00223C7
:1079A00002E0012300E000237A6902F00302920062
:1079B0009340BA689A4232D1464B1A68FB68DB435F
:1079C000444913400B60434B5A68FB68DB43414911
:1079D00013404B603F4BDA68FB68DB433D49134083
:1079E000CB603C4B9A68FB68DB433A4913408B60A1
:1079F0007B6903F003039B000F2202FA03F3BB60D1
:107A00002E4A7B699B08023352F82310BB68DA4385
:107A10002A487B699B080A40023340F823207B6890
:107A20001A687B695B00032101FA03F3DB431A4008
:107A30007B681A607B69DA087B68083253F8221089
:107A40007B6903F007039B000F2202FA03F3DB4379
:107A50007A69D20819407B68083243F822107B68A3
:107A6000DA687B695B00032101FA03F3DB431A4008
:107A70007B68DA607B685A6801217B6901FA03F34D
:107A8000DB431A407B685A607B689A687B695B00BD
:107A9000032101FA03F3DB431A407B689A607B6998
:107AA00001337B617B690F2B7FF640AF00BF00BFC6
:107AB0001C37BD465DF8047B704700BF00380140AD
:107AC000000002400004024000080240000C024096
:107AD00000100240003C014080B485B000AF7860E7
:107AE0000B467B807B681A697B881340002B02D091
:107AF0000123FB7301E00023FB73FB7B1846143763
:107B0000BD465DF8047B704780B483B000AF7860F9
:107B10000B467B8013467B707B78002B03D07A88E2
:107B20007B689A6103E07B881A047B689A6100BFD6
:107B30000C37BD465DF8047B7047000080B483B00D
:107B400000AF78602B4B1B6823F0E0027B681B685A
:107B5000284913430B60284B5B68274A23F4803382
:107B60005360254B1B68244A23F480331360224B57
:107B70009B68214A23F4803393601F4BDB681E4AC5
:107B800023F48033D3607B685B6803F48033002B7D
:107B900005D0194B1B68184A43F4803313607B6887
:107BA0005B6803F40033002B05D0134B5B68124A6B
:107BB00043F4803353607B685B6803F00103002B60
:107BC00005D00D4B9B680C4A43F4803393607B686F
:107BD0005B6803F00203002B05D0074BDB68064A05
:107BE00043F48033D36000BF0C37BD465DF8047B9F
:107BF000704700BF00700040003C014080B483B07B
:107C000000AF78600B46FB700B4B1B690A4A23F0F0
:107C100004031361FB78012B01D130BF05E0FB7831
:107C2000032B01D040BF20BF20BF00BF0C37BD4693
:107C30005DF8047B704700BF00ED00E080B500AF49
:107C4000064B5B6903F48033002B05D000F008F885
:107C5000024B4FF480325A6100BF80BD003C0140AE
:107C600080B400AF00BFBD465DF8047B70470000E4
:107C700080B400AF054B1B69044A43F00203136153
:107C800000BFBD465DF8047B704700BF00ED00E01B
:107C900080B586B000AF78607B68002B01D10123EE
:107CA00067E27B681B6803F00103002B75D0884BEB
:107CB0009B6803F00C03042B0CD0854B9B6803F0EE
:107CC0000C03082B12D1824B5B6803F48003B3F5DD
:107CD000800F0BD17E4B1B6803F40033002B5BD06D
:107CE0007B685B68002B57D1012342E27B685B68AD
:107CF000B3F5803F06D1764B1B68754A43F4803359
:107D000013601DE07B685B68B3F5A02F0CD1704B4E
:107D10001B686F4A43F4802313606D4B1B686C4AE9
:107D200043F4803313600BE0694B1B68684A23F40B
:107D300080331360664B1B68654A23F4802313600D
:107D40007B685B68002B13D0FEF7DEF9386108E032
:107D5000FEF7DAF902463B69D31A642B01D90323F3
:107D600007E25B4B1B6803F40033002BF0D014E0F8
:107D7000FEF7CAF9386108E0FEF7C6F902463B692A
:107D8000D31A642B01D90323F3E1514B1B6803F48D
:107D90000033002BF0D100E000BF7B681B6803F0CC
:107DA0000203002B63D04A4B9B6803F00C03002BAB
:107DB0000BD0474B9B6803F00C03082B1CD1444BA2
:107DC0005B6803F48003002B16D1414B1B6803F062
:107DD0000203002B05D07B68DB68012B01D0012357
:107DE000C7E13B4B1B6823F0F8027B681B69DB0093
:107DF000374913430B603AE07B68DB68002B20D0E7
:107E0000344B01221A60FEF77FF9386108E0FEF773
:107E10007BF902463B69D31A022B01D90323A8E15F
:107E20002B4B1B6803F00203002BF0D0284B1B6880
:107E300023F0F8027B681B69DB00254913430B60C4
:107E400015E0244B00221A60FEF75EF9386108E065
:107E5000FEF75AF902463B69D31A022B01D90323D4
:107E600087E11B4B1B6803F00203002BF0D17B68FA
:107E70001B6803F00803002B36D07B685B69002B7E
:107E800016D0154B01221A60FEF73EF9386108E062
:107E9000FEF73AF902463B69D31A022B01D90323B4
:107EA00067E10B4B5B6F03F00203002BF0D01BE08C
:107EB000094B00221A60FEF727F938610EE0FEF741
:107EC00023F902463B69D31A022B07D9032350E159
:107ED0000038024000004742800E4742884B5B6FEB
:107EE00003F00203002BEAD17B681B6803F0040354
:107EF000002B00F097800023FB75814B1B6C03F077
:107F00008053002B0FD10023BB607D4B1B6C7C4A40
:107F100043F0805313647A4B1B6C03F08053BB60B7
:107F2000BB680123FB75774B1B6803F48073002B40
:107F300018D1744B1B68734A43F480731360FEF7C7
:107F4000E3F8386108E0FEF7DFF802463B69D31A30
:107F5000022B01D903230CE16A4B1B6803F48073E5
:107F6000002BF0D07B689B68012B06D1644B1B6F04
:107F7000634A43F0010313671CE07B689B68052B91
:107F80000CD15F4B1B6F5E4A43F0040313675C4BDD
:107F90001B6F5B4A43F0010313670BE0584B1B6FE9
:107FA000574A23F001031367554B1B6F544A23F0C4
:107FB000040313677B689B68002B15D0FEF7A4F8B9
:107FC00038610AE0FEF7A0F802463B69D31A41F295
:107FD0008832934201D90323CBE0494B1B6F03F056
:107FE0000203002BEED014E0FEF78EF838610AE0B1
:107FF000FEF78AF802463B69D31A41F2883293426F
:1080000001D90323B5E03E4B1B6F03F00203002BA5
:10801000EED1FB7D012B05D1394B1B6C384A23F087
:10802000805313647B689B69002B00F0A180344B64
:108030009B6803F00C03082B5CD07B689B69022BC8
:1080400041D1314B00221A60FEF75EF8386108E03A
:10805000FEF75AF802463B69D31A022B01D90323D3
:1080600087E0274B1B6803F00073002BF0D17B687F
:10807000DA697B681B6A1A437B685B6A9B011A4357
:108080007B689B6A5B08013B1B041A437B68DB6AC5
:108090001B061B4913434B601B4B01221A60FEF762
:1080A00033F8386108E0FEF72FF802463B69D31A2F
:1080B000022B01D903235CE0114B1B6803F0007312
:1080C000002BF0D054E0104B00221A60FEF71CF891
:1080D000386108E0FEF718F802463B69D31A022B14
:1080E00001D9032345E0064B1B6803F00073002B06
:1080F000F0D13DE07B689B69012B07D1012338E07B
:108100000038024000700040600047421B4B5B6833
:10811000FB607B689B69012B28D0FB6803F480021D
:108120007B68DB699A4221D1FB6803F03F027B68E0
:108130001B6A9A421AD1FA6847F6C07313407A68EC
:10814000526A9201934211D1FB6803F440327B687A
:108150009B6A5B08013B1B049A4207D1FB6803F052
:1081600070627B68DB6A1B069A4201D0012300E043
:10817000002318461837BD4680BD00BF00380240B6
:1081800080B584B000AF786039607B68002B01D186
:108190000123CCE0684B1B6803F007033A689A425E
:1081A0000CD9654B3A68D2B21A70634B1B6803F066
:1081B00007033A689A4201D00123B8E07B681B6844
:1081C00003F00203002B20D07B681B6803F004033C
:1081D000002B05D0594B9B68584A43F4E0539360F9
:1081E0007B681B6803F00803002B05D0534B9B688A
:1081F000524A43F460439360504B9B6823F0F00273
:108200007B689B684D4913438B607B681B6803F058
:108210000103002B44D07B685B68012B07D1474BDF
:108220001B6803F40033002B19D101237FE07B6826
:108230005B68022B03D07B685B68032B07D13F4B45
:108240001B6803F00073002B09D101236FE03B4B47
:108250001B6803F00203002B01D1012367E0374BB9
:108260009B6823F003027B685B68344913438B608F
:10827000FDF74AFFF8600AE0FDF746FF0246FB689B
:10828000D31A41F28832934201D903234FE02B4B9A
:108290009B6803F00C027B685B689B009A42EBD101
:1082A000254B1B6803F007033A689A420CD2224B15
:1082B0003A68D2B21A70204B1B6803F007033A6881
:1082C0009A4201D0012332E07B681B6803F004036B
:1082D000002B08D0194B9B6823F4E0527B68DB68C5
:1082E000164913438B607B681B6803F00803002B5F
:1082F00009D0124B9B6823F460427B681B69DB004A
:108300000E4913438B6000F021F802460B4B9B682B
:108310001B0903F00F030A49CB5C22FA03F3094A55
:108320001360094B1B681846FDF7DCF9002318465B
:108330001037BD4680BD00BF003C024000380240FF
:10834000B0ED0608CC000120D00001202DE9B04F8F
:1083500094B000AF00237B640023FB6400233B64E4
:108360000023BB64794B9B6803F00C03082B0DD0F2
:10837000082B00F2E180002B02D0042B03D0DBE0BD
:10838000734BBB64DBE0734BBB64D8E06F4B5B6843
:1083900003F03F037B646D4B5B6803F48003002BA9
:1083A00063D06A4B5B689B090022BB63FA63BB6BBB
:1083B000C3F308033B6300237B63D7E90C452246E4
:1083C0002B464FF000004FF00001590141EAD26105
:1083D000500102460B462146511A3961294663EB8A
:1083E00001037B614FF000024FF00003D7E904ABBB
:1083F00059468B01514643EA916351468A015146E1
:10840000B2EB0108594663EB01094FF000024FF04F
:1084100000034FEAC90343EA58734FEAC802904683
:108420009946234618EB0303BB602B4649EB030335
:10843000FB604FF000024FF00003D7E902452946E8
:108440004B02214643EAD15321464A0210461946BF
:108450007B6C0022BB62FA62D7E90A23F7F7C0FE01
:1084600002460B461346FB6458E0384B5B689B0999
:10847000002218461146C0F308033B6200237B62CA
:10848000D7E9088942464B464FF000004FF0000103
:10849000590141EAD261500102460B464146B2EB16
:1084A000010A494663EB010B4FF000024FF0000355
:1084B0004FEA8B1343EA9A634FEA8A12B2EB0A043B
:1084C00063EB0B054FF000024FF00003EB0043EAB3
:1084D0005473E20014461D464346E3183B604B4686
:1084E00045EB03037B604FF000024FF00003D7E938
:1084F000004529468B02214643EA915321468A02D0
:10850000104619467B6C0022BB61FA61D7E906234D
:10851000F7F766FE02460B461346FB640B4B5B689F
:108520001B0C03F0030301335B003B64FA6C3B6CF0
:10853000B2FBF3F3BB6402E0054BBB6400BFBB6C52
:1085400018465037BD46BDE8B08F00BF0038024026
:108550000024F40000127A0080B400AF034B1B68C3
:108560001846BD465DF8047B704700BFCC00012073
:1085700080B500AFFFF7F0FF0246054B9B689B0AF2
:1085800003F007030349CB5C22FA03F3184680BDCE
:1085900000380240C0ED060880B500AFFFF7DCFFF1
:1085A0000246054B9B685B0B03F007030349CB5C5A
:1085B00022FA03F3184680BD00380240C0ED0608D9
:1085C00080B483B000AF786039607B680F221A6096
:1085D000124B9B6803F003027B685A600F4B9B6849
:1085E00003F0F0027B689A600C4B9B6803F4E05246
:1085F0007B68DA60094B9B68DB0803F4E0527B6818
:108600001A61074B1B6803F007023B681A6000BF42
:108610000C37BD465DF8047B704700BF0038024050
:10862000003C024080B582B000AF78607B68002BD0
:1086300001D101239BE07B685B6A002B08D17B683A
:108640005B68B3F5827F09D07B680022DA6105E0C0
:108650007B6800221A617B6800225A617B680022D5
:108660009A627B6893F85130DBB2002B26D17B688D
:10867000002283F850207B683F4A9A657B683F4A16
:10868000DA657B683E4A1A667B683E4A5A667B68B2
:108690003D4A9A667B683D4ADA667B683C4A1A67BF
:1086A0007B683C4A5A677B689B6F002B02D17B68D2
:1086B000394A9A677B689B6F786898477B68022283
:1086C00083F851207B681B681A687B681B6822F05E
:1086D00040021A607B685B6803F482727B689B6867
:1086E00003F404431A437B68DB6803F400631A4312
:1086F0007B681B6903F002031A437B685B6903F024
:1087000001031A437B689B6903F400731A437B6877
:10871000DB6903F038031A437B681B6A03F08003AC
:1087200042EA03017B689B6A03F400527B681B6882
:108730000A431A607B689B691B0C03F004017B6889
:108740005B6A03F010027B681B680A435A607B680F
:108750001B68DA697B681B6822F40062DA617B6857
:1087600000225A657B68012283F8512000231846B5
:108770000837BD4680BD00BFA9910608BD91060817
:10878000D1910608E5910608F99106080D920608B0
:108790002192060835920608C155060880B588B0B2
:1087A00000AFF860B9603B601346FB80FDF7ACFC9E
:1087B000F861FB887B83FB6893F85130DBB2012BB7
:1087C00001D002232AE1BB68002B02D0FB88002BDA
:1087D00001D1012322E1FB6893F85030012B01D134
:1087E00002231BE1FB68012283F85020FB6803226F
:1087F00083F85120FB6800225A65FB68BA681A6347
:10880000FB68FA889A86FB68FA88DA86FB68002299
:108810009A63FB6800229A87FB680022DA87FB686C
:1088200000225A64FB6800221A64FB689B68B3F557
:10883000004F0FD1FB681B681A68FB681B6822F0A9
:1088400040021A60FB681B681A68FB681B6842F4E8
:1088500080421A60FB681B681B6803F04003402BD2
:1088600007D0FB681B681A68FB681B6842F040026F
:108870001A60FB68DB68B3F5006F52D1FB685B6878
:10888000002B02D07B8B012B45D1FB681B6B1A8818
:10889000FB681B68DA60FB681B6B9A1CFB681A6339
:1088A000FB68DB8E9BB2013B9AB2FB68DA8632E052
:1088B000FB681B689B6803F00203022B12D1FB6864
:1088C0001B6B1A88FB681B68DA60FB681B6B9A1CC1
:1088D000FB681A63FB68DB8E9BB2013B9AB2FB68B4
:1088E000DA8618E0FDF710FC0246FB69D31A3A68F5
:1088F0009A4203D83B68B3F1FF3F02D13B68002B9B
:1089000009D1FB68012283F85120FB68002283F81B
:108910005020032382E0FB68DB8E9BB2002BC7D183
:1089200053E0FB685B68002B02D07B8B012B47D1A7
:10893000FB681A6BFB681B680C3312781A70FB68B3
:108940001B6B5A1CFB681A63FB68DB8E9BB2013BF6
:108950009AB2FB68DA8633E0FB681B689B6803F019
:108960000203022B13D1FB681A6BFB681B680C33E4
:1089700012781A70FB681B6B5A1CFB681A63FB6841
:10898000DB8E9BB2013B9AB2FB68DA8618E0FDF7FA
:10899000BBFB0246FB69D31A3A689A4203D83B688C
:1089A000B3F1FF3F02D13B68002B09D1FB680122E4
:1089B00083F85120FB68002283F8502003232DE028
:1089C000FB68DB8E9BB2002BC6D1FA693968F86868
:1089D00000F04CFD0346002B02D0FB6820225A65B4
:1089E000FB689B68002B0AD100237B61FB681B6836
:1089F000DB687B61FB681B689B687B617B69FB684C
:108A0000012283F85120FB68002283F85020FB6884
:108A10005B6D002B01D0012300E0002318462037B6
:108A2000BD4680BD80B588B002AFF860B9603B60DC
:108A30001346FB80FB6893F85130DBB2012B01D069
:108A4000022304E1FB685B68B3F5827F12D1FB6807
:108A50009B68002B0ED1FB68042283F85120FA8812
:108A60003B6800931346BA68B968F86800F0F3F8F9
:108A70000346ECE0FDF748FB7861BB68002B02D0B1
:108A8000FB88002B01D10123E1E0FB6893F8503013
:108A9000012B01D10223DAE0FB68012283F8502088
:108AA000FB68042283F85120FB6800225A65FB68AA
:108AB000BA689A63FB68FA889A87FB68FA88DA874B
:108AC000FB6800221A63FB6800229A86FB6800227A
:108AD000DA86FB6800221A64FB6800225A64FB688D
:108AE0009B68B3F5004F0FD1FB681B681A68FB68E1
:108AF0001B6822F040021A60FB681B681A68FB685A
:108B00001B6822F480421A60FB681B681B6803F034
:108B10004003402B07D0FB681B681A68FB681B6882
:108B200042F040021A60FB68DB68002B70D135E030
:108B3000FB681B689B6803F00103012B15D1FB68E0
:108B40001B6803F10C02FB689B6B1278D2B21A709F
:108B5000FB689B6B5A1CFB689A63FB68DB8F9BB2BC
:108B6000013B9AB2FB68DA8718E0FDF7CDFA0246BE
:108B70007B69D31A3A689A4203D83B68B3F1FF3F46
:108B800002D13B68002B09D1FB68012283F85120F8
:108B9000FB68002283F85020032358E0FB68DB8F3A
:108BA0009BB2002BC4D138E0FB681B689B6803F0C4
:108BB0000103012B13D1FB681B68DA68FB689B6B10
:108BC00092B21A80FB689B6B9A1CFB689A63FB68E5
:108BD000DB8F9BB2013B9AB2FB68DA8718E0FDF7A6
:108BE00093FA02467B69D31A3A689A4203D83B68E3
:108BF000B3F1FF3F02D13B68002B09D1FB68012292
:108C000083F85120FB68002283F8502003231EE0E4
:108C1000FB68DB8F9BB2002BC6D17A693968F86894
:108C200000F0BEFB0346002B02D0FB6820225A65F1
:108C3000FB68012283F85120FB68002283F8502052
:108C4000FB685B6D002B01D0012300E00023184678
:108C50001837BD4680BD80B58AB000AFF860B960F6
:108C60007A607B8001237B62FDF74EFA3862FB68F5
:108C700093F85130FB77FB685B68BB617B88FB82B4
:108C8000FB7F012B0CD0BB69B3F5827F06D1FB685B
:108C90009B68002B02D1FB7F042B01D002237FE1D4
:108CA000BB68002B05D07B68002B02D07B88002B93
:108CB00001D1012374E1FB6893F85030012B01D1FD
:108CC00002236DE1FB68012283F85020FB6893F8D2
:108CD0005130DBB2042B03D0FB68052283F851200E
:108CE000FB6800225A65FB687A689A63FB687A8899
:108CF000DA87FB687A889A87FB68BA681A63FB6828
:108D00007A88DA86FB687A889A86FB6800221A6479
:108D1000FB6800225A64FB681B681B6803F0400371
:108D2000402B07D0FB681B681A68FB681B6842F081
:108D300040021A60FB68DB68B3F5006F7ED1FB6808
:108D40005B68002B02D0FB8A012B6CD1FB681B6B8C
:108D50001A88FB681B68DA60FB681B6B9A1CFB684F
:108D60001A63FB68DB8E9BB2013B9AB2FB68DA8622
:108D700059E0FB681B689B6803F00203022B1BD1C0
:108D8000FB68DB8E9BB2002B16D07B6A012B13D1C4
:108D9000FB681B6B1A88FB681B68DA60FB681B6B3F
:108DA0009A1CFB681A63FB68DB8E9BB2013B9AB28C
:108DB000FB68DA8600237B62FB681B689B6803F014
:108DC0000103012B19D1FB68DB8F9BB2002B14D060
:108DD000FB681B68DA68FB689B6B92B21A80FB68C1
:108DE0009B6B9A1CFB689A63FB68DB8F9BB2013B11
:108DF0009AB2FB68DA8701237B62FDF785F90246A8
:108E00003B6AD31A3A6B9A420DD83B6BB3F1FF3FE2
:108E100009D0FB68012283F85120FB68002283F807
:108E200050200323BCE0FB68DB8E9BB2002BA0D15B
:108E3000FB68DB8F9BB2002B9BD182E0FB685B68F9
:108E4000002B02D0FB8A012B71D1FB681A6BFB68E7
:108E50001B680C3312781A70FB681B6B5A1CFB687A
:108E60001A63FB68DB8E9BB2013B9AB2FB68DA8621
:108E70005DE0FB681B689B6803F00203022B1CD1BA
:108E8000FB68DB8E9BB2002B17D07B6A012B14D1C1
:108E9000FB681A6BFB681B680C3312781A70FB684E
:108EA0001B6B5A1CFB681A63FB68DB8E9BB2013B91
:108EB0009AB2FB68DA8600237B62FB681B689B68BA
:108EC00003F00103012B19D1FB68DB8F9BB2002B50
:108ED00014D0FB681B68DA68FB689B6BD2B21A700F
:108EE000FB689B6B5A1CFB689A63FB68DB8F9BB229
:108EF000013B9AB2FB68DA8701237B62FDF704F934
:108F000002463B6AD31A3A6B9A4203D83B6BB3F1E1
:108F1000FF3F02D13B6B002B09D1FB68012283F894
:108F20005120FB68002283F85020032338E0FB68BF
:108F3000DB8E9BB2002B9CD1FB68DB8F9BB2002B9E
:108F400097D13A6A396BF86800F090FA0346002B23
:108F500008D0FB6820225A65FB68002283F8502065
:108F600001231DE0FB689B68002B0AD100233B61B5
:108F7000FB681B68DB683B61FB681B689B683B61A7
:108F80003B69FB68012283F85120FB68002283F8CB
:108F90005020FB685B6D002B01D0012300E0002313
:108FA00018462837BD4680BD80B588B000AF7860D0
:108FB0007B681B685B68FB617B681B689B68BB61A7
:108FC000BB699B0903F00103002B0FD1BB6903F0C0
:108FD0000103002B0AD0FB699B0903F00103002B5E
:108FE00004D07B681B6C78689847D8E0BB695B0845
:108FF00003F00103002B0AD0FB69DB0903F0010336
:10900000002B04D07B685B6C78689847C7E0BB692D
:109010005B0903F00103002B0CD1BB699B0903F032
:109020000103002B06D1BB691B0A03F00103002BCF
:1090300000F0B580FB695B0903F00103002B00F031
:10904000AE80BB699B0903F00103002B23D07B6832
:1090500093F85130DBB2032B11D07B685B6D43F08A
:1090600004027B685A6500237B617B681B68DB68B0
:109070007B617B681B689B687B617B690BE00023DD
:109080003B617B681B68DB683B617B681B689B6896
:109090003B613B6983E0BB695B0903F00103002B83
:1090A00014D07B685B6D43F001027B685A65002336
:1090B000FB607B681B689B68FB607B681B681A68A9
:1090C0007B681B6822F040021A60FB68BB691B0AC0
:1090D00003F00103002B0CD07B685B6D43F00802AA
:1090E0007B685A650023BB607B681B689B68BB601C
:1090F000BB687B685B6D002B50D07B681B685A682F
:109100007B681B6822F0E0025A607B68012283F8CA
:109110005120FB6903F00203002B04D1FB6903F02B
:109120000103002B34D07B681B685A687B681B687E
:1091300022F003025A607B68DB6C002B11D07B6845
:10914000DB6C184A1A657B68DB6C1846FDF796FEE7
:109150000346002B05D07B685B6D43F040027B68C3
:109160005A657B689B6C002B17D07B689B6C0D4A03
:109170001A657B689B6C1846FDF780FE0346002B42
:109180000BD07B685B6D43F040027B685A6504E05E
:109190007B681B6F7868984700E000BF00BF2037EE
:1091A000BD4680BD6592060880B483B000AF78608C
:1091B00000BF0C37BD465DF8047B704780B483B0B8
:1091C00000AF786000BF0C37BD465DF8047B704788
:1091D00080B483B000AF786000BF0C37BD465DF847
:1091E000047B704780B483B000AF786000BF0C3759
:1091F000BD465DF8047B704780B483B000AF7860F3
:1092000000BF0C37BD465DF8047B704780B483B067
:1092100000AF786000BF0C37BD465DF8047B704737
:1092200080B483B000AF786000BF0C37BD465DF8F6
:10923000047B704780B483B000AF786000BF0C3708
:10924000BD465DF8047B704780B483B000AF7860A2
:109250007B6893F85130DBB218460C37BD465DF899
:10926000047B704780B584B000AF78607B689B6BEF
:10927000FB60FB680022DA87FB680022DA86FB6865
:109280001B6FF868984700BF1037BD4680BD0000CF
:1092900080B588B000AFF860B9603B601346FB71E1
:1092A000FCF732FF0246BB6A9B1A3A681344FB6123
:1092B000FCF72AFFB861394B1B685B011B0DFA698B
:1092C00002FB03F37B6154E03B68B3F1FF3F50D0F6
:1092D000FCF71AFF0246BB69D31AFA699A4202D90F
:1092E000FB69002B3DD1FB681B685A68FB681B6853
:1092F00022F0E0025A60FB685B68B3F5827F11D10F
:10930000FB689B68B3F5004F04D0FB689B68B3F51E
:10931000806F07D1FB681B681A68FB681B6822F026
:1093200040021A60FB689B6AB3F5005F0FD1FB68CF
:109330001B681A68FB681B6822F400521A60FB68FD
:109340001B681A68FB681B6842F400521A60FB68CD
:10935000012283F85120FB68002283F85020032368
:1093600017E07B69002B01D10023FB617B69013B86
:109370007B61FB681B689A68BB681340BA689A42B5
:109380000CBF01230023DBB21A46FB799A429BD122
:10939000002318462037BD4680BD00BFCC00012009
:1093A00080B586B002AFF860B9607A60FB685B6830
:1093B000B3F5827F11D1FB689B68B3F5004F04D0F1
:1093C000FB689B68B3F5806F07D1FB681B681A6860
:1093D000FB681B6822F040021A60FB685B68B3F50B
:1093E000827F2AD1FB689B68B3F5806F12D07B68BF
:1093F0000093BB6800228021F868FFF749FF03460D
:10940000002B2DD0FB685B6D43F02002FB685A6592
:10941000032326E07B680093BB6800220121F868E3
:10942000FFF736FF0346002B1AD0FB685B6D43F055
:109430002002FB685A65032313E07B680093BB6836
:1094400000220121F868FFF723FF0346002B07D015
:10945000FB685B6D43F02002FB685A65032300E064
:10946000002318461037BD4680BD000080B588B087
:1094700002AFF860B9607A607B680093BB68012234
:109480000221F868FFF704FF0346002B07D0FB68B2
:109490005B6D43F02002FB685A65032332E01B4BEF
:1094A0001B681B4AA2FB03235B0D4FF47A7202FB7D
:1094B00003F37B61FB685B68B3F5827F12D17B6845
:1094C0000093BB6800228021F868FFF7E1FE0346A5
:1094D000002B16D0FB685B6D43F02002FB685A65D9
:1094E00003230FE07B69002B0AD07B69013B7B6182
:1094F000FB681B689B6803F08003802BF2D000E0C0
:1095000000BF002318461837BD4680BDCC0001209F
:10951000819F5E1680B582B000AF78607B68002BBB
:1095200001D101234CE07B6893F83D30DBB2002B86
:1095300011D17B68002283F83C20786801F05EF846
:109540007B689B6C002B02D17B681F4A9A647B6806
:109550009B6C786898477B68022283F83D207B6883
:109560001A687B6804331946104600F06FFD7B686B
:10957000012283F846207B68012283F83E207B6825
:10958000012283F83F207B68012283F840207B681A
:10959000012283F841207B68012283F842207B6806
:1095A000012283F843207B68012283F844207B68F2
:1095B000012283F845207B68012283F83D200023A7
:1095C00018460837BD4680BDF95B060880B582B0F5
:1095D00000AF78607B68022283F83D207B681B68BF
:1095E0001A6A41F211131340002B0FD17B681B68DC
:1095F0001A6A40F244431340002B07D17B681B6872
:109600001A687B681B6822F001021A607B68DB6CB9
:10961000002B02D17B681B4ADA647B68DB6C7868BC
:1096200098477B68002283F846207B68002283F8F5
:109630003E207B68002283F83F207B68002283F86D
:1096400040207B68002283F841207B68002283F859
:1096500042207B68002283F843207B68002283F845
:1096600044207B68002283F845207B68002283F831
:109670003D207B68002283F83C20002318460837F1
:10968000BD4680BD9D5D060880B485B000AF7860A2
:109690007B6893F83D30DBB2012B01D0012344E01D
:1096A0007B68022283F83D207B681B68DA687B6850
:1096B0001B6842F00102DA607B681B681E4A934215
:1096C00018D07B681B68B3F1804F13D07B681B6890
:1096D0001A4A93420ED07B681B68194A934209D0FC
:1096E0007B681B68174A934204D07B681B68164A44
:1096F000934211D17B681B689B6803F00703FB60F2
:10970000FB68062B10D07B681B681A687B681B6897
:1097100042F001021A6007E07B681B681A687B68E8
:109720001B6842F001021A60002318461437BD4638
:109730005DF8047B704700BF00000140000400405A
:1097400000080040000C00400040014080B582B09D
:1097500000AF78607B68002B01D101234CE07B686F
:1097600093F83D30DBB2002B11D17B68002283F8E7
:109770003C20786800F042FF7B681B6E002B02D112
:109780007B681F4A1A667B681B6E786898477B68FF
:10979000022283F83D207B681A687B6804331946EF
:1097A000104600F053FC7B68012283F846207B685A
:1097B000012283F83E207B68012283F83F207B68EA
:1097C000012283F840207B68012283F841207B68D6
:1097D000012283F842207B68012283F843207B68C2
:1097E000012283F844207B68012283F845207B68AE
:1097F000012283F83D20002318460837BD4680BD6E
:10980000C198060880B582B000AF78607B680222FC
:1098100083F83D207B681B681A6A41F211131340DC
:10982000002B0FD17B681B681A6A40F24443134037
:10983000002B07D17B681B681A687B681B6822F0C5
:1098400001021A607B685B6E002B02D17B681B4AA9
:109850005A667B685B6E786898477B68002283F85D
:1098600046207B68002283F83E207B68002283F834
:109870003F207B68002283F840207B68002283F829
:1098800041207B68002283F842207B68002283F815
:1098900043207B68002283F844207B68002283F801
:1098A00045207B68002283F83D207B68002283F8F6
:1098B0003C20002318460837BD4680BDD5980608D1
:1098C00080B483B000AF786000BF0C37BD465DF850
:1098D000047B704780B483B000AF786000BF0C3762
:1098E000BD465DF8047B704780B584B000AF7860FA
:1098F00039603B68002B09D17B6893F83E30DBB2BE
:10990000012B14BF01230023DBB222E03B68042BB0
:1099100009D17B6893F83F30DBB2012B14BF0123E0
:109920000023DBB215E03B68082B09D17B6893F874
:109930004030DBB2012B14BF01230023DBB208E06F
:109940007B6893F84130DBB2012B14BF0123002365
:10995000DBB2002B01D0012368E03B68002B04D16F
:109960007B68022283F83E2013E03B68042B04D17D
:109970007B68022283F83F200BE03B68082B04D170
:109980007B68022283F8402003E07B68022283F890
:1099900041207B681B6801223968184600F008FEE8
:1099A0007B681B68234A934207D17B681B685A6C0B
:1099B0007B681B6842F400425A647B681B681D4A3E
:1099C000934218D07B681B68B3F1804F13D07B683B
:1099D0001B68194A93420ED07B681B68174A934252
:1099E00009D07B681B68164A934204D07B681B68C9
:1099F000144A934211D17B681B689B6803F00703EC
:109A0000FB60FB68062B10D07B681B681A687B68BC
:109A10001B6842F001021A6007E07B681B681A6845
:109A20007B681B6842F001021A6000231846103759
:109A3000BD4680BD00000140000400400008004019
:109A4000000C00400040014080B584B000AF786059
:109A50007B681B68DB68FB607B681B681B69BB60FD
:109A6000BB6803F00203002B26D0FB6803F002035F
:109A7000002B21D07B681B686FF002021A617B68A3
:109A800001221A777B681B689B6903F00303002B94
:109A900005D07B68D3F890307868984709E07B68F8
:109AA000D3F89830786898477B68D3F89C3078680A
:109AB00098477B6800221A77BB6803F00403002BE9
:109AC00026D0FB6803F00403002B21D07B681B68C1
:109AD0006FF004021A617B6802221A777B681B68A8
:109AE0009B6903F44073002B05D07B68D3F890305A
:109AF0007868984709E07B68D3F898307868984789
:109B00007B68D3F89C30786898477B6800221A7786
:109B1000BB6803F00803002B26D0FB6803F00803A2
:109B2000002B21D07B681B686FF008021A617B68EC
:109B300004221A777B681B68DB6903F00303002BA0
:109B400005D07B68D3F890307868984709E07B6847
:109B5000D3F89830786898477B68D3F89C30786859
:109B600098477B6800221A77BB6803F01003002B2C
:109B700026D0FB6803F01003002B21D07B681B6804
:109B80006FF010021A617B6808221A777B681B68E5
:109B9000DB6903F44073002B05D07B68D3F8903069
:109BA0007868984709E07B68D3F8983078689847D8
:109BB0007B68D3F89C30786898477B6800221A77D6
:109BC000BB6803F00103002B0ED0FB6803F0010318
:109BD000002B09D07B681B686FF001021A617B685B
:109BE000D3F8803078689847BB6803F08003002B77
:109BF0000ED0FB6803F08003002B09D07B681B6844
:109C00006FF080021A617B68D3F8B03078689847AB
:109C1000BB6803F04003002B0ED0FB6803F0400349
:109C2000002B09D07B681B686FF040021A617B68CB
:109C3000D3F8883078689847BB6803F02003002B7E
:109C40000ED0FB6803F02003002B09D07B681B6853
:109C50006FF020021A617B68D3F8A83078689847C3
:109C600000BF1037BD4680BD80B586B000AFF8603C
:109C7000B9607A600023FB75FB6893F83C30012BD8
:109C800001D10223AEE0FB68012283F83C207B680F
:109C90000C2B00F29F8001A252F823F0D19C060801
:109CA000D59D0608D59D0608D59D0608119D060878
:109CB000D59D0608D59D0608D59D0608539D060826
:109CC000D59D0608D59D0608D59D0608939D0608D6
:109CD000FB681B68B968184600F044FAFB681B680B
:109CE0009A69FB681B6842F008029A61FB681B686E
:109CF0009A69FB681B6822F004029A61FB681B6882
:109D00009969BB681A69FB681B680A439A6164E039
:109D1000FB681B68B968184600F08AFAFB681B6884
:109D20009A69FB681B6842F400629A61FB681B68D1
:109D30009A69FB681B6822F480629A61FB681B6861
:109D40009969BB681B691A02FB681B680A439A6120
:109D500043E0FB681B68B968184600F0D5FAFB6859
:109D60001B68DA69FB681B6842F00802DA61FB686D
:109D70001B68DA69FB681B6822F00402DA61FB6881
:109D80001B68D969BB681A69FB681B680A43DA61FA
:109D900023E0FB681B68B968184600F01FFBFB68EE
:109DA0001B68DA69FB681B6842F40062DA61FB68D1
:109DB0001B68DA69FB681B6822F48062DA61FB6861
:109DC0001B68D969BB681B691A02FB681B680A43D8
:109DD000DA6102E00123FB7500BFFB68002283F813
:109DE0003C20FB7D18461837BD4680BD80B584B049
:109DF00000AF786039600023FB737B6893F83C30D8
:109E0000012B01D10223B4E07B68012283F83C20BE
:109E10007B68022283F83D207B681B689B68BB60DF
:109E2000BB6823F07703BB60BB6823F47F43BB6050
:109E30007B681B68BA689A603B681B68B3F5005F73
:109E40003ED0B3F5005F00F28780B3F5805F00F08D
:109E50008680B3F5805F7FD8702B1AD0702B7BD8AB
:109E6000602B50D0602B77D8502B3CD0502B73D820
:109E7000402B58D0402B6FD8302B64D0302B6BD870
:109E8000202B60D0202B67D8002B5CD0102B5AD011
:109E900062E07B6818683B6899683B685A683B6871
:109EA000DB6800F065FB7B681B689B68BB60BB6878
:109EB00043F07703BB607B681B68BA689A604FE029
:109EC0007B6818683B6899683B685A683B68DB6840
:109ED00000F04EFB7B681B689A687B681B6842F445
:109EE00080429A603CE07B6818683B6859683B6830
:109EF000DB681A4600F0C2FA7B681B6850211846DE
:109F000000F01BFB2CE07B6818683B6859683B68D5
:109F1000DB681A4600F0E1FA7B681B68602118468E
:109F200000F00BFB1CE07B6818683B6859683B68D5
:109F3000DB681A4600F0A2FA7B681B6840211846CD
:109F400000F0FBFA0CE07B681A683B681B68194656
:109F5000104600F0F2FA03E00123FB7300E000BFBB
:109F60007B68012283F83D207B68002283F83C2037
:109F7000FB7B18461037BD4680BD80B483B000AF70
:109F8000786000BF0C37BD465DF8047B704780B435
:109F900083B000AF786000BF0C37BD465DF8047B2E
:109FA000704780B483B000AF786000BF0C37BD4607
:109FB0005DF8047B704780B483B000AF786000BF69
:109FC0000C37BD465DF8047B704780B483B000AFAA
:109FD000786000BF0C37BD465DF8047B704780B4E5
:109FE00083B000AF786000BF0C37BD465DF8047BDE
:109FF000704780B483B000AF786000BF0C37BD46B7
:10A000005DF8047B704780B483B000AF786000BF18
:10A010000C37BD465DF8047B704780B483B000AF59
:10A02000786000BF0C37BD465DF8047B704780B494
:10A0300083B000AF78607B6893F83D30DBB21846A0
:10A040000C37BD465DF8047B7047000080B485B0D6
:10A0500000AF786039607B681B68FB607B683A4AB8
:10A0600093420FD07B68B3F1804F0BD07B68374AA7
:10A07000934207D07B68364A934203D07B68354AC7
:10A08000934208D1FB6823F07003FB603B685B6878
:10A09000FA681343FB607B682B4A93421BD07B68B2
:10A0A000B3F1804F17D07B68284A934213D07B6866
:10A0B000274A93420FD07B68264A93420BD07B6895
:10A0C000254A934207D07B68244A934203D07B6899
:10A0D000234A934208D1FB6823F44073FB603B683A
:10A0E000DB68FA681343FB60FB6823F080023B687F
:10A0F0005B691343FB607B68FA681A603B689A6887
:10A100007B68DA623B681A687B689A627B680E4AF1
:10A11000934203D13B681A697B681A637B6801220A
:10A120005A617B681B6903F00103012B05D17B6831
:10A130001B6923F001027B681A6100BF1437BD461A
:10A140005DF8047B704700BF000001400004004040
:10A1500000080040000C0040004001400044014065
:10A160000048014080B487B000AF786039607B68F8
:10A170001B6A7B617B681B6A23F001027B681A62A1
:10A180007B685B683B617B689B69FB60FB6823F0D5
:10A190007003FB60FB6823F00303FB603B681B68F4
:10A1A000FA681343FB607B6923F002037B613B6821
:10A1B0009B687A6913437B617B681C4A93420CD18C
:10A1C0007B6923F008037B613B68DB687A69134392
:10A1D0007B617B6923F004037B617B68134A9342B4
:10A1E00011D13B6923F480733B613B6923F4007315
:10A1F0003B613B685B693A6913433B613B689B6920
:10A200003A6913433B617B683A695A607B68FA6834
:10A210009A613B685A687B685A637B687A691A62FC
:10A2200000BF1C37BD465DF8047B7047000001404D
:10A2300080B487B000AF786039607B681B6A7B614F
:10A240007B681B6A23F010027B681A627B685B687C
:10A250003B617B689B69FB60FB6823F4E043FB6028
:10A26000FB6823F44073FB603B681B681B02FA68C1
:10A270001343FB607B6923F020037B613B689B6891
:10A280001B017A6913437B617B681E4A93420DD19F
:10A290007B6923F080037B613B68DB681B017A6983
:10A2A00013437B617B6923F040037B617B68154A24
:10A2B000934213D13B6923F480633B613B6923F4F0
:10A2C00000633B613B685B699B003A6913433B61F8
:10A2D0003B689B699B003A6913433B617B683A6921
:10A2E0005A607B68FA689A613B685A687B689A632F
:10A2F0007B687A691A6200BF1C37BD465DF8047B33
:10A30000704700BF0000014080B487B000AF7860A4
:10A3100039607B681B6A7B617B681B6A23F48072EF
:10A320007B681A627B685B683B617B68DB69FB600A
:10A33000FB6823F07003FB60FB6823F00303FB6002
:10A340003B681B68FA681343FB607B6923F4007366
:10A350007B613B689B681B027A6913437B617B6866
:10A360001D4A93420DD17B6923F400637B613B68F6
:10A37000DB681B027A6913437B617B6923F480638A
:10A380007B617B68144A934213D13B6923F4805369
:10A390003B613B6923F400533B613B685B691B01F4
:10A3A0003A6913433B613B689B691B013A6913435C
:10A3B0003B617B683A695A607B68FA68DA613B689E
:10A3C0005A687B68DA637B687A691A6200BF1C3757
:10A3D000BD465DF8047B70470000014080B487B043
:10A3E00000AF786039607B681B6A3B617B681B6AE1
:10A3F00023F480527B681A627B685B687B617B68B0
:10A40000DB69FB60FB6823F4E043FB60FB6823F43B
:10A410004073FB603B681B681B02FA681343FB60D8
:10A420003B6923F400533B613B689B681B033A691B
:10A4300013433B617B68104A934209D17B6923F443
:10A4400080437B613B685B699B017A6913437B6155
:10A450007B687A695A607B68FA68DA613B685A6897
:10A460007B681A647B683A691A6200BF1C37BD4674
:10A470005DF8047B704700BF0000014080B487B0E6
:10A4800000AFF860B9607A60FB681B6A7B61FB68AB
:10A490001B6A23F00102FB681A62FB689B693B613F
:10A4A0003B6923F0F0033B617B681B013A6913436E
:10A4B0003B617B6923F00A037B617A69BB681343C4
:10A4C0007B61FB683A699A61FB687A691A6200BF2E
:10A4D0001C37BD465DF8047B704780B487B000AF81
:10A4E000F860B9607A60FB681B6A7B61FB681B6A75
:10A4F00023F01002FB681A62FB689B693B613B69B1
:10A5000023F470433B617B681B033A6913433B614F
:10A510007B6923F0A0037B61BB681B017A6913434D
:10A520007B61FB683A699A61FB687A691A6200BFCD
:10A530001C37BD465DF8047B704780B485B000AF22
:10A54000786039607B689B68FB60FB6823F0700370
:10A55000FB603A68FB68134343F00703FB607B68CA
:10A56000FA689A6000BF1437BD465DF8047B7047F7
:10A5700080B487B000AFF860B9607A603B60FB6878
:10A580009B687B617B6923F47F437B613B681A0294
:10A590007B681A43BB6813437A6913437B61FB688A
:10A5A0007A699A6000BF1C37BD465DF8047B70472E
:10A5B00080B487B000AFF860B9607A60BB6803F020
:10A5C0001F03012202FA03F37B61FB681A6A7B69AD
:10A5D000DB431A40FB681A62FB681A6ABB6803F027
:10A5E0001F03796801FA03F31A43FB681A6200BF7C
:10A5F0001C37BD465DF8047B7047000080B483B013
:10A6000000AF78607B681C4AC3F880207B681B4AD7
:10A61000C3F884207B681A4AC3F888207B68194AEB
:10A62000C3F88C207B68184AC3F890207B68174ACF
:10A63000C3F894207B68164AC3F898207B68154AB3
:10A64000C3F89C207B68144AC3F8A0207B68134A97
:10A65000C3F8A4207B68124AC3F8A8207B68114A7B
:10A66000C3F8AC207B68104AC3F8B02000BF0C3799
:10A67000BD465DF8047B7047115506087B9F0608B0
:10A68000F39F060807A00608A39F0608B79F0608C1
:10A690008F9F0608CB9F0608DF9F06081BA00608B1
:10A6A00089A706089DA70608B1A7060880B485B04B
:10A6B00000AF786039607B6893F83C30012B01D1A2
:10A6C000022350E07B68012283F83C207B68022251
:10A6D00083F83D207B681B685B68FB607B681B68B8
:10A6E0009B68BB60FB6823F07003FB603B681B68E2
:10A6F000FA681343FB607B681B68FA685A607B68E2
:10A700001B681C4A934218D07B681B68B3F1804FCA
:10A7100013D07B681B68184A93420ED07B681B6875
:10A72000164A934209D07B681B68154A934204D0AD
:10A730007B681B68134A93420CD1BB6823F08003EB
:10A74000BB603B685B68BA681343BB607B681B688F
:10A75000BA689A607B68012283F83D207B680022FA
:10A7600083F83C20002318461437BD465DF8047B6F
:10A77000704700BF00000140000400400008004096
:10A78000000C00400040014080B483B000AF78600E
:10A7900000BF0C37BD465DF8047B704780B483B0C2
:10A7A00000AF786000BF0C37BD465DF8047B704792
:10A7B00080B483B000AF786000BF0C37BD465DF851
:10A7C000047B704780B582B000AF78607B68002B57
:10A7D00001D101234DE07B6893F84130DBB2002BBF
:10A7E00011D17B68002283F84020786800F0B4FB28
:10A7F0007B681B6F002B02D17B68204A1A677B683D
:10A800001B6F786898477B68242283F841207B6817
:10A810001B68DA687B681B6822F40052DA6078688B
:10A8200000F0AEFD7B681B681A697B681B6822F428
:10A8300090421A617B681B685A697B681B6822F02A
:10A840002A025A617B681B68DA687B681B6842F4DD
:10A850000052DA607B6800225A647B68202283F809
:10A8600041207B68202283F842207B6800225A63C3
:10A87000002318460837BD4680BD00BF655E060848
:10A8800080B582B000AF78607B68002B01D10123D6
:10A890002CE07B68242283F841207B681B68DA68FF
:10A8A0007B681B6822F40052DA607B685B6F002BC8
:10A8B00002D17B680F4A5A677B685B6F786898475C
:10A8C0007B6800225A647B68002283F841207B6801
:10A8D000002283F842207B6800221A637B680022F2
:10A8E0005A637B68002283F840200023184608370B
:10A8F000BD4680BDF55E060880B584B000AFF86047
:10A90000B9601346FB80FB6893F84230DBB2202B22
:10A9100012D1BB68002B02D0FB88002B01D1012390
:10A920000BE0FB6800221A63FB881A46B968F868D6
:10A9300000F04AFB034600E0022318461037BD46EC
:10A9400080BD000080B5BAB000AF78607B681B683E
:10A950001B68C7F8E4307B681B68DB68C7F8E03029
:10A960007B681B685B69C7F8DC300023C7F8D83008
:10A970000023C7F8D430D7F8E43003F00F03C7F84A
:10A98000D830D7F8D830002B0FD1D7F8E43003F007
:10A990002003002B09D0D7F8E03003F02003002B70
:10A9A00003D0786800F02BFC60E2D7F8D830002B99
:10A9B00000F0E180D7F8DC3003F00103002B06D172
:10A9C000D7F8E03003F49073002B00F0D480D7F870
:10A9D000E43003F00103002B0BD0D7F8E03003F490
:10A9E0008073002B05D07B685B6C43F001027B68B1
:10A9F0005A64D7F8E43003F00403002B0BD0D7F8E7
:10AA0000DC3003F00103002B05D07B685B6C43F066
:10AA100002027B685A64D7F8E43003F00203002B8B
:10AA20000BD0D7F8DC3003F00103002B05D07B6896
:10AA30005B6C43F004027B685A64D7F8E43003F09F
:10AA40000803002B11D0D7F8E03003F02003002BCF
:10AA500005D1D7F8DC3003F00103002B05D07B686B
:10AA60005B6C43F008027B685A647B685B6C002B6C
:10AA700000F0F781D7F8E43003F02003002B08D072
:10AA8000D7F8E03003F02003002B02D0786800F004
:10AA9000B6FB7B681B685B6903F04003402B0CBF6F
:10AAA00001230023DBB2C7F8D4307B685B6C03F072
:10AAB0000803002B03D1D7F8D430002B51D078688D
:10AAC00000F0BCFA7B681B685B6903F04003402B15
:10AAD00042D17B681B681433C7F89C30D7F89C3090
:10AAE00053E8003FC7F89830D7F8983023F0400378
:10AAF000C7F8D0307B681B681433D7F8D020C7F86C
:10AB0000A820C7F8A430D7F8A410D7F8A82041E8A7
:10AB10000023C7F8A030D7F8A030002BD9D17B682C
:10AB2000DB6B002B13D07B68DB6B804A1A657B687C
:10AB3000DB6B1846FCF7A2F90346002B19D07B68A3
:10AB4000DB6B1B6D7A68D26B1046984711E07B680F
:10AB50009B6D786898470CE07B689B6D7868984798
:10AB600007E07B689B6D786898477B6800225A6491
:10AB700077E100BF75E17B681B6B012B40F05181D1
:10AB8000D7F8E43003F01003002B00F04A81D7F827
:10AB9000E03003F01003002B00F043810023BB6082
:10ABA0007B681B681B68BB607B681B685B68BB605D
:10ABB000BB687B681B685B6903F04003402B40F077
:10ABC000B7807B68DB6B1B685B68A7F8BE30B7F8A3
:10ABD000BE30002B00F047817B689B8DB7F8BE200C
:10ABE0009A4280F040817B68B7F8BE20DA857B68A6
:10ABF000DB6BDB69B3F5807F00F088807B681B68C6
:10AC00000C33C7F88830D7F8883053E8003FC7F8CE
:10AC10008430D7F8843023F48073C7F8B8307B6869
:10AC20001B680C33D7F8B820C7F89420C7F89030C9
:10AC3000D7F89010D7F8942041E80023C7F88C305B
:10AC4000D7F88C30002BD9D17B681B6814337B6715
:10AC50007B6F53E8003F3B673B6F23F00103C7F86E
:10AC6000B4307B681B681433D7F8B420C7F8802051
:10AC7000FB67F96FD7F8802041E80023BB67BB6F03
:10AC8000002BE1D17B681B6814333B663B6E53E8B5
:10AC9000003FFB65FB6D23F04003C7F8B0307B68D5
:10ACA0001B681433D7F8B020FA66BB66B96EFA6E2B
:10ACB00041E800237B667B6E002BE3D17B6820227A
:10ACC00083F842207B6800221A637B681B680C3380
:10ACD000FB64FB6C53E8003FBB64BB6C23F01003C8
:10ACE000C7F8AC307B681B680C33D7F8AC20BA656A
:10ACF0007B65796DBA6D41E800233B653B6D002BA8
:10AD0000E3D17B68DB6B1846FCF748F87B680222CE
:10AD10005A637B68DB6E7A68918D7A68D28D92B2C5
:10AD20008A1A92B21146786898479CE003B10608E7
:10AD30007B689A8D7B68DB8D9BB2D31AA7F8CE30E7
:10AD40007B68DB8D9BB2002B00F08F80B7F8CE3094
:10AD5000002B00F08A807B681B680C33BB63BB6BE5
:10AD600053E8003F7B637B6B23F49073C7F8C830D4
:10AD70007B681B680C33D7F8C8207A643B64396C55
:10AD80007A6C41E80023FB63FB6B002BE3D17B680B
:10AD90001B6814337B627B6A53E8003F3B623B6A6B
:10ADA00023F00103C7F8C4307B681B681433D7F85D
:10ADB000C4203A63FB62F96A3A6B41E80023BB6244
:10ADC000BB6A002BE3D17B68202283F842207B689A
:10ADD00000221A637B681B680C333B613B6953E8B4
:10ADE000003FFB60FB6823F01003C7F8C0307B68AE
:10ADF0001B680C33D7F8C020FA61BB61B969FA69E6
:10AE000041E800237B617B69002BE3D17B68022250
:10AE10005A637B68DB6EB7F8CE2011467868984796
:10AE200023E0D7F8E43003F08003002B09D0D7F8F3
:10AE3000E03003F08003002B03D0786800F076F94F
:10AE400014E0D7F8E43003F04003002B0ED0D7F81D
:10AE5000E03003F04003002B08D0786800F0B6F92A
:10AE600004E000BF02E000BF00E000BFE837BD46DD
:10AE700080BD00BF80B483B000AF786000BF0C37E6
:10AE8000BD465DF8047B704780B483B000AF786046
:10AE900000BF0C37BD465DF8047B704780B483B0BB
:10AEA00000AF786000BF0C37BD465DF8047B70478B
:10AEB00080B483B000AF786000BF0C37BD465DF84A
:10AEC000047B704780B483B000AF786000BF0C375C
:10AED000BD465DF8047B704780B483B000AF7860F6
:10AEE00000BF0C37BD465DF8047B704780B483B06B
:10AEF00000AF78600B467B8000BF0C37BD465DF825
:10AF0000047B704780B485B000AF78600023FB609D
:10AF10000023BB607B6893F84130DBB2FB607B6849
:10AF200093F84230DBB2BB60FB68DAB2BB68DBB2DD
:10AF30001343DBB218461437BD465DF8047B7047F7
:10AF400080B483B000AF78607B685B6C18460C37C8
:10AF5000BD465DF8047B704780B483B000AF786075
:10AF60007B68104A9A647B680F4ADA647B680F4AF0
:10AF70001A657B680E4A5A657B680E4A9A657B683B
:10AF80000D4ADA657B680D4A1A667B680C4A5A6678
:10AF90007B680C4ADA6600BF0C37BD465DF8047B5F
:10AFA000704700BF89AE060875AE06089DAE06085C
:10AFB0002D24060881230608B1AE0608C5AE060892
:10AFC000D9AE0608EDAE060880B485B000AFF860D3
:10AFD000B9601346FB80FB68BA689A62FB68FA881E
:10AFE0009A85FB68FA88DA85FB6800225A64FB6858
:10AFF000222283F84220FB681B69002B07D0FB68E4
:10B000001B68DA68FB681B6842F48072DA60FB68D0
:10B010001B685A69FB681B6842F001025A61FB68B1
:10B020001B68DA68FB681B6842F02002DA600023C4
:10B0300018461437BD465DF8047B704780B495B060
:10B0400000AF78607B681B680C337B637B6B53E8D5
:10B05000003F3B633B6B23F49073FB647B681B688E
:10B060000C33FA6C3A64FB63F96B3A6C41E80023E9
:10B07000BB63BB6B002BE5D17B681B6814333B6261
:10B080003B6A53E8003FFB61FB6923F00103BB64AB
:10B090007B681B681433BA6CFA62BB62B96AFA6ADD
:10B0A00041E800237B627B6A002BE5D17B681B6B48
:10B0B000012B19D17B681B680C33FB60FB6853E8DC
:10B0C000003FBB60BB6823F010037B647B681B6898
:10B0D0000C337A6CBA617B617969BA6941E8002303
:10B0E0003B613B69002BE5D17B68202283F842203D
:10B0F0007B6800221A6300BF5437BD465DF8047BAD
:10B10000704780B584B000AF78607B689B6BFB6054
:10B11000FB680022DA85FB680022DA84FB689B6DFD
:10B12000F868984700BF1037BD4680BD80B485B031
:10B1300000AF78607B6893F84130DBB2212B3ED1C1
:10B140007B689B68B3F5805F14D17B681B69002B1B
:10B1500010D17B681B6AFB60FB681B881A467B6802
:10B160001B68C2F308025A607B681B6A9A1C7B68E2
:10B170001A6208E07B681B6A591C7A6811621A78A7
:10B180007B681B685A607B68DB8C9BB2013B9BB27F
:10B190007A681946D184002B0FD17B681B68DA6866
:10B1A0007B681B6822F08002DA607B681B68DA68C3
:10B1B0007B681B6842F04002DA60002300E0022353
:10B1C00018461437BD465DF8047B704780B582B0E1
:10B1D00000AF78607B681B68DA687B681B6822F0C8
:10B1E0004002DA607B68202283F841207B68DB6CB8
:10B1F00078689847002318460837BD4680BD80B55B
:10B200008CB000AF78607B6893F84230DBB2222BC1
:10B2100040F0B0807B689B68B3F5805F17D17B6896
:10B220001B69002B13D10023FB627B689B6ABB6206
:10B230007B681B685B689BB2C3F308039AB2BB6A66
:10B240001A807B689B6A9A1C7B689A6226E07B68FE
:10B250009B6AFB620023BB627B689B68B3F5805FDF
:10B2600007D07B689B68002B0AD17B681B69002B89
:10B2700006D17B681B685B68DAB2FB6A1A7008E06B
:10B280007B681B685B68DBB203F07F03DAB2FB6AA2
:10B290001A707B689B6A5A1C7B689A627B68DB8D9C
:10B2A0009BB2013B9BB27A681946D185002B5FD1D6
:10B2B0007B681B68DA687B681B6822F02002DA6012
:10B2C0007B681B68DA687B681B6822F48072DA602E
:10B2D0007B681B685A697B681B6822F001025A610F
:10B2E0007B68202283F842207B6800225A637B68B7
:10B2F0001B6B012B36D17B6800221A637B681B68AD
:10B300000C337B617B6953E8003F3B613B6923F071
:10B3100010037B627B681B680C337A6A3A62FB61BC
:10B32000F9693A6A41E80023BB61BB69002BE5D1AA
:10B330007B681B681B6803F01003102B0AD10023E5
:10B34000FB607B681B681B68FB607B681B685B6835
:10B35000FB60FB687B68DB6E7A68928D11467868CB
:10B36000984703E07B685B6D78689847002302E0AC
:10B37000002300E0022318463037BD4680BD0000A0
:10B380002DE9B04FC0B000AFC7F8F400D7F8F430E3
:10B390001B681B6923F44050D7F8F430D968D7F8FC
:10B3A000F4301A6840EA01031361D7F8F4309A6860
:10B3B000D7F8F4301B691A43D7F8F4305B691A43A5
:10B3C000D7F8F430DB691343C7F8F830D7F8F43016
:10B3D0001B68DB6823F4164121F00C01D7F8F43028
:10B3E0001A68D7F8F8300B43D360D7F8F4301B68ED
:10B3F0005B6923F44070D7F8F4309969D7F8F430DA
:10B400001A6840EA01035361D7F8F4301A688F4B89
:10B410009A4205D0D7F8F4301A688D4B9A4204D17D
:10B42000FDF7BAF8C7F8FC0003E0FDF7A1F8C7F88C
:10B43000FC00D7F8F430DB69B3F5004F40F00C8125
:10B44000D7F8FC300022C7F8E830C7F8EC20D7E97D
:10B450003A4522462B469118B9655B41FB65D7E911
:10B460001623214612EB0108294643EB01094FF050
:10B4700000024FF000034FEAC90343EA58734FEA52
:10B48000C80290469946234618EB0303C7F8E030FC
:10B490002B4649EB0303C7F8E430D7F8F4305B6878
:10B4A0000022C7F8D830C7F8DC20D7E936120B469F
:10B4B000DB183B65134642EB03037B65D7E9142396
:10B4C000D7E93801F4F78CFE02460B46614BA3FB2B
:10B4D00002235B091C01D7F8FC300022C7F8D030EA
:10B4E000C7F8D420D7E9348942464B469118B9644D
:10B4F0005B41FB64D7E91223414612EB010A49463E
:10B5000043EB010B4FF000024FF000034FEACB0377
:10B5100043EA5A734FEACA0292469B4643461AEBE5
:10B520000303C7F8C8304B464BEB0303C7F8CC30D6
:10B53000D7F8F4305B680022C7F8C030C7F8C420E1
:10B54000D7E930120B46DB183B64134642EB03038A
:10B550007B64D7E91023D7E93201F4F741FE0246B4
:10B560000B4611463B4BA3FB01235B09642202FB04
:10B5700003F3CB1ADB0003F13202364BA3FB0223A9
:10B580005B095B0003F4F8731C44D7F8FC3000221D
:10B59000C7F8B830C7F8BC20D7E92E8942464B46D9
:10B5A0009118B9635B41FB63D7E90E2341465118FB
:10B5B000396349464B417B634FF000024FF0000373
:10B5C000D7E90CAB5946CB00514643EA517351467B
:10B5D000CA0010461946034642469B18C7F8B030C9
:10B5E0004B460A4642EB0303C7F8B430D7F8F430B1
:10B5F0005B680022C7F8A830C7F8AC20D7E92A1248
:10B600000B46DB18BB62134642EB0303FB62D7E930
:10B610000A23D7E92C01F4F7E3FD02460B460D4B54
:10B62000A3FB02135B09642101FB03F3D31ADB00C4
:10B630003233084AA2FB03235B0903F00702D7F861
:10B64000F4301B6822449A6006E100BF00100140FC
:10B65000001401401F85EB51D7F8FC300022C7F8D9
:10B66000A030C7F8A420D7E9288942464B46911854
:10B6700039625B417B62D7E9082341465418494649
:10B6800043EB01054FF000024FF00003EB0043EAEB
:10B690005473E20014461D464346E318C7F8983039
:10B6A0004B4645EB0303C7F89C30D7F8F4305B6892
:10B6B0000022C7F89030C7F894204FF000024FF0F6
:10B6C0000003D7E9244529468B00214643EA9173BC
:10B6D00021468A00D7E92601F4F782FD02460B468F
:10B6E000604BA3FB02235B091C01D7F8FC3000224E
:10B6F000C7F88830C7F88C20D7E9228942464B46E4
:10B700009118B9615B41FB61D7E9062341465118A5
:10B71000396149464B417B614FF000024FF0000315
:10B72000D7E904AB5946CB00514643EA5173514621
:10B73000CA0010461946034642469B18C7F8803097
:10B740004B460A4642EB0303C7F88430D7F8F4307F
:10B750005B680022BB67FA674FF000024FF00003FE
:10B76000D7E91E8949468B00414643EA9173414619
:10B770008A00D7E92001F4F733FD02460B46114653
:10B78000384BA3FB01235B09642202FB03F3CB1AB2
:10B790001B013233334AA2FB03235B0903F0F0039E
:10B7A0001C44D7F8FC3000223B677A67D7E91C8934
:10B7B00042464B469118B9605B41FB60D7E90223D2
:10B7C00041465118396049464B417B604FF00002B9
:10B7D0004FF00003D7E900AB5946CB00514643EA8E
:10B7E00051735146CA0010461946034642469B18FB
:10B7F000BB664B460A4642EB0303FB66D7F8F430C0
:10B800005B6800223B667A664FF000024FF000034F
:10B81000D7E9188949468B00414643EA917341466E
:10B820008A00D7E91A01F4F7DBFC02460B460D4B00
:10B83000A3FB02135B09642101FB03F3D31A1B0171
:10B840003233084AA2FB03235B0903F00F02D7F847
:10B85000F4301B6822449A6000BF07F58077BD462C
:10B86000BDE8B08F1F85EB5180B483B000AF0346B5
:10B870003960FB7197F90730002B0ADB3B68DAB2BD
:10B880000C4997F907301201D2B20B4483F8002318
:10B890000AE03B68DAB20849FB7903F00F03043B86
:10B8A0001201D2B20B441A7600BF0C37BD465DF8C8
:10B8B000047B704700E100E000ED00E080B500AFE0
:10B8C000054B1B6802F046FB0346012B01D000F03C
:10B8D0004BFE00BF80BD00BF10E000E080B500AFB0
:10B8E00000216FF00400FFF7BFFF00BF80BD000024
:10B8F00080B483B000AFEFF305833B603B68002B5F
:10B9000003D06FF005037B600CE00A4B1B68002B33
:10B9100005D1084B01221A6000237B6002E04FF042
:10B92000FF337B607B6818460C37BD465DF8047BAF
:10B93000704700BFF408012080B582B000AFEFF37C
:10B9400005833B603B68002B03D06FF005037B60F1
:10B9500010E00B4B1B68012B09D1FFF7BFFF084B11
:10B9600002221A6001F066FE00237B6002E04FF0C5
:10B97000FF337B607B6818460837BD4680BD00BF3B
:10B98000F408012080B58EB004AFF860B9607A6029
:10B9900000233B61EFF305837B617B69002B7FD143
:10B9A000FB68002B7CD080233B621823FB610023C3
:10B9B0007B624FF0FF33BB617B68002B46D07B6816
:10B9C0001B68002B02D07B681B687B627B689B69CD
:10B9D000002B02D07B689B69FB61FB69002B08D0C0
:10B9E000FB69382B05D87B685B6803F00103002BEB
:10B9F00001D0002355E07B685B69002B03D07B6896
:10BA00005B699B083B627B689B68002B0FD07B685F
:10BA1000DB68B3F5D07F0AD37B681B69002B06D0A7
:10BA20007B685B69002B02D00123BB6110E07B685F
:10BA30009B68002B0CD17B68DB68002B08D17B68EE
:10BA40001B69002B04D10023BB6101E00023BB6113
:10BA5000BB69012B10D17B681B697A6892680292DE
:10BA60000193FB690093BB683A6A796AF86801F050
:10BA700007FB03463B6113E0BB69002B10D13B6A17
:10BA80009AB207F110030193FB690093BB68796ACE
:10BA9000F86801F057FB0346012B01D000233B61FE
:10BAA0003B6918462837BD4680BD80B584B000AFDD
:10BAB0007860786802F034FFF860FB68002B05D0EE
:10BAC000FB681B68FA6852681046984700BF103739
:10BAD000BD4680BD80B58CB002AFF8607A603B6037
:10BAE0000B46FB7200233B62EFF305833B613B692E
:10BAF000002B63D1FB68002B60D0082000F0C8F851
:10BB000078617B69002B59D07B69FA681A607B6980
:10BB10007A685A60FB7A002B02D10023FB6101E0B6
:10BB20000123FB614FF0FF33BB6100237B623B6865
:10BB3000002B1CD03B681B68002B02D03B681B68A5
:10BB40007B623B689B68002B06D03B68DB682B2B35
:10BB500002D90123BB610CE03B689B68002B08D134
:10BB60003B68DB68002B04D10023BB6101E00023AC
:10BB7000BB61BB69012B0CD13B689B680193124BE5
:10BB800000937B69FA690121786A02F03CFB386214
:10BB90000BE0BB69002B08D10B4B00937B69FA6962
:10BBA0000121786A02F00EFB38623B6A002B05D156
:10BBB0007B69002B02D0786900F03EF93B6A184699
:10BBC0002837BD4680BD00BFABBA060880B588B037
:10BBD00002AF786039607B683B61EFF30583FB60FF
:10BBE000FB68002B03D06FF005037B6117E03B6916
:10BBF000002B03D16FF003037B6110E0002300935F
:10BC000000233A680421386902F07AFB0346012BCD
:10BC100002D100237B6102E06FF002037B617B694C
:10BC200018461837BD4680BD80B485B000AFF860B7
:10BC3000B9607A60FB68074A1A60BB68064A1A60F6
:10BC40007B6880221A6000BF1437BD465DF8047B14
:10BC5000704700BFF8080120980A012080B485B021
:10BC600000AFF860B9607A60FB68074A1A60BB6889
:10BC7000064A1A607B6880221A6000BF1437BD46EE
:10BC80005DF8047B704700BF980C0120380E01203E
:10BC900080B58AB000AF78600023FB6101F03CFD05
:10BCA0005F4B1B68002B01D100F02AF95D4B1A682D
:10BCB0007B681340002B40F095807B68002B1ED0E2
:10BCC00008227B6813447B607B6803F00703002B2A
:10BCD00015D07B6823F0070308337B607B6803F093
:10BCE0000703002B0BD04FF0500383F31188BFF3F1
:10BCF0006F8FBFF34F8F7B6100BF00BFFDE77B6895
:10BD0000002B6FD0484B1B687A689A426AD8474B21
:10BD10003B62464B1B687B6204E07B6A3B627B6A4A
:10BD20001B687B627B6A5B687A689A4203D97B6A8C
:10BD30001B68002BF1D13A4B1B687A6A9A4251D0AA
:10BD40003B6A1B6808221344FB617B6A1A683B6AE2
:10BD50001A607B6A5A687B68D21A08235B009A4291
:10BD600020D97A6A7B681344BB61BB6903F007037F
:10BD7000002B0BD04FF0500383F31188BFF36F8F6C
:10BD8000BFF34F8F3B6100BF00BFFDE77B6A5A687E
:10BD90007B68D21ABB695A607B6A7A685A60B86954
:10BDA00000F010F9204B1A687B6A5B68D31A1E4AB0
:10BDB00013601D4B1A681E4B1B689A4203D21A4B24
:10BDC0001B681B4A13607B6A5A68164B1B681A4330
:10BDD0007B6A5A607B6A00221A60164B1B6801332B
:10BDE000144A136001F0A6FCFB69002B01D1F9F79E
:10BDF00011F8FB6903F00703002B0BD04FF0500341
:10BE000083F31188BFF36F8FBFF34F8FFB6000BFC9
:10BE100000BFFDE7FB6918462837BD4680BD00BF5F
:10BE20005037012064370120543701204837012062
:10BE3000583701205C37012080B586B000AF7860AC
:10BE40007B687B617B68002B4FD008235B427A695B
:10BE500013447B617B693B613B695A68254B1B68D6
:10BE60001340002B0BD14FF0500383F31188BFF325
:10BE70006F8FBFF34F8FFB6000BF00BFFDE73B69D3
:10BE80001B68002B0BD04FF0500383F31188BFF3D6
:10BE90006F8FBFF34F8FBB6000BF00BFFDE73B69F3
:10BEA0005A68144B1B681340002B1ED03B691B685B
:10BEB000002B1AD13B695A680E4B1B68DB431A40B2
:10BEC0003B695A6001F028FC3B695A680A4B1B68C1
:10BED0001344094A1360386900F074F8074B1B6873
:10BEE0000133064A136001F025FC00BF1837BD4638
:10BEF00080BD00BF64370120543701206037012026
:10BF000080B485B000AF42F21073BB60274BFB607A
:10BF1000FB6803F00703002B0CD0FB680733FB60C2
:10BF2000FB6823F00703FB60BA68FB68D31A1F4A5B
:10BF30001344BB60FB687B601D4A7B6813601C4B2D
:10BF400000225A607B68BA681344FB600822FB68D1
:10BF50009B1AFB60FB6823F00703FB60FB68154A34
:10BF60001360144B1B6800225A60124B1B6800229E
:10BF70001A607B683B603B68FA68D21A3B685A607B
:10BF80000C4B1A683B681A603B685B680A4A13608E
:10BF90003B685B68094A1360094B4FF000421A6026
:10BFA00000BF1437BD465DF8047B70473810012090
:10BFB00048370120503701205837012054370120DD
:10BFC0006437012080B485B000AF7860284BFB60F7
:10BFD00002E0FB681B68FB60FB681B687A689A429A
:10BFE000F7D8FB68BB60FB685B68BA6813447A6883
:10BFF0009A4208D1FB685A687B685B681A44FB6800
:10C000005A60FB687B607B68BB607B685B68BA6872
:10C010001A44FB681B689A4218D1FB681A68154BD2
:10C020001B689A420DD07B685A68FB681B685B6886
:10C030001A447B685A60FB681B681A687B681A6040
:10C0400008E00C4B1A687B681A6003E0FB681A680A
:10C050007B681A60FA687B689A4202D0FB687A684B
:10C060001A6000BF1437BD465DF8047B704700BFFF
:10C07000483701205037012080B483B000AF78608A
:10C080007B6803F108027B685A607B684FF0FF32DF
:10C090009A607B6803F108027B68DA607B6803F1D1
:10C0A00008027B681A617B6800221A6000BF0C37A7
:10C0B000BD465DF8047B704780B483B000AF786004
:10C0C0007B6800221A6100BF0C37BD465DF8047B17
:10C0D000704780B485B000AF786039607B685B687A
:10C0E000FB603B68FA685A60FB689A683B689A6034
:10C0F000FB689B683A685A60FB683A689A603B68DC
:10C100007A681A617B681B685A1C7B681A6000BFDA
:10C110001437BD465DF8047B704780B485B000AF2E
:10C12000786039603B681B68BB60BB68B3F1FF3F58
:10C1300003D17B681B69FB600CE07B680833FB6004
:10C1400002E0FB685B68FB60FB685B681B68BA68C1
:10C150009A42F6D2FB685A683B685A603B685B6853
:10C160003A689A603B68FA689A60FB683A685A6075
:10C170003B687A681A617B681B685A1C7B681A6086
:10C1800000BF1437BD465DF8047B704780B485B0AE
:10C1900000AF78607B681B69FB607B685B687A68CE
:10C1A00092689A607B689B687A6852685A60FB68FC
:10C1B0005B687A689A4203D17B689A68FB685A6028
:10C1C0007B6800221A61FB681B685A1EFB681A60B4
:10C1D000FB681B6818461437BD465DF8047B704742
:10C1E00080B485B000AFF860B9607A60FB68043B4A
:10C1F000FB60FB684FF080721A60FB68043BFB60D9
:10C20000BB6823F00102FB681A60FB68043BFB601B
:10C210000C4AFB681A60FB68143BFB607A68FB6899
:10C220001A60FB68043BFB60FB686FF002021A6057
:10C23000FB68203BFB60FB6818461437BD465DF881
:10C24000047B704749C2060880B485B000AF002364
:10C250007B60134B1B68B3F1FF3F0BD04FF05003D3
:10C2600083F31188BFF36F8FBFF34F8FFB6000BF65
:10C2700000BFFDE74FF0500383F31188BFF36F8FCA
:10C28000BFF34F8FBB6000BF00BF7B68002BFCD0AB
:10C2900000BF00BF1437BD465DF8047B704700BF88
:10C2A000D800012000000000000000000000000095
:10C2B000074B19680868B0E8F04F80F30988BFF3AE
:10C2C0006F8F4FF0000080F311887047AFF300804C
:10C2D000B037012000BF00BF08480068006880F345
:10C2E00008884FF0000080F3148862B661B6BFF38F
:10C2F0004F8FBFF36F8F00DF00BF00BF08ED00E07E
:10C3000080B586B000AF474B1B68474A93420BD1BC
:10C310004FF0500383F31188BFF36F8FBFF34F8F3C
:10C32000FB6000BF00BFFDE73E4B1B683F4A9342E6
:10C330000BD14FF0500383F31188BFF36F8FBFF31E
:10C340004F8F3B6100BF00BFFDE7394B7B617B69CD
:10C350001B78DBB27B607B69FF221A707B691B78DC
:10C36000DBB2FB70FB78DBB203F05003DAB2314B87
:10C370001A70314B07221A6009E02F4B1B68013BF2
:10C380002D4A1360FB78DBB25B00DBB2FB70FB78FD
:10C39000DBB203F08003802BEFD0274B1B68C3F187
:10C3A0000703042B0BD04FF0500383F31188BFF326
:10C3B0006F8FBFF34F8FBB6000BF00BFFDE71E4B09
:10C3C0001B681B021C4A13601B4B1B6803F4E063D1
:10C3D000194A13607B68DAB27B691A70174B1B68C5
:10C3E000164A43F470031360144B1B68134A43F05E
:10C3F0007043136000F0DAF8114B00221A6000F06D
:10C40000F9F8104B1B680F4A43F040431360FFF7E5
:10C4100063FF01F0FFFAFFF717FF002318461837F4
:10C42000BD4680BD00ED00E071C20F4170C20F41FA
:10C4300000E400E0683701206C37012020ED00E0C7
:10C44000D800012034EF00E080B483B000AF4FF09B
:10C45000500383F31188BFF36F8FBFF34F8F7B605F
:10C4600000BF104B1B6801330E4A13600D4B1B6855
:10C47000012B10D10C4B1B68DBB2002B0BD04FF003
:10C48000500383F31188BFF36F8FBFF34F8F3B606F
:10C4900000BF00BFFDE700BF0C37BD465DF8047B61
:10C4A000704700BFD800012004ED00E080B483B0E5
:10C4B00000AF124B1B68002B0BD14FF0500383F3DE
:10C4C0001188BFF36F8FBFF34F8F7B6000BF00BF3A
:10C4D000FDE70A4B1B68013B084A1360074B1B68CA
:10C4E000002B05D100233B603B6883F3118800BF1C
:10C4F00000BF0C37BD465DF8047B7047D8000120B3
:10C50000EFF30980BFF36F8F154B1A681EF0100F01
:10C5100008BF20ED108A20E9F04F10602DE90900D6
:10C520004FF0500080F31188BFF34F8FBFF36F8F30
:10C5300001F070FA4FF0000080F3118809BC19680F
:10C540000868B0E8F04F1EF0100F08BFB0EC108A7A
:10C5500080F30988BFF36F8F704700BFAFF300808F
:10C56000B037012000BF00BF80B582B000AF4FF0F0
:10C57000500383F31188BFF36F8FBFF34F8F7B603E
:10C5800000BF01F085F90346002B03D0064B4FF0A6
:10C5900080521A6000233B603B6883F3118800BF20
:10C5A00000BF0837BD4680BD04ED00E080B400AF99
:10C5B0000B4B00221A600B4B00221A600A4B1B68BF
:10C5C0000A4AA2FB03239B09094A013B1360044B5F
:10C5D00007221A6000BFBD465DF8047B704700BFAC
:10C5E00010E000E018E000E0CC000120D34D621024
:10C5F00014E000E0DFF80C00016841F47001016014
:10C60000704700BF88ED00E080B485B000AFEFF365
:10C610000583FB60FB680F2B15D9184AFB68134490
:10C620001B78FB72164B1B78FA7A9A420BD24FF0AA
:10C63000500383F31188BFF36F8FBFF34F8F7B607D
:10C6400000BF00BFFDE70F4B1B6803F4E0620E4B19
:10C650001B689A420BD94FF0500383F31188BFF344
:10C660006F8FBFF34F8F3B6000BF00BFFDE700BF80
:10C670001437BD465DF8047B704700BFF0E300E06F
:10C68000683701200CED00E06C37012080B584B0E4
:10C6900000AF786039607B68FB60FB68002B0BD1D2
:10C6A0004FF0500383F31188BFF36F8FBFF34F8FA9
:10C6B000BB6000BF00BFFDE7FFF7C6FEFB681A685E
:10C6C000FB68DB6BF968096C01FB03F31A44FB6838
:10C6D0009A60FB6800229A63FB681A68FB685A60DC
:10C6E000FB681A68FB68DB6B013BF968096C01FBAE
:10C6F00003F31A44FB68DA60FB68FF2283F84420E6
:10C70000FB68FF2283F845203B68002B14D1FB68AF
:10C710001B69002B1AD0FB681033184601F042FA4F
:10C720000346002B12D00D4B4FF080521A60BFF31E
:10C730004F8FBFF36F8F09E0FB6810331846FFF788
:10C740009BFCFB6824331846FFF796FCFFF7AEFE10
:10C75000012318461037BD4680BD00BF04ED00E040
:10C7600080B58EB002AFF860B9607A603B60FB685C
:10C77000002B0BD14FF0500383F31188BFF36F8F61
:10C78000BFF34F8FBB6200BF00BFFDE73B68002BCC
:10C790000BD14FF0500383F31188BFF36F8FBFF3BA
:10C7A0004F8F7B6200BF00BFFDE77B68002B02D08C
:10C7B000BB68002B01D0012300E00023002B0BD12C
:10C7C0004FF0500383F31188BFF36F8FBFF34F8F88
:10C7D0003B6200BF00BFFDE77B68002B02D1BB6856
:10C7E000002B01D1012300E00023002B0BD14FF0DF
:10C7F000500383F31188BFF36F8FBFF34F8FFB613B
:10C8000000BF00BFFDE750237B617B69502B0BD03D
:10C810004FF0500383F31188BFF36F8FBFF34F8F37
:10C82000BB6100BF00BFFDE77B693B68FB62FB6A41
:10C83000002B0DD0FB6A012283F8462097F83820A0
:10C84000FB6A009313467A68B968F86800F005F847
:10C85000FB6A18463037BD4680BD80B584B000AF56
:10C86000F860B9607A60FB70BB68002B03D1BB69CC
:10C87000BA691A6002E0BB697A681A60BB69FA6833
:10C88000DA63BB69BA681A640121B869FFF7FEFE72
:10C89000BB69FA7883F84C2000BF1037BD4680BDD5
:10C8A00080B58EB000AFF860B9607A603B6000235D
:10C8B0007B63FB683B633B6B002B0BD14FF050035A
:10C8C00083F31188BFF36F8FBFF34F8FBB6200BF3D
:10C8D00000BFFDE7BB68002B03D13B6B1B6C002B3B
:10C8E00001D1012300E00023002B0BD14FF05003B6
:10C8F00083F31188BFF36F8FBFF34F8F7B6200BF4D
:10C9000000BFFDE73B68022B03D13B6BDB6B012BC8
:10C9100001D1012300E00023002B0BD14FF0500385
:10C9200083F31188BFF36F8FBFF34F8F3B6200BF5C
:10C9300000BFFDE701F00EFB0346002B02D17B6830
:10C94000002B01D1012300E00023002B0BD14FF07D
:10C95000500383F31188BFF36F8FBFF34F8FFB61D9
:10C9600000BF00BFFDE7FFF76FFD3B6B9A6B3B6BB2
:10C97000DB6B9A4202D33B68022B29D13A68B96833
:10C98000386B00F00FFAF8623B6B5B6A002B10D03B
:10C990003B6B2433184601F005F90346002B13D0F6
:10C9A0003F4B4FF080521A60BFF34F8FBFF36F8F32
:10C9B0000AE0FB6A002B07D0394B4FF080521A6017
:10C9C000BFF34F8FBFF36F8FFFF770FD012363E05D
:10C9D0007B68002B03D1FFF769FD00235CE07B6BD4
:10C9E000002B06D107F11403184601F03FF901238B
:10C9F0007B63FFF75BFD00F08FFEFFF725FD3B6BD0
:10CA000093F844305BB2B3F1FF3F03D13B6B00229C
:10CA100083F844203B6B93F845305BB2B3F1FF3FA2
:10CA200003D13B6B002283F84520FFF73FFD3A1D01
:10CA300007F114031146184601F02EF90346002BA6
:10CA400024D1386B00F0A6FA0346002B18D03B6BBC
:10CA500010337A681146184601F052F8386B00F02E
:10CA600031FA00F067FE0346002B7FF47CAF0C4BDD
:10CA70004FF080521A60BFF34F8FBFF36F8F72E792
:10CA8000386B00F01FFA00F055FE6CE7386B00F0D1
:10CA900019FA00F04FFE002318463837BD4680BD16
:10CAA00004ED00E080B590B000AFF860B9607A6046
:10CAB0003B60FB68BB63BB6B002B0BD14FF050039B
:10CAC00083F31188BFF36F8FBFF34F8FBB6200BF3B
:10CAD00000BFFDE7BB68002B03D1BB6B1B6C002BB9
:10CAE00001D1012300E00023002B0BD14FF05003B4
:10CAF00083F31188BFF36F8FBFF34F8F7B6200BF4B
:10CB000000BFFDE73B68022B03D1BB6BDB6B012B46
:10CB100001D1012300E00023002B0BD14FF0500383
:10CB200083F31188BFF36F8FBFF34F8F3B6200BF5A
:10CB300000BFFDE7FFF768FDEFF311824FF05003F0
:10CB400083F31188BFF36F8FBFF34F8FFA61BB611F
:10CB5000FB697B63BB6B9A6BBB6BDB6B9A4202D34B
:10CB60003B68022B2FD1BB6B93F8453087F83330ED
:10CB7000BB6B9B6BFB623A68B968B86B00F012F94B
:10CB800097F93330B3F1FF3F12D1BB6B5B6A002BD7
:10CB900016D0BB6B2433184601F004F80346002B73
:10CBA0000ED07B68002B0BD07B6801221A6007E057
:10CBB00097F833300133DBB25AB2BB6B83F84520B0
:10CBC0000123FB6301E00023FB637B6B7B617B69DB
:10CBD00083F3118800BFFB6B18464037BD4680BD0C
:10CBE00080B58CB000AFF860B9607A600023FB625A
:10CBF000FB68BB62BB6A002B0BD14FF0500383F381
:10CC00001188BFF36F8FBFF34F8F3B6200BF00BF30
:10CC1000FDE7BB68002B03D1BB6A1B6C002B01D165
:10CC2000012300E00023002B0BD14FF0500383F3CE
:10CC30001188BFF36F8FBFF34F8FFB6100BF00BF41
:10CC4000FDE701F087F90346002B02D17B68002B3A
:10CC500001D1012300E00023002B0BD14FF0500342
:10CC600083F31188BFF36F8FBFF34F8FBB6100BF9A
:10CC700000BFFDE7FFF7E8FBBB6A9B6B7B627B6A4B
:10CC8000002B1FD0B968B86A00F0F6F87B6A5A1E0C
:10CC9000BB6A9A63BB6A1B69002B0FD0BB6A103357
:10CCA000184600F07FFF0346002B07D03C4B4FF0A7
:10CCB00080521A60BFF34F8FBFF36F8FFFF7F6FB01
:10CCC000012369E07B68002B03D1FFF7EFFB002312
:10CCD00062E0FB6A002B06D107F11003184600F052
:10CCE000C5FF0123FB62FFF7E1FB00F015FDFFF735
:10CCF000ABFBBB6A93F844305BB2B3F1FF3F03D1A7
:10CD0000BB6A002283F84420BB6A93F845305BB2CB
:10CD1000B3F1FF3F03D1BB6A002283F84520FFF740
:10CD2000C5FB3A1D07F110031146184600F0B4FF89
:10CD30000346002B23D1B86A00F016F90346002BF6
:10CD400017D0BB6A24337A681146184600F0D8FE23
:10CD5000B86A00F0B7F800F0EDFC0346002B89D16B
:10CD60000F4B4FF080521A60BFF34F8FBFF36F8F9E
:10CD700080E7B86A00F0A6F800F0DCFC7AE7B86A51
:10CD800000F0A0F800F0D6FCB86A00F0EDF8034619
:10CD9000002B3FF46FAF002318463037BD4680BDEF
:10CDA00004ED00E080B586B000AFF860B9607A604D
:10CDB00000237B61FB689B6B3B61FB681B6C002B5A
:10CDC0000DD1FB681B68002B4DD1FB689B68184692
:10CDD00001F0DEF87861FB6800229A6043E07B682E
:10CDE000002B19D1FB685868FB681B6C1A46B968A0
:10CDF00001F0DCFEFB685A68FB681B6C1A44FB6898
:10CE00005A60FB685A68FB689B689A422BD3FB68A0
:10CE10001A68FB685A6026E0FB68D868FB681B6CE0
:10CE20001A46B96801F0C2FEFB68DA68FB681B6C41
:10CE30005B421A44FB68DA60FB68DA68FB681B68CF
:10CE40009A4207D2FB689A68FB681B6C5B421A44E3
:10CE5000FB68DA607B68022B05D13B69002B02D0AE
:10CE60003B69013B3B613B695A1CFB689A637B69E8
:10CE700018461837BD4680BD80B582B000AF7860D7
:10CE800039607B681B6C002B18D07B68DA687B6884
:10CE90001B6C1A447B68DA607B68DA687B689B6885
:10CEA0009A4203D37B681A687B68DA607B68D9682A
:10CEB0007B681B6C1A46386801F078FE00BF0837A3
:10CEC000BD4680BD80B584B000AF7860FFF7BCFA86
:10CED0007B6893F84530FB7311E07B685B6A002B3D
:10CEE00012D07B682433184600F05CFE0346002B0A
:10CEF00001D000F045FFFB7B013BDBB2FB7397F9F0
:10CF00000F30002BE9DC00E000BF7B68FF2283F8D4
:10CF10004520FFF7CBFAFFF797FA7B6893F8443088
:10CF2000BB7311E07B681B69002B12D07B68103348
:10CF3000184600F037FE0346002B01D000F020FF1A
:10CF4000BB7B013BDBB2BB7397F90E30002BE9DCF6
:10CF500000E000BF7B68FF2283F84420FFF7A6FAB9
:10CF600000BF1037BD4680BD80B584B000AF78608B
:10CF7000FFF76AFA7B689B6B002B02D10123FB60F1
:10CF800001E00023FB60FFF791FAFB6818461037B9
:10CF9000BD4680BD80B584B000AF7860FFF754FA1D
:10CFA0007B689A6B7B68DB6B9A4202D10123FB6042
:10CFB00001E00023FB60FFF779FAFB6818461037A1
:10CFC000BD4680BD80B485B000AF78603960002375
:10CFD000FB6014E00F4AFB6852F83330002B0BD192
:10CFE0000C49FB683A6841F833200A4AFB68DB00C9
:10CFF00013447A685A6006E0FB680133FB60FB6803
:10D00000072BE7D900BF00BF1437BD465DF8047B8E
:10D01000704700BF7037012080B586B000AFF86060
:10D02000B9607A60FB687B61FFF70EFA7B6993F861
:10D0300044305BB2B3F1FF3F03D17B69002283F838
:10D0400044207B6993F845305BB2B3F1FF3F03D1D5
:10D050007B69002283F84520FFF728FA7B699B6BE8
:10D06000002B06D17B6924337A68B968184600F032
:10D070006DFD7869FFF726FF00BF1837BD4680BDFC
:10D0800080B58EB004AFF860B9607A603B607B6BAE
:10D09000002B0BD14FF0500383F31188BFF36F8F38
:10D0A000BFF34F8F3B6200BF00BFFDE7BB6B002BA0
:10D0B0000BD14FF0500383F31188BFF36F8FBFF391
:10D0C0004F8FFB6100BF00BFFDE74FF4D0733B61A2
:10D0D0003B69B3F5D07F0BD04FF0500383F3118839
:10D0E000BFF36F8FBFF34F8FBB6100BF00BFFDE782
:10D0F0003B69BB6B002B1ED07B6B002B1BD0BB6B2B
:10D100007B627B6A7A6B1A637B6A022283F89D21B9
:10D11000002303937B6A029307F1140301933B6B93
:10D1200000933B687A68B968F86800F051F8786A4B
:10D1300000F008F901E000237B617B69184628377D
:10D14000BD4680BD80B58CB004AFF860B9603B606F
:10D150001346FB80FB889B001846FEF799FD78611B
:10D160007B69002B0FD04FF4D070FEF791FDF86172
:10D17000FB69002B03D0FB697A691A6305E07869C3
:10D18000FEF75AFE01E00023FB61FB69002B17D07C
:10D19000FB69002283F89D21FA8800230393FB6931
:10D1A0000293FB6A0193BB6A00933B68B968F86815
:10D1B00000F00EF8F86900F0C5F80123BB6102E049
:10D1C0004FF0FF33BB61BB6918462037BD4680BDB9
:10D1D00080B588B000AFF860B9607A603B603B6BA7
:10D1E000186B7B689B001A46A52101F04FFC3B6B36
:10D1F0001A6B7B6803F18043013B9B001344BB61C6
:10D20000BB6923F00703BB61BB6903F00703002B75
:10D210000BD04FF0500383F31188BFF36F8FBFF330
:10D220004F8F7B6100BF00BFFDE73B6BBA69C3F85E
:10D230003421BB68002B1FD00023FB6112E0BA68C9
:10D24000FB69134419783A6BFB69134434330A467B
:10D250001A70BA68FB6913441B78002B06D0FB696F
:10D260000133FB61FB69FE2BE9D900E000BF3B6B9A
:10D27000002283F8322103E03B6B002283F8342044
:10D28000BB6A372B01D93723BB623B6BBA6ADA62C0
:10D290003B6BBA6AC3F840213B6B0022C3F84421C0
:10D2A0003B6B04331846FEF707FF3B6B18331846F9
:10D2B000FEF702FF3B6B3A6B1A61BB6AC3F138029F
:10D2C0003B6B9A613B6B3A6B5A623B6B0022C3F833
:10D2D00048213B6B0022C3F898213B6B002283F866
:10D2E0009C213B6B03F5A6734C220021184601F0EC
:10D2F000CDFB3B6B104AC3F850213B6B0F4AC3F880
:10D3000054213B6B0E4AC3F858213B6B002283F833
:10D310009E213A68F968B869FEF762FF02463B6BE6
:10D320001A60FB6A002B02D0FB6A3A6B1A6000BFDE
:10D330002037BD4680BD00BF903D0120F83D012053
:10D34000603E012080B582B000AF7860FFF77CF8C6
:10D350002D4B1B6801332C4A13602C4B1B68002B90
:10D3600009D12A4A7B681360274B1B68012B10D117
:10D3700000F02CFD0DE0264B1B68002B09D1234B40
:10D380001B68DA6A7B68DB6A9A4202D81F4A7B68AC
:10D390001360204B1B6801331E4A13601D4B1A6833
:10D3A0007B68C3F838217B68DA6A1B4B1B689A429A
:10D3B00003D97B68DB6A184A13607B68DA6A134614
:10D3C0009B0013449B00154A1A447B68043319469A
:10D3D0001046FEF77EFEFFF769F80D4B1B68002B29
:10D3E0000ED00A4B1B68DA6A7B68DB6A9A4207D266
:10D3F0000B4B4FF080521A60BFF34F8FBFF36F8F0C
:10D4000000BF0837BD4680BD843C0120B0370120F5
:10D41000903C0120A03C01208C3C0120B43701202D
:10D4200004ED00E080B584B000AF7860FFF70CF841
:10D430007B68002B02D1304B1B6800E07B68FB60EF
:10D44000FB6804331846FEF7A1FEFB689B6A002BBD
:10D4500004D0FB6818331846FEF798FEFB680433C7
:10D4600019462648FEF735FEFB6893F89C31DBB27F
:10D47000012B03D1FB68002283F89C21FFF716F8EB
:10D480001F4B1B68002B05D0FEF7DEFF00F042FDAE
:10D49000FFF70CF8184B1B68FA689A4228D1184B12
:10D4A0001B68002B18D0174B1B68002B0BD04FF0BC
:10D4B000500383F31188BFF36F8FBFF34F8FBB60AF
:10D4C00000BF00BFFDE7104B4FF080521A60BFF362
:10D4D0004F8FBFF36F8F0BE0084B1A680B4B1B6825
:10D4E0009A4203D1044B00221A6001E000F092FA44
:10D4F00000BF1037BD4680BDB0370120703C012011
:10D50000903C0120AC3C012004ED00E0843C012073
:10D5100080B487B000AF786000237B617B683B619B
:10D520007B68002B0BD14FF0500383F31188BFF3BE
:10D530006F8FBFF34F8FFB6000BF00BFFDE73B69FC
:10D540005B690A4A93420AD13B699B6A084A934243
:10D5500005D03B699B6A002B01D101237B617B696C
:10D5600018461C37BD465DF8047B7047703C0120AF
:10D57000443C012080B584B000AF78607B68FB60DC
:10D580007B68002B0BD14FF0500383F31188BFF35E
:10D590006F8FBFF34F8FBB6000BF00BFFDE7214B14
:10D5A0001B68FA689A4238D0FB68002B35D0FEF72A
:10D5B0004BFFF868FFF7ACFF0346002B2BD0FB684E
:10D5C00004331846FEF7E2FDFB68DA6A164B1B6867
:10D5D0009A4203D9FB68DB6A134A1360FB68DA6A74
:10D5E00013469B0013449B00104A1A44FB68043303
:10D5F00019461046FEF76DFDFB68DA6A094B1B6899
:10D60000DB6A9A4207D30A4B4FF080521A60BFF38D
:10D610004F8FBFF36F8FFEF749FF00BF1037BD4636
:10D6200080BD00BFB03701208C3C0120B437012001
:10D6300004ED00E080B58AB004AF0023BB60002396
:10D640007B603A46391D07F108031846FEF7ECFAED
:10D6500039687B68BA680292019300230093002323
:10D660000A4625492548FFF70BFD0346244A136067
:10D67000234B1B68002B02D001237B6101E00023B8
:10D680007B617B69012B02D100F052FD78617B69DF
:10D69000012B1CD14FF0500383F31188BFF36F8F20
:10D6A000BFF34F8F3B6100BF164B1B6803F5A6739A
:10D6B000154A1360154B4FF0FF321A60144B0122CC
:10D6C0001A60144B00221A60FEF71AFE0FE07B6905
:10D6D000B3F1FF3F0BD14FF0500383F31188BFF339
:10D6E0006F8FBFF34F8FFB6000BF00BFFDE700BF30
:10D6F0001837BD4680BD00BFD8EC060899DD060886
:10D70000A83C0120B0370120DC000120A43C01200E
:10D71000903C0120883C012080B400AF044B1B6882
:10D720000133034A136000BFBD465DF8047B7047B8
:10D73000AC3C012080B584B000AF0023FB60002327
:10D74000BB60424B1B68002B0BD14FF0500383F39F
:10D750001188BFF36F8FBFF34F8F3B6000BF00BFD7
:10D76000FDE7FEF771FE394B1B68013B374A13603A
:10D77000364B1B68002B62D1354B1B68002B5ED0EB
:10D780002FE0344BDB68DB68FB60FB68183318461E
:10D79000FEF7FCFCFB6804331846FEF7F7FCFB6859
:10D7A000DA6A2D4B1B689A4203D9FB68DB6A2A4A66
:10D7B0001360FB68DA6A13469B0013449B00274AF8
:10D7C0001A44FB68043319461046FEF782FCFB68D6
:10D7D000DA6A234B1B68DB6A9A4202D3214B01228F
:10D7E0001A601C4B1B68002BCBD1FB68002B01D0AF
:10D7F00000F090FB1C4B1B687B607B68002B10D0FB
:10D8000000F046F80346002B02D0164B01221A60A6
:10D810007B68013B7B607B68002BF1D1124B0022BF
:10D820001A60104B1B68002B09D00123BB600F4B03
:10D830004FF080521A60BFF34F8FBFF36F8FFEF728
:10D8400035FEBB6818461037BD4680BDAC3C012094
:10D85000843C0120443C01208C3C0120B437012051
:10D86000B0370120983C0120943C012004ED00E0F9
:10D8700080B483B000AF054B1B687B607B681846A3
:10D880000C37BD465DF8047B704700BF883C012023
:10D8900080B586B000AF00237B61534B1B68002B23
:10D8A00040F09680514B1B6801333B614F4A3B6906
:10D8B00013603B69002B21D14D4B1B681B68002B6B
:10D8C0000BD04FF0500383F31188BFF36F8FBFF37A
:10D8D0004F8F3B6000BF00BFFDE7454B1B68FB60FF
:10D8E000444B1B68424A1360424AFB681360424B38
:10D8F0001B680133404A136000F00CFB3F4B1B6870
:10D900003A699A4249D33A4B1B681B68002B04D1F1
:10D910003A4B4FF0FF321A603FE0354B1B68DB6833
:10D92000DB68BB60BB685B687B603A697B689A4276
:10D9300003D2324A7B6813602FE0BB680433184679
:10D94000FEF724FCBB689B6A002B04D0BB6818332D
:10D950001846FEF71BFCBB68DA6A294B1B689A4223
:10D9600003D9BB68DB6A264A1360BB68DA6A1346D0
:10D970009B0013449B00234A1A44BB680433194696
:10D980001046FEF7A6FBBB68DA6A1F4B1B68DB6A12
:10D990009A42B8D301237B61B5E71B4B1B68DA6A57
:10D9A000184913469B0013449B000B441B68012B32
:10D9B00001D901237B61154B1B68002B01D1F7F7BF
:10D9C0000BFA134B1B68002B09D001237B6106E087
:10D9D0000E4B1B6801330D4A1360F7F7FDF97B69A5
:10D9E00018461837BD4680BDAC3C0120883C01205C
:10D9F0003C3C0120403C01209C3C0120A43C0120F7
:10DA00008C3C0120B4370120B0370120943C012028
:10DA1000983C012080B584B000AF334B1B68002BCD
:10DA200003D0324B01221A6059E0304B00221A60B9
:10DA30002F4B1B681A682E4B1B681B6B9A4208D829
:10DA40002B4B1A682A4B1B68343319461046F7F7DC
:10DA5000D5F9284B1B68FB6011E0FB68002B0BD14C
:10DA60004FF0500383F31188BFF36F8FBFF34F8FD5
:10DA70007B6000BF00BFFDE7FB68013BFB601E4908
:10DA8000FA6813469B0013449B000B441B68002B51
:10DA9000E3D0FA6813469B0013449B00164A1344D4
:10DAA000BB60BB685B685A68BB685A60BB685A68F1
:10DAB000BB6808339A4204D1BB685B685A68BB688C
:10DAC0005A60BB685B68DB68094A1360094AFB68F7
:10DAD0001360074B1B6803F5A673084A136000BF69
:10DAE0001037BD4680BD00BFAC3C0120983C0120F2
:10DAF000B03701208C3C0120B4370120DC0001202C
:10DB000080B584B000AF786039607B68002B0BD1A2
:10DB10004FF0500383F31188BFF36F8FBFF34F8F24
:10DB2000FB6000BF00BFFDE7074B1B6818331946B9
:10DB30007868FEF7F2FA0121386800F09FFA00BF1A
:10DB40001037BD4680BD00BFB037012080B586B01C
:10DB500000AFF860B9607A60FB68002B0BD14FF022
:10DB6000500383F31188BFF36F8FBFF34F8F7B6137
:10DB700000BF00BFFDE70A4B1B6818331946F86861
:10DB8000FEF7A7FA7B68002B02D04FF0FF33BB6093
:10DB90007968B86800F072FA00BF1837BD4680BDDA
:10DBA000B037012080B586B000AF78607B68DB6855
:10DBB000DB683B613B69002B0BD14FF0500383F3D3
:10DBC0001188BFF36F8FBFF34F8FFB6000BF00BFA3
:10DBD000FDE73B6918331846FEF7D8FA1D4B1B6862
:10DBE000002B1DD13B6904331846FEF7CFFA3B6981
:10DBF000DA6A194B1B689A4203D93B69DB6A164AF9
:10DC000013603B69DA6A13469B0013449B00134A76
:10DC10001A443B69043319461046FEF75AFA05E0E8
:10DC20003B69183319460E48FEF753FA3B69DA6A26
:10DC30000C4B1B68DB6A9A4205D901237B610A4BB6
:10DC400001221A6001E000237B617B6918461837C6
:10DC5000BD4680BDAC3C01208C3C0120B437012086
:10DC6000443C0120B0370120983C012080B483B0AF
:10DC700000AF7860064B1A687B681A60054B1A681B
:10DC80007B685A6000BF0C37BD465DF8047B704767
:10DC90009C3C0120883C012080B588B000AF7860B2
:10DCA00039607B68002B0BD14FF0500383F3118850
:10DCB000BFF36F8FBFF34F8F3B6100BF00BFFDE726
:10DCC0003B68002B0BD14FF0500383F31188BFF357
:10DCD0006F8FBFF34F8FFB6000BF00BFFDE7FEF704
:10DCE000B3FB244B1B68BB617B685B68BA69D31AC2
:10DCF0007B61214B1B6893F89E31002B07D01E4B94
:10DD00001B68002283F89E210123FB612BE03B6806
:10DD10001B68B3F1FF3F02D10023FB6123E07B6866
:10DD20001A68164B1B689A4207D07B685B68BA6911
:10DD30009A4202D30123FB6115E03B681B687A69B4
:10DD40009A420BD23B681A687B69D21A3B681A6008
:10DD50007868FFF78BFF0023FB6104E03B6800223B
:10DD60001A600123FB61FEF7A1FBFB69184620370F
:10DD7000BD4680BD883C0120B03701209C3C01207D
:10DD800080B400AF034B01221A6000BFBD465DF8AE
:10DD9000047B7047983C012080B582B000AF78606A
:10DDA00000F054F8074B1B68012B07D9064B4FF0C6
:10DDB00080521A60BFF34F8FBFF36F8FF6F7FAFFF1
:10DDC000EEE700BFB437012004ED00E080B582B07B
:10DDD00000AF00237B600CE07A6813469B0013447D
:10DDE0009B00124A13441846FEF746F97B6801333C
:10DDF0007B607B68372BEFD90D48FEF73DF90D4866
:10DE0000FEF73AF90C48FEF737F90C48FEF734F9FB
:10DE10000B48FEF731F90B4B054A1A600A4B054ACD
:10DE20001A6000BF0837BD4680BD00BFB43701206F
:10DE3000143C0120283C0120443C0120583C012096
:10DE4000703C01203C3C0120403C012080B582B068
:10DE500000AF19E0FEF7F8FA104BDB68DB687B6077
:10DE60007B6804331846FEF791F90D4B1B68013BA4
:10DE70000B4A13600B4B1B68013B0A4A1360FEF709
:10DE800015FB786800F010F8064B1B68002BE1D1F9
:10DE900000BF00BF0837BD4680BD00BF583C012011
:10DEA000843C01206C3C012080B584B000AF7860D8
:10DEB0007B6803F5A673184600F0F0FD7B6893F8C5
:10DEC0009D31002B08D17B681B6B1846FDF7B4FF12
:10DED0007868FDF7B1FF19E07B6893F89D31012B5D
:10DEE00003D17868FDF7A8FF10E07B6893F89D31B7
:10DEF000022B0BD04FF0500383F31188BFF36F8FC9
:10DF0000BFF34F8FFB6000BF00BFFDE700BF1037BE
:10DF1000BD4680BD80B483B000AF0C4B1B681B684E
:10DF2000002B04D10A4B4FF0FF321A6008E0074B78
:10DF30001B68DB68DB687B607B685B68044A136096
:10DF400000BF0C37BD465DF8047B70473C3C0120A8
:10DF5000A43C012080B483B000AF0B4B1B68002BA6
:10DF600002D101237B6008E0084B1B68002B02D123
:10DF700002237B6001E000237B607B6818460C373E
:10DF8000BD465DF8047B7047903C0120AC3C01200D
:10DF900080B586B000AF78607B683B6100237B6111
:10DFA0007B68002B5ED0324B1B683A699A420BD0DB
:10DFB0004FF0500383F31188BFF36F8FBFF34F8F80
:10DFC000FB6000BF00BFFDE73B69D3F84431002B85
:10DFD0000BD14FF0500383F31188BFF36F8FBFF362
:10DFE0004F8FBB6000BF00BFFDE73B69D3F84431F2
:10DFF0005A1E3B69C3F844213B69DA6A3B69D3F88E
:10E0000040319A422ED03B69D3F84431002B29D1BC
:10E010003B6904331846FEF7B9F83B69D3F8402151
:10E020003B69DA623B69DB6AC3F138023B699A619A
:10E030003B69DA6A0F4B1B689A4203D93B69DB6A7A
:10E040000C4A13603B69DA6A13469B0013449B0039
:10E05000094A1A443B69043319461046FEF739F859
:10E0600001237B617B6918461837BD4680BD00BF20
:10E07000B03701208C3C0120B437012080B584B03A
:10E0800000AF78603960244B1B68FB60234B1B6832
:10E09000002283F89E21214B1B6804331846FEF7AB
:10E0A00075F87B68B3F1FF3F0AD13B68002B07D0BE
:10E0B0001A4B1B68043319461948FEF70AF826E084
:10E0C000FA687B681344BB60144B1B68BA685A60DB
:10E0D000BA68FB689A4209D2124B1A680F4B1B6848
:10E0E000043319461046FEF718F810E00E4B1A6874
:10E0F0000A4B1B68043319461046FEF70EF80B4B0B
:10E100001B68BA689A4202D2084ABB68136000BF13
:10E110001037BD4680BD00BF883C0120B0370120CC
:10E12000703C0120403C01203C3C0120A43C0120EB
:10E1300080B58AB004AF00237B6100F0B1FB1D4BBA
:10E140001B68002B21D00023FB600023BB603A1D1D
:10E1500007F1080107F10C031846FDF77FFD796808
:10E16000BB68FA68029201933723009300230A46A2
:10E1700011491248FEF784FF0346114A1360104B01
:10E180001B68002B01D001237B617B69002B0BD125
:10E190004FF0500383F31188BFF36F8FBFF34F8F9E
:10E1A0003B6100BF00BFFDE77B6918461837BD46DD
:10E1B00080BD00BFE03C0120E0EC060839E4060821
:10E1C000E43C012080B588B002AFF860B9607A60A5
:10E1D0003B602C20FDF75CFD78617B69002B0DD046
:10E1E0007B69002283F828207B6901933B6A0093B6
:10E1F0003B687A68B968F86800F045F87B691846AA
:10E200001837BD4680BD80B58AB002AFF860B960EE
:10E210007A603B602C233B613B692C2B0BD04FF089
:10E22000500383F31188BFF36F8FBFF34F8FBB6130
:10E2300000BF00BFFDE73B69FB6A002B0BD14FF02D
:10E24000500383F31188BFF36F8FBFF34F8F7B6150
:10E2500000BF00BFFDE7FB6AFB61FB69002B0DD02F
:10E26000FB69022283F82820FB690193BB6A0093B3
:10E270003B687A68B968F86800F005F8FB691846E9
:10E280002037BD4680BD80B586B000AFF860B9606C
:10E290007A603B60BB68002B0BD14FF0500383F3D7
:10E2A0001188BFF36F8FBFF34F8F7B6100BF00BF3B
:10E2B000FDE77B6A002B1ED000F0F2FA7B6AFA6859
:10E2C0001A607B6ABA689A617B6A3A68DA617B6A2B
:10E2D0003A6A1A627B6A04331846FDF7EDFE7B68E2
:10E2E000002B08D07B6A93F8283043F00403DAB29D
:10E2F0007B6A83F8282000BF1837BD4680BD000028
:10E3000080B58AB000AFF860B9607A603B600023E6
:10E310007B62FB68002B0BD14FF0500383F3118815
:10E32000BFF36F8FBFF34F8F3B6200BF00BFFDE7AE
:10E33000194B1B68002B2AD0BB683B617B687B6153
:10E34000FB68BB61BB68052B18DCFFF703FE0346C7
:10E35000022B09D1104B186807F1100100233A6B0A
:10E36000FEF79EFA786212E00B4B186807F1100175
:10E3700000230022FEF794FA786208E0064B186842
:10E3800007F1100100233A68FEF78CFB78627B6A84
:10E3900018462837BD4680BDE03C012080B588B0D6
:10E3A00002AF78603960234B1B68DB68DB687B61F8
:10E3B0007B6904331846FDF7E9FE7B6993F8283042
:10E3C00003F00403002B23D07B699A697B68D11882
:10E3D0007B683A68786900F0D5F80346002B20D0B6
:10E3E0000023009300237A6800217869FFF788FFF3
:10E3F00038613B69002B14D14FF0500383F311882F
:10E40000BFF36F8FBFF34F8FFB6000BF00BFFDE70F
:10E410007B6993F8283023F00103DAB27B6983F833
:10E4200028207B691B6A7869984700BF1837BD466A
:10E4300080BD00BFD83C012080B584B000AF7860BB
:10E4400007F10803184600F059F8F860BB68194650
:10E45000F86800F005F800F0D7F800BFF0E700001A
:10E4600080B584B000AF78603960FFF755F907F1E7
:10E470000803184600F066F8F860BB68002B30D13E
:10E480003B68002B0AD17A68FB689A4206D8FFF7EE
:10E4900051F9F9687868FFF781FF24E03B68002BA9
:10E4A00008D0134B1B681B68002B01D1012300E02F
:10E4B00000233B600F4B18687A68FB68D31A3A68F0
:10E4C0001946FEF7A9FDFFF735F90346002B0AD1DF
:10E4D000094B4FF080521A60BFF34F8FBFF36F8F1D
:10E4E00001E0FFF727F900BF1037BD4680BD00BF30
:10E4F000DC3C0120E03C012004ED00E080B485B06C
:10E5000000AF78600E4B1B681B68002B01D1012205
:10E5100000E000227B681A607B681B68002B05D135
:10E52000074B1B68DB681B68FB6001E00023FB6096
:10E53000FB6818461437BD465DF8047B704700BF82
:10E54000D83C012080B584B000AF7860FFF790F927
:10E55000F8600B4B1B68FA689A4205D200F03AF952
:10E560007B6801221A6002E07B6800221A60044A7C
:10E57000FB681360FB6818461037BD4680BD00BFBE
:10E58000E83C012080B586B000AFF860B9607A60E1
:10E590003B6000237B61FB68BA685A60FB68FA68DD
:10E5A0001A61BA687B689A4212D87A683B68D21AB4
:10E5B000FB689B699A4202D301237B611BE0104BED
:10E5C0001A68FB68043319461046FDF7A6FD12E0F1
:10E5D0007A683B689A4206D2BA683B689A4202D38C
:10E5E00001237B6107E0074B1A68FB680433194677
:10E5F0001046FDF792FD7B6918461837BD4680BD71
:10E60000DC3C0120D83C012080B58EB002AFCEE0CA
:10E610007B68002B19DA3B1D0433FB62FB6A002B7D
:10E620000BD14FF0500383F31188BFF36F8FBFF30B
:10E630004F8FFB6100BF00BFFDE7FB6A1B68FA6AF2
:10E640005068FA6A9268114698477B68002BC0F2BE
:10E65000AE80FB68BB62BB6A5B69002B04D0BB6AFF
:10E6600004331846FDF792FD3B461846FFF76AFF54
:10E6700078627B68092B00F2978001A252F823F0A0
:10E68000A9E60608A9E60608A9E606081FE706089F
:10E6900033E706087FE70608A9E60608A9E60608A4
:10E6A0001FE7060833E70608BB6A93F8283043F0F3
:10E6B0000103DAB2BB6A83F82820BA68BB6A9B6997
:10E6C000D118BB687A6AB86AFFF75CFF0346002B73
:10E6D0006CD0BB6A1B6AB86A9847BB6A93F828304B
:10E6E00003F00403002B61D0BA68BB6A9B691A442B
:10E6F0000023009300230021B86AFFF701FE38626F
:10E700003B6A002B52D14FF0500383F31188BFF3C3
:10E710006F8FBFF34F8FBB6100BF00BFFDE7BB6AC8
:10E7200093F8283023F00103DAB2BB6A83F828207B
:10E730003DE0BB6A93F8283043F00103DAB2BB6ACC
:10E7400083F82820BA68BB6A9A61BB6A9B69002B70
:10E750000BD14FF0500383F31188BFF36F8FBFF3DA
:10E760004F8F7B6100BF00BFFDE7BB6A9A697B6A80
:10E77000D1187B6A7A6AB86AFFF704FF17E0BB6AB0
:10E7800093F8283003F00203002B03D1B86AFDF799
:10E7900053FB0CE0BB6A93F8283023F00103DAB294
:10E7A000BB6A83F8282002E000BF00E000BF084BEE
:10E7B0001B68391D00221846FEF712FA0346002B8B
:10E7C0007FF426AF00BF00BF3037BD4680BD00BF1D
:10E7D000E03C012080B588B002AF49E02E4B1B68B9
:10E7E000DB681B683B612C4B1B68DB68DB68FB60EC
:10E7F000FB6804331846FDF7C9FCFB681B6AF86820
:10E800009847FB6893F8283003F00403002B2FD0BF
:10E81000FB689B693A691344BB60BA683B699A42DA
:10E820000ED9FB68BA685A60FB68FA681A611A4B1D
:10E830001A68FB68043319461046FDF76EFC17E0B2
:10E840000023009300233A690021F868FFF758FD80
:10E8500078607B68002B0BD14FF0500383F3118855
:10E86000BFF36F8FBFF34F8F3B6000BF00BFFDE76B
:10E87000094B1B681B68002BB0D1074B1B687B61E1
:10E88000064B1B68044A1360044A7B69136000BF8F
:10E890001837BD4680BD00BFD83C0120DC3C0120BC
:10E8A00080B582B002AFFDF7CFFD154B1B68002B82
:10E8B00020D11448FDF7E0FB1348FDF7DDFB134BB7
:10E8C000104A1A60124B104A1A6000230093114B31
:10E8D000114A10210520FDF743FF0346084A136043
:10E8E000074B1B68002B05D0054B1B680B491846CE
:10E8F000FEF768FBFDF7DAFD00BFBD4680BD00BF37
:10E90000E03C0120B03C0120C43C0120D83C012067
:10E91000DC3C01203C3D0120EC3C0120E8EC0608F9
:10E9200080B586B000AF78607B687B617B68002B28
:10E930000BD14FF0500383F31188BFF36F8FBFF3F8
:10E940004F8FFB6000BF00BFFDE7FDF77DFD7B69DA
:10E95000DB693B61FDF7AAFD3B6918461837BD46E8
:10E9600080BD0A22002100F087B800000148F7F7B7
:10E970006ABB00BFC40801200148F7F779BB00BF9C
:10E98000C4080120242B2DE9F0478646904601D883
:10E99000012B06D100F0E0F8162303600020BDE84B
:10E9A000F08734480D462A4615F8014B065D16F0EF
:10E9B0000806F8D12D2C10D12C780126951C33F0A7
:10E9C000100215D1302C0DD12A7802F0DF02582A1E
:10E9D00008D16C78023510230AE02B2C04BF2C7868
:10E9E000951CECE7002BF6D1302C14BF0A2308232A
:10E9F00006F1004C0CF1FF3C0022BCFBF3F9104681
:10EA000003FB19CAA4F13007092F0FD83C46A342D3
:10EA10001BDD571C07D0814514D301D1A24511DB62
:10EA200000FB0340012215F8014BEBE7A4F141077D
:10EA3000192F01D8373CEAE7A4F16107192F04D850
:10EA4000573CE4E74FF0FF32EDE7531C08D1222397
:10EA5000CEF800306046B8F1000FA0D0691E06E085
:10EA600006B14042B8F1000F99D0002AF6D1C8F89B
:10EA7000001094E7C9ED060813460A46014602480D
:10EA80000068FFF77FBF00BFDC000120024403469F
:10EA9000934200D1704703F8011BF9E72D4B1B6827
:10EAA000834270B5044653D0C3691BB3DB6863B1BE
:10EAB0000025E369DB685959B1B90435802DF8D1D7
:10EAC000E3692046D96800F07FF8E369196811B15D
:10EAD000204600F079F8E3699D685DB1294620463B
:10EAE0002D6800F071F8F8E70E68204600F06CF829
:10EAF0003146E1E7616911B1204600F065F8E1694E
:10EB000011B1204600F060F8216B11B1204600F0F1
:10EB10005BF8616B11B1204600F056F8A16B11B1A2
:10EB2000204600F051F8A16C11B1204600F04CF8DD
:10EB3000616C11B1204600F047F8E16A11B120463E
:10EB400000F042F8236A1BB12046BDE87040184728
:10EB500070BD00BFDC000120014B1868704700BF8A
:10EB6000DC00012070B50D4D0D4C641BA410002677
:10EB7000A64209D10B4D0C4C00F070F8641BA41098
:10EB80000026A64205D170BD55F8043B98470136D2
:10EB9000EEE755F8043B98470136F2E7D4EE060855
:10EBA000D4EE0608D4EE0608D8EE06080A449142D0
:10EBB00000F1FF3300D1704710B511F8014B03F895
:10EBC000014F9142F9D110BD38B50546002941D019
:10EBD00051F8043C0C1F002BB8BFE418FFF7C6FE29
:10EBE0001D4A136833B9636014602846BDE8384095
:10EBF000FFF7C2BEA34208D9206821188B4201BF8B
:10EC000019685B6809182160EDE71A465B680BB16B
:10EC1000A342FAD911685018A0420BD120680144D0
:10EC2000501883421160E0D118685B685360084453
:10EC30001060DAE702D90C232B60D6E72068211890
:10EC40008B4204BF19685B68636004BF09182160C8
:10EC50005460CAE738BD00BF8C3D0120F8B500BF45
:10EC6000F8BC08BC9E467047F8B500BFF8BC08BCAD
:04EC70009E46704705
:10EC7400514D5F4150504C5F4F535F5441534B00D3
:10EC8400514D5F4253575F4F535F5441534B000004
:10EC9400514D5F4E564D5F4F535F5441534B0000EF
:10ECA400514D5F444941475F4F535F5441534B00BB
:10ECB400416C61726D356D7300000000416C6172CE
:10ECC4006D31306D73000000416C61726D31303014
:10ECD4006D73000049444C4500000000546D7220DF
:10ECE40053766300546D72510000000074EC060802
:10ECF4000000000000000000000000000000000010
:10ED040000080000300000000000000000000000C7
:10ED140084EC060800000000000000000000000071
:10ED240000000000000800003100000000000000A6
:10ED34000000000094EC0608000000000000000041
:10ED44000000000000000000000400002F0000008C
:10ED54000000000000000000A4EC06080000000011
:10ED64000000000000000000000000000008000097
:10ED7400330000000000000000000000B4EC0608AE
:10ED8400000000000000000000000000C0EC0608C5
:10ED9400000000000000000000000000CCEC0608A9
:10EDA400000000000000000000000000000000005F
:10EDB4000000000001020304060708090000000027
:10EDC40001020304002020202020202020202828C5
:10EDD4002828282020202020202020202020202017
:10EDE4002020202020881010101010101010101057
:10EDF4001010101010040404040404040404041087
:10EE04001010101010104141414141410101010114
:10EE140001010101010101010101010101010101DE
:10EE240010101010101042424242424202020202EA
:10EE340002020202020202020202020202020202AE
:10EE4400101010102000000000000000000000005E
:10EE540000000000000000000000000000000000AE
:10EE6400000000000000000000000000000000009E
:10EE7400000000000000000000000000000000008E
:10EE8400000000000000000000000000000000007E
:10EE9400000000000000000000000000000000006E
:10EEA400000000000000000000000000000000005E
:10EEB400000000000000000000000000000000004E
:08EEC400000000000000000046
:08EECC004413FF7F0100000068
:04EED400C501060866
:04EED800A101060886
:10EEDC0078051405B0044C04E8032003BC02580266
:10EEEC00F40190012C01C800050F1E2832FDFF0013
:10EEFC00FD00000000000000000000000000000009
:10EF0C0000000000FD0000000000000000000000F8
:10EF1C000000000000000000FD00000000000000E8
:10EF2C00FD00000000000000FD00000000000000DB
:10EF3C000000000000000000D007FF00201E1E1E75
:10EF4C006D2D0608792E0608852F06088D300608CB
:10EF5C00953106088D320608993306080100000029
:10EF6C00640000000100000014000000FF0000001D
:10EF7C0005000000190000000F0000000500000053
:10EF8C00000000000200000002000000020000006F
:10EF9C00020000004B000000040000000024F400FC
:10EFAC001000000001000000AAAAAAAAE00001209B
:10EFBC0000000000903D0120F83D0120603E012042
:10EFCC000000000000000000000000000000000035
:10EFDC000000000000000000000000000000000025
:10EFEC000000000000000000000000000000000015
:0CEFFC0000000000000000000000000009
:020000042001D9
:10FDA800000000000000000000000000000000004B
:10FDB800000000000000000000000000000000003B
:0CFDC8000000000000000000000000002F
:0400000508065F3951
:00000001FF
